A,-0.00000,0.00000,0.00000,0.17817,-0.13925,-0.06072,0.33758,-0.41126,-0.07964,0.39518,-0.71692,-0.09448,0.37794,-0.92583,-0.08991,0.25015,-0.65495,-0.00813,0.28026,-0.84513,-0.07399,0.23524,-0.62144,-0.09919,0.20443,-0.47781,-0.10686,0.14038,-0.67956,-0.00395,0.18426,-0.89996,-0.09083,0.14450,-0.60130,-0.11154,0.12378,-0.45134,-0.10451,0.03386,-0.69098,-0.01294,0.07978,-0.89503,-0.10405,0.06437,-0.59023,-0.08449,0.05612,-0.42672,-0.04649,-0.06811,-0.66566,-0.02724,-0.02563,-0.82785,-0.09578,-0.01985,-0.61615,-0.08470,-0.02546,-0.48920,-0.05863
A,-0.00000,0.00000,0.00000,0.17432,-0.13122,-0.06210,0.33167,-0.41536,-0.08083,0.38899,-0.72169,-0.09438,0.37198,-0.92824,-0.08835,0.24449,-0.65146,-0.01627,0.28009,-0.84120,-0.08108,0.23367,-0.61123,-0.10243,0.20060,-0.47660,-0.10796,0.13523,-0.67489,-0.01117,0.18118,-0.89138,-0.09720,0.14053,-0.58590,-0.11377,0.12070,-0.44421,-0.10435,0.02901,-0.68687,-0.01880,0.07484,-0.89211,-0.10821,0.05848,-0.58282,-0.08589,0.04947,-0.42735,-0.04705,-0.07153,-0.66277,-0.03180,-0.03117,-0.82767,-0.09884,-0.02710,-0.61172,-0.08669,-0.03413,-0.48728,-0.06053
A,-0.00000,0.00000,0.00000,0.17032,-0.11991,-0.06627,0.33186,-0.40680,-0.08813,0.38754,-0.72005,-0.10470,0.37173,-0.92834,-0.10229,0.24046,-0.64179,-0.02457,0.27627,-0.84776,-0.09751,0.22971,-0.61590,-0.12398,0.19436,-0.47056,-0.13158,0.12799,-0.66556,-0.01990,0.17654,-0.89389,-0.11392,0.13586,-0.59010,-0.13388,0.11425,-0.43953,-0.12503,0.02056,-0.68265,-0.02898,0.07082,-0.89744,-0.12696,0.05288,-0.58659,-0.10721,0.04155,-0.42588,-0.06799,-0.07903,-0.66290,-0.04368,-0.03831,-0.84019,-0.11924,-0.03417,-0.62022,-0.10983,-0.04240,-0.48649,-0.08384
A,-0.00000,0.00000,0.00000,0.17694,-0.12601,-0.06619,0.34023,-0.40348,-0.08460,0.39891,-0.71541,-0.09744,0.38155,-0.92435,-0.09038,0.25851,-0.65308,-0.01195,0.28566,-0.84768,-0.08102,0.23691,-0.61629,-0.10668,0.20409,-0.47397,-0.11386,0.14634,-0.68142,-0.00577,0.18546,-0.90103,-0.09625,0.14259,-0.59322,-0.11690,0.12227,-0.44531,-0.10830,0.03753,-0.69335,-0.01346,0.07695,-0.89612,-0.10978,0.06021,-0.58435,-0.08820,0.05407,-0.42366,-0.04670,-0.06695,-0.66543,-0.02670,-0.03443,-0.84132,-0.09839,-0.02842,-0.62068,-0.08429,-0.03015,-0.48884,-0.05459
A,-0.00000,0.00000,0.00000,0.17213,-0.12960,-0.06592,0.33348,-0.41427,-0.08799,0.39144,-0.72320,-0.10480,0.37081,-0.92871,-0.10212,0.24171,-0.67082,-0.02009,0.27969,-0.85492,-0.09171,0.23283,-0.61804,-0.11753,0.19636,-0.48159,-0.12536,0.13018,-0.69194,-0.01551,0.17709,-0.90432,-0.10885,0.13667,-0.58991,-0.12720,0.11516,-0.44660,-0.11737,0.02096,-0.69911,-0.02460,0.06685,-0.90164,-0.12189,0.05191,-0.58308,-0.09843,0.04359,-0.42622,-0.05654,-0.08171,-0.66624,-0.03934,-0.04414,-0.84385,-0.11279,-0.03724,-0.61825,-0.09910,-0.04174,-0.48666,-0.06980
A,-0.00000,0.00000,0.00000,0.17085,-0.12911,-0.06174,0.33050,-0.41496,-0.08128,0.38599,-0.72235,-0.09665,0.37038,-0.92888,-0.09295,0.24079,-0.66450,-0.01786,0.27589,-0.85992,-0.08754,0.22920,-0.62891,-0.11388,0.19493,-0.48262,-0.12205,0.12993,-0.68407,-0.01482,0.17559,-0.90551,-0.10387,0.13456,-0.60097,-0.12228,0.11322,-0.44912,-0.11377,0.02201,-0.69460,-0.02524,0.06613,-0.90910,-0.11599,0.04904,-0.60072,-0.09420,0.03987,-0.43691,-0.05543,-0.07945,-0.66742,-0.04158,-0.03979,-0.84164,-0.11008,-0.03652,-0.62898,-0.09874,-0.04472,-0.50038,-0.07284
A,-0.00000,0.00000,0.00000,0.16836,-0.13530,-0.05862,0.32356,-0.41520,-0.07593,0.37544,-0.72105,-0.09011,0.36592,-0.93065,-0.08635,0.23475,-0.65475,-0.00880,0.27173,-0.85507,-0.07405,0.22751,-0.62756,-0.10216,0.19197,-0.48044,-0.11296,0.12402,-0.67617,-0.00618,0.17298,-0.90399,-0.09172,0.13351,-0.60691,-0.11347,0.11048,-0.44882,-0.10852,0.01725,-0.68963,-0.01706,0.06418,-0.91258,-0.10540,0.04628,-0.61322,-0.09006,0.03481,-0.44525,-0.05660,-0.08188,-0.66915,-0.03370,-0.04014,-0.84064,-0.10171,-0.03722,-0.63307,-0.09540,-0.04742,-0.49969,-0.07398
A,-0.00000,0.00000,0.00000,0.17145,-0.13655,-0.06216,0.32950,-0.41821,-0.08213,0.38425,-0.72206,-0.09746,0.36977,-0.92912,-0.09383,0.23918,-0.66535,-0.01659,0.27923,-0.85732,-0.08320,0.23321,-0.62804,-0.10962,0.19863,-0.48293,-0.11884,0.12919,-0.68600,-0.01275,0.17838,-0.90439,-0.09923,0.13844,-0.60127,-0.11863,0.11708,-0.44951,-0.11180,0.02210,-0.69572,-0.02210,0.06883,-0.90743,-0.11012,0.05249,-0.60607,-0.08975,0.04312,-0.44384,-0.05303,-0.07813,-0.66771,-0.03746,-0.03733,-0.83925,-0.10469,-0.03350,-0.62916,-0.09419,-0.04134,-0.50005,-0.06942
A,-0.00000,0.00000,0.00000,0.17068,-0.12852,-0.05944,0.32974,-0.41233,-0.07771,0.38395,-0.71899,-0.09274,0.37226,-0.92813,-0.08938,0.24032,-0.66766,-0.01177,0.27929,-0.85688,-0.08095,0.23320,-0.62865,-0.11047,0.19749,-0.48273,-0.12146,0.12977,-0.68700,-0.00956,0.17897,-0.90732,-0.09843,0.13742,-0.60497,-0.11914,0.11404,-0.44974,-0.11244,0.02123,-0.69762,-0.02099,0.06747,-0.91407,-0.11082,0.05026,-0.60881,-0.09197,0.03967,-0.44230,-0.05569,-0.08084,-0.67269,-0.03844,-0.03725,-0.83546,-0.10651,-0.03340,-0.62717,-0.09820,-0.04339,-0.49964,-0.07496
A,-0.00000,0.00000,0.00000,0.17306,-0.12468,-0.06546,0.33403,-0.40930,-0.08680,0.39060,-0.71722,-0.10331,0.37542,-0.92685,-0.10068,0.24585,-0.66300,-0.02115,0.28247,-0.86018,-0.09010,0.23457,-0.63032,-0.11615,0.19910,-0.48508,-0.12456,0.13393,-0.68540,-0.01665,0.18048,-0.90477,-0.10496,0.13973,-0.60132,-0.12269,0.11811,-0.44913,-0.11399,0.02531,-0.69625,-0.02590,0.06845,-0.90837,-0.11688,0.05194,-0.60358,-0.09515,0.04276,-0.44013,-0.05654,-0.07719,-0.66907,-0.04147,-0.03842,-0.83750,-0.11072,-0.03410,-0.62643,-0.10003,-0.04097,-0.49832,-0.07468
A,-0.00000,0.00000,0.00000,0.17408,-0.12660,-0.05920,0.33563,-0.41318,-0.07697,0.39328,-0.71966,-0.09176,0.37818,-0.92573,-0.08816,0.24561,-0.65793,-0.01035,0.28452,-0.86141,-0.07557,0.23819,-0.63822,-0.10214,0.20419,-0.48653,-0.11130,0.13545,-0.68184,-0.00758,0.18385,-0.90701,-0.09200,0.14204,-0.61362,-0.11117,0.11999,-0.45409,-0.10426,0.02849,-0.69471,-0.01834,0.07396,-0.91237,-0.10543,0.05436,-0.61475,-0.08684,0.04331,-0.44281,-0.05126,-0.07308,-0.66959,-0.03508,-0.03108,-0.83507,-0.10322,-0.02916,-0.63158,-0.09553,-0.03828,-0.49863,-0.07285
A,-0.00000,0.00000,0.00000,0.17483,-0.12176,-0.06415,0.33677,-0.40999,-0.08529,0.39498,-0.71980,-0.10141,0.37672,-0.92633,-0.09815,0.24670,-0.66192,-0.02033,0.28811,-0.85237,-0.08911,0.23942,-0.61966,-0.11343,0.20183,-0.48406,-0.12074,0.13746,-0.68643,-0.01608,0.18638,-0.89977,-0.10353,0.14371,-0.59298,-0.11827,0.12152,-0.45241,-0.10741,0.03038,-0.69824,-0.02544,0.07798,-0.90623,-0.11582,0.05882,-0.59558,-0.09089,0.04825,-0.43877,-0.05028,-0.07125,-0.67101,-0.04076,-0.02782,-0.84074,-0.10934,-0.02701,-0.62435,-0.09645,-0.03668,-0.49769,-0.06932
A,-0.00000,0.00000,0.00000,0.18080,-0.12944,-0.06065,0.34266,-0.40864,-0.07788,0.40373,-0.71136,-0.09082,0.38781,-0.92174,-0.08459,0.26143,-0.66521,-0.01025,0.29863,-0.84991,-0.07834,0.24779,-0.61825,-0.10201,0.21189,-0.48602,-0.10833,0.15327,-0.69682,-0.00716,0.19884,-0.90516,-0.09455,0.15376,-0.59827,-0.10956,0.13049,-0.46114,-0.09779,0.04606,-0.70813,-0.01772,0.09258,-0.90412,-0.10983,0.07273,-0.59004,-0.08394,0.06271,-0.43736,-0.04110,-0.05768,-0.67675,-0.03365,-0.01405,-0.83986,-0.10217,-0.01210,-0.61757,-0.08647,-0.01972,-0.49393,-0.05655
A,-0.00000,0.00000,0.00000,0.17632,-0.12393,-0.06386,0.33716,-0.41093,-0.08301,0.39683,-0.71731,-0.09704,0.38119,-0.92450,-0.09195,0.25040,-0.65996,-0.01831,0.29007,-0.85070,-0.08338,0.24000,-0.62372,-0.10583,0.20435,-0.48453,-0.11219,0.14145,-0.68615,-0.01318,0.18945,-0.90016,-0.09771,0.14593,-0.59865,-0.11328,0.12515,-0.45401,-0.10357,0.03403,-0.69886,-0.02127,0.07933,-0.90379,-0.10872,0.06008,-0.59899,-0.08578,0.05181,-0.44134,-0.04710,-0.06674,-0.67424,-0.03534,-0.02554,-0.83806,-0.10216,-0.02476,-0.62566,-0.09060,-0.03247,-0.49987,-0.06500
A,-0.00000,0.00000,0.00000,0.17428,-0.13792,-0.05830,0.33336,-0.41565,-0.07534,0.39287,-0.71890,-0.08889,0.37917,-0.92533,-0.08384,0.24795,-0.64545,-0.00908,0.28847,-0.85356,-0.07046,0.23805,-0.63421,-0.09318,0.20297,-0.49041,-0.10026,0.13787,-0.67023,-0.00569,0.18822,-0.89361,-0.08712,0.14352,-0.60264,-0.10587,0.12291,-0.45081,-0.09967,0.03249,-0.68447,-0.01527,0.07899,-0.90207,-0.10045,0.05783,-0.60671,-0.08302,0.04895,-0.44216,-0.04887,-0.06437,-0.66369,-0.03040,-0.02361,-0.83084,-0.09765,-0.02331,-0.62596,-0.09042,-0.03100,-0.49449,-0.06844
A,-0.00000,0.00000,0.00000,0.17386,-0.13528,-0.05846,0.33331,-0.41236,-0.07451,0.38892,-0.71847,-0.08743,0.37603,-0.92661,-0.08169,0.24587,-0.65652,-0.00234,0.28457,-0.85320,-0.06692,0.23640,-0.62815,-0.09429,0.20168,-0.48175,-0.10438,0.13418,-0.68132,0.00069,0.18410,-0.90192,-0.08418,0.14281,-0.60279,-0.10566,0.12182,-0.44715,-0.10029,0.02696,-0.69426,-0.01012,0.07365,-0.90563,-0.09846,0.05555,-0.60577,-0.08145,0.04631,-0.43815,-0.04645,-0.07276,-0.66930,-0.02672,-0.03112,-0.82869,-0.09509,-0.02910,-0.62138,-0.08778,-0.03830,-0.49043,-0.06512
A,-0.00000,0.00000,0.00000,0.17761,-0.13284,-0.06048,0.33562,-0.41458,-0.07959,0.39354,-0.71821,-0.09439,0.37865,-0.92554,-0.09068,0.24855,-0.65098,-0.01532,0.28603,-0.84924,-0.07746,0.23941,-0.62534,-0.09849,0.20499,-0.48647,-0.10438,0.13930,-0.67564,-0.01149,0.18541,-0.89349,-0.09309,0.14569,-0.59835,-0.10889,0.12575,-0.45250,-0.10037,0.03362,-0.68785,-0.02025,0.07764,-0.89755,-0.10536,0.06091,-0.59714,-0.08265,0.05238,-0.43631,-0.04495,-0.06580,-0.66293,-0.03461,-0.02688,-0.83157,-0.09962,-0.02384,-0.62106,-0.08704,-0.03069,-0.49247,-0.06129
A,-0.00000,0.00000,0.00000,0.17567,-0.14118,-0.05670,0.33234,-0.41856,-0.07425,0.38995,-0.71967,-0.08858,0.37653,-0.92640,-0.08464,0.24656,-0.64612,-0.00979,0.28614,-0.84749,-0.07261,0.23663,-0.62973,-0.09655,0.20130,-0.48621,-0.10408,0.13770,-0.67048,-0.00714,0.18557,-0.89295,-0.08842,0.14207,-0.60222,-0.10638,0.12108,-0.45171,-0.09974,0.03293,-0.68543,-0.01717,0.07817,-0.89775,-0.10085,0.05771,-0.60230,-0.08106,0.04812,-0.43714,-0.04564,-0.06466,-0.66484,-0.03275,-0.02272,-0.83008,-0.09635,-0.02288,-0.62571,-0.08573,-0.03163,-0.49669,-0.06180
A,-0.00000,0.00000,0.00000,0.17255,-0.14079,-0.05601,0.33102,-0.41685,-0.07245,0.38611,-0.72083,-0.08628,0.37551,-0.92682,-0.08224,0.23881,-0.64345,-0.00577,0.27857,-0.84589,-0.06643,0.23362,-0.62674,-0.09247,0.19883,-0.48396,-0.10322,0.12934,-0.66784,-0.00410,0.18050,-0.89403,-0.08592,0.14130,-0.60333,-0.10727,0.11922,-0.44841,-0.10361,0.02518,-0.68371,-0.01521,0.07268,-0.90511,-0.10098,0.05542,-0.61011,-0.08507,0.04535,-0.43959,-0.05240,-0.07115,-0.66422,-0.03192,-0.02860,-0.82751,-0.09910,-0.02374,-0.62294,-0.09197,-0.03149,-0.48823,-0.07063
A,-0.00000,0.00000,0.00000,0.16980,-0.14139,-0.05933,0.32605,-0.41287,-0.08196,0.37833,-0.71751,-0.10208,0.36872,-0.92954,-0.10533,0.23576,-0.65353,-0.01537,0.27501,-0.85619,-0.08084,0.23092,-0.63865,-0.10954,0.19848,-0.49211,-0.12122,0.12632,-0.67264,-0.01440,0.17890,-0.90121,-0.09975,0.13829,-0.61473,-0.12218,0.11592,-0.45471,-0.11913,0.02119,-0.68227,-0.02655,0.07356,-0.90918,-0.11501,0.05322,-0.61835,-0.10124,0.04109,-0.44414,-0.06996,-0.07726,-0.65530,-0.04442,-0.02756,-0.82960,-0.11331,-0.02439,-0.63075,-0.10796,-0.03381,-0.49242,-0.08807
A,-0.00000,0.00000,0.00000,0.17686,-0.14329,-0.05412,0.33629,-0.41591,-0.07354,0.39223,-0.71782,-0.09134,0.38036,-0.92484,-0.09157,0.24568,-0.64085,-0.00863,0.28537,-0.85171,-0.07112,0.23764,-0.64021,-0.09689,0.20332,-0.48660,-0.10593,0.13711,-0.66290,-0.00845,0.18724,-0.89410,-0.09016,0.14517,-0.61375,-0.11062,0.12340,-0.45094,-0.10611,0.03438,-0.67751,-0.02072,0.08254,-0.89850,-0.10469,0.06146,-0.61156,-0.08757,0.04975,-0.43547,-0.05411,-0.06152,-0.65650,-0.03848,-0.01693,-0.82384,-0.10272,-0.01668,-0.62802,-0.09409,-0.02682,-0.49305,-0.07193
A,-0.00000,0.00000,0.00000,0.18064,-0.13829,-0.05743,0.34269,-0.40629,-0.07759,0.40428,-0.71187,-0.09569,0.38840,-0.92149,-0.09628,0.25835,-0.64526,-0.00538,0.29799,-0.84921,-0.06782,0.24668,-0.64002,-0.09326,0.21046,-0.48732,-0.10161,0.14909,-0.67439,-0.00348,0.19612,-0.90004,-0.08435,0.14999,-0.61756,-0.10482,0.12775,-0.45617,-0.09975,0.04469,-0.69150,-0.01457,0.09021,-0.90358,-0.09922,0.06605,-0.61244,-0.08207,0.05469,-0.43676,-0.04783,-0.05414,-0.67090,-0.03123,-0.00921,-0.83632,-0.09605,-0.01196,-0.63673,-0.08670,-0.02202,-0.50252,-0.06340
A,-0.00000,0.00000,0.00000,0.18124,-0.14006,-0.05755,0.33885,-0.41020,-0.07761,0.39990,-0.70916,-0.09591,0.38812,-0.92161,-0.09678,0.25605,-0.64381,-0.00591,0.29408,-0.84470,-0.07024,0.24275,-0.63195,-0.09691,0.20682,-0.48184,-0.10574,0.14805,-0.67294,-0.00484,0.19472,-0.89566,-0.08703,0.14943,-0.61238,-0.10722,0.12694,-0.45513,-0.10150,0.04397,-0.69045,-0.01708,0.08823,-0.90067,-0.10345,0.06562,-0.60803,-0.08521,0.05451,-0.43512,-0.04953,-0.05542,-0.67034,-0.03496,-0.01171,-0.83272,-0.10081,-0.01310,-0.62940,-0.09040,-0.02223,-0.49510,-0.06585
A,-0.00000,0.00000,0.00000,0.18210,-0.14711,-0.05627,0.33679,-0.41259,-0.07573,0.39743,-0.71076,-0.09360,0.38484,-0.92298,-0.09350,0.25059,-0.65324,-0.00297,0.29067,-0.85546,-0.06591,0.24248,-0.63676,-0.09080,0.20684,-0.48867,-0.09847,0.14134,-0.67871,-0.00194,0.19064,-0.90355,-0.08344,0.14851,-0.61519,-0.10269,0.12540,-0.46271,-0.09649,0.03618,-0.69255,-0.01411,0.08106,-0.90936,-0.09906,0.06207,-0.61379,-0.07935,0.05169,-0.44458,-0.04327,-0.06232,-0.66984,-0.03190,-0.02059,-0.83865,-0.09641,-0.01894,-0.63204,-0.08483,-0.02729,-0.49772,-0.05954
A,-0.00000,0.00000,0.00000,0.18239,-0.14325,-0.05222,0.33799,-0.40771,-0.07153,0.39714,-0.70503,-0.09051,0.39186,-0.92002,-0.09288,0.25390,-0.64495,-0.00443,0.29510,-0.84692,-0.06722,0.24660,-0.63364,-0.09300,0.21152,-0.47979,-0.10162,0.14409,-0.67207,-0.00628,0.19374,-0.89634,-0.08694,0.15031,-0.61382,-0.10670,0.12692,-0.45416,-0.10181,0.03815,-0.68732,-0.02069,0.08489,-0.90219,-0.10468,0.06366,-0.60991,-0.08600,0.05165,-0.43537,-0.05157,-0.06244,-0.66522,-0.04049,-0.01667,-0.82845,-0.10482,-0.01633,-0.62474,-0.09432,-0.02606,-0.48986,-0.07068
A,-0.00000,0.00000,0.00000,0.18179,-0.12941,-0.05671,0.34551,-0.39572,-0.07666,0.40770,-0.69848,-0.09479,0.41172,-0.91131,-0.09543,0.25907,-0.62824,-0.01246,0.30496,-0.82247,-0.07892,0.25165,-0.60830,-0.10517,0.21328,-0.46527,-0.11395,0.15028,-0.65574,-0.01183,0.20642,-0.87058,-0.09699,0.15737,-0.58670,-0.11498,0.13082,-0.43748,-0.10840,0.04582,-0.67407,-0.02429,0.09821,-0.87473,-0.11170,0.07151,-0.58388,-0.09201,0.05519,-0.41970,-0.05624,-0.05349,-0.65769,-0.04241,-0.00186,-0.80915,-0.10620,-0.00627,-0.61413,-0.09613,-0.02142,-0.49170,-0.07319
A,-0.00000,0.00000,0.00000,0.18693,-0.13950,-0.05117,0.34418,-0.41053,-0.06616,0.41158,-0.69748,-0.08188,0.42696,-0.90427,-0.08146,0.27330,-0.64287,0.00663,0.30931,-0.84150,-0.06014,0.25232,-0.63415,-0.09004,0.21634,-0.48916,-0.10003,0.16457,-0.67788,0.00435,0.21084,-0.90272,-0.08103,0.15831,-0.61900,-0.10239,0.13232,-0.46579,-0.09564,0.05976,-0.69580,-0.01175,0.10419,-0.89151,-0.09792,0.07446,-0.60418,-0.08020,0.06151,-0.44322,-0.04405,-0.04041,-0.67830,-0.03321,0.00549,-0.82958,-0.09214,-0.00247,-0.63889,-0.07947,-0.01536,-0.52199,-0.05457
A,-0.00000,0.00000,0.00000,0.18702,-0.13416,-0.05231,0.34339,-0.40563,-0.07260,0.40512,-0.70204,-0.09339,0.43859,-0.89869,-0.09864,0.25820,-0.66009,-0.00111,0.29790,-0.84313,-0.07243,0.25028,-0.62507,-0.10776,0.21533,-0.47878,-0.12231,0.14972,-0.68532,-0.00360,0.20317,-0.88976,-0.09014,0.15788,-0.60199,-0.11128,0.13027,-0.45461,-0.10688,0.04340,-0.69593,-0.02005,0.09451,-0.89624,-0.10590,0.07025,-0.60673,-0.08679,0.05396,-0.44317,-0.05223,-0.05954,-0.67172,-0.04234,-0.00522,-0.81996,-0.10198,-0.00518,-0.62818,-0.09066,-0.01987,-0.50523,-0.06785
A,-0.00000,0.00000,0.00000,0.18421,-0.12660,-0.05347,0.33953,-0.40403,-0.07304,0.40795,-0.70211,-0.09362,0.45873,-0.88858,-0.10014,0.25755,-0.63668,0.00397,0.29953,-0.82649,-0.06800,0.24864,-0.61434,-0.10902,0.21017,-0.47715,-0.12856,0.15052,-0.66688,0.00157,0.20379,-0.88117,-0.08423,0.15492,-0.59853,-0.10986,0.12764,-0.44953,-0.10888,0.04655,-0.68159,-0.01540,0.09763,-0.88359,-0.09976,0.07075,-0.60104,-0.08589,0.05539,-0.43836,-0.05523,-0.05332,-0.66653,-0.03843,-0.00038,-0.80953,-0.09563,-0.00383,-0.62575,-0.08700,-0.01894,-0.50511,-0.06714
A,-0.00000,0.00000,0.00000,0.18680,-0.10820,-0.05405,0.34599,-0.41068,-0.06716,0.42061,-0.70772,-0.07848,0.48036,-0.87707,-0.07494,0.27979,-0.63253,-0.01141,0.31596,-0.83398,-0.08180,0.25283,-0.61636,-0.11381,0.21245,-0.47998,-0.12566,0.17187,-0.67301,-0.01020,0.21322,-0.89641,-0.09504,0.15555,-0.60388,-0.11282,0.13351,-0.46210,-0.10522,0.06376,-0.69461,-0.02197,0.10187,-0.89249,-0.10548,0.06972,-0.60050,-0.08475,0.06116,-0.44484,-0.04898,-0.04004,-0.68892,-0.03927,0.00074,-0.83639,-0.09598,-0.00594,-0.64144,-0.08317,-0.01284,-0.52482,-0.06005
A,-0.00000,0.00000,0.00000,0.18648,-0.09311,-0.07069,0.34963,-0.38969,-0.09184,0.43234,-0.69301,-0.10871,0.49047,-0.87146,-0.11041,0.28614,-0.62346,-0.01753,0.30973,-0.82086,-0.08956,0.24900,-0.60735,-0.12296,0.21526,-0.47918,-0.13620,0.17899,-0.66695,-0.01092,0.21371,-0.88513,-0.09778,0.15824,-0.59211,-0.11694,0.13884,-0.45429,-0.10870,0.07372,-0.68911,-0.01893,0.10623,-0.88128,-0.11003,0.07609,-0.58297,-0.08885,0.07107,-0.43104,-0.04942,-0.02964,-0.67812,-0.03328,0.00473,-0.83097,-0.09506,-0.00294,-0.63017,-0.07904,-0.00771,-0.51412,-0.05142
A,-0.00000,0.00000,0.00000,0.20099,-0.09500,-0.05648,0.35474,-0.39249,-0.06881,0.42845,-0.69059,-0.08171,0.47564,-0.87964,-0.07985,0.29402,-0.61388,0.01138,0.30619,-0.84647,-0.05805,0.25088,-0.63260,-0.08790,0.22492,-0.48128,-0.09515,0.19274,-0.65671,0.01144,0.20983,-0.89621,-0.06810,0.16112,-0.60857,-0.08370,0.14713,-0.46745,-0.07137,0.08938,-0.67263,-0.00409,0.10656,-0.87834,-0.09078,0.08025,-0.58742,-0.06698,0.07785,-0.43778,-0.02427,-0.01664,-0.65595,-0.02513,0.00551,-0.82025,-0.08065,-0.00274,-0.61816,-0.05982,-0.00586,-0.49835,-0.02834
A,-0.00000,0.00000,0.00000,0.19665,-0.11480,-0.06016,0.34651,-0.40839,-0.07868,0.41689,-0.69988,-0.09700,0.46960,-0.88288,-0.10103,0.28796,-0.63304,-0.00358,0.29978,-0.85326,-0.07034,0.24146,-0.64885,-0.09837,0.21356,-0.49890,-0.10612,0.18284,-0.67305,-0.00393,0.20100,-0.90217,-0.08307,0.15000,-0.61999,-0.09912,0.13480,-0.47207,-0.08957,0.07837,-0.68390,-0.01866,0.09642,-0.88934,-0.10360,0.06972,-0.60306,-0.07937,0.06832,-0.44316,-0.03895,-0.02372,-0.65895,-0.03937,-0.00336,-0.82594,-0.09539,-0.00727,-0.63072,-0.07421,-0.00555,-0.50502,-0.04391
A,-0.00000,0.00000,0.00000,0.19182,-0.12335,-0.06094,0.34003,-0.41937,-0.08066,0.41122,-0.70881,-0.09849,0.46319,-0.88626,-0.10148,0.28366,-0.62655,-0.01797,0.29117,-0.85365,-0.08335,0.23225,-0.64487,-0.10764,0.20727,-0.48795,-0.11289,0.17569,-0.66530,-0.01752,0.19366,-0.90884,-0.09541,0.14199,-0.62849,-0.11008,0.12774,-0.47255,-0.10031,0.06894,-0.67418,-0.02999,0.08671,-0.87800,-0.10886,0.05994,-0.59983,-0.08357,0.06074,-0.44481,-0.04496,-0.03435,-0.64632,-0.04855,-0.01471,-0.81438,-0.09770,-0.01815,-0.62695,-0.07493,-0.01474,-0.51030,-0.04573
A,-0.00000,0.00000,0.00000,0.19299,-0.13036,-0.05784,0.34066,-0.42499,-0.07423,0.40849,-0.71352,-0.08965,0.45941,-0.88823,-0.09099,0.27908,-0.63102,-0.00962,0.28841,-0.85441,-0.07229,0.22911,-0.64812,-0.09652,0.20410,-0.48811,-0.10196,0.17070,-0.66775,-0.01011,0.18888,-0.91215,-0.08741,0.13939,-0.63155,-0.10434,0.12606,-0.46918,-0.09575,0.06445,-0.67356,-0.02341,0.08139,-0.87767,-0.10302,0.05695,-0.60011,-0.08085,0.05872,-0.43889,-0.04352,-0.03675,-0.64250,-0.04251,-0.02021,-0.81002,-0.09354,-0.02128,-0.62300,-0.07278,-0.01608,-0.50052,-0.04438
A,-0.00000,0.00000,0.00000,0.19148,-0.11917,-0.06039,0.33852,-0.41768,-0.07934,0.40680,-0.70789,-0.09655,0.45699,-0.88947,-0.09988,0.27972,-0.63371,-0.01936,0.28450,-0.85270,-0.08380,0.22467,-0.64228,-0.10907,0.19890,-0.47894,-0.11533,0.17047,-0.67452,-0.01938,0.18446,-0.91750,-0.09794,0.13551,-0.63340,-0.11395,0.12218,-0.46511,-0.10472,0.06326,-0.68145,-0.03177,0.07748,-0.88549,-0.11291,0.05328,-0.60351,-0.09011,0.05520,-0.43695,-0.05211,-0.03874,-0.65084,-0.04993,-0.02074,-0.81548,-0.10381,-0.02324,-0.62344,-0.08353,-0.01825,-0.49645,-0.05495
A,-0.00000,0.00000,0.00000,0.19229,-0.12588,-0.05315,0.34287,-0.41918,-0.06794,0.40812,-0.70861,-0.08285,0.44721,-0.89443,-0.08352,0.27657,-0.64308,-0.00334,0.28859,-0.86131,-0.07053,0.23536,-0.64884,-0.09986,0.21046,-0.49007,-0.10835,0.16780,-0.67578,-0.00577,0.19142,-0.92018,-0.08705,0.14449,-0.63363,-0.10552,0.12842,-0.47403,-0.09723,0.05991,-0.68194,-0.02154,0.08125,-0.89208,-0.10417,0.05725,-0.60664,-0.08243,0.05466,-0.44630,-0.04485,-0.04476,-0.65288,-0.04279,-0.01662,-0.81244,-0.09661,-0.01829,-0.61702,-0.07857,-0.02000,-0.49563,-0.05156
A,-0.00000,0.00000,0.00000,0.19576,-0.11999,-0.05767,0.34687,-0.41014,-0.07512,0.41422,-0.70000,-0.09139,0.45095,-0.89255,-0.09209,0.28190,-0.63654,-0.00821,0.29871,-0.85548,-0.07556,0.24402,-0.63937,-0.10174,0.21700,-0.48914,-0.10767,0.17368,-0.67401,-0.00848,0.19874,-0.91122,-0.08984,0.14980,-0.61794,-0.10508,0.13212,-0.46796,-0.09392,0.06534,-0.68317,-0.02228,0.08780,-0.88354,-0.10551,0.06359,-0.59371,-0.07966,0.06017,-0.44289,-0.03861,-0.04130,-0.65780,-0.04165,-0.01351,-0.81901,-0.09253,-0.01498,-0.62046,-0.06947,-0.01649,-0.50687,-0.03864
A,-0.00000,0.00000,0.00000,0.19578,-0.10603,-0.06199,0.35072,-0.39972,-0.08001,0.41772,-0.69309,-0.09600,0.45479,-0.89060,-0.09664,0.29038,-0.64212,-0.01164,0.30540,-0.85144,-0.07859,0.24519,-0.64011,-0.10567,0.21660,-0.48575,-0.11298,0.17988,-0.68636,-0.01113,0.20237,-0.92013,-0.09207,0.15051,-0.62857,-0.10749,0.13308,-0.46908,-0.09647,0.07010,-0.69982,-0.02449,0.09086,-0.89782,-0.10914,0.06508,-0.60807,-0.08459,0.06205,-0.44758,-0.04392,-0.03837,-0.67474,-0.04383,-0.01355,-0.83735,-0.10026,-0.01504,-0.63841,-0.07954,-0.01290,-0.51655,-0.04931
A,-0.00000,0.00000,0.00000,0.19678,-0.10408,-0.06396,0.35131,-0.39131,-0.08327,0.41590,-0.69291,-0.10028,0.45123,-0.89241,-0.10162,0.28887,-0.62757,-0.01298,0.29914,-0.84598,-0.07650,0.24184,-0.62992,-0.10032,0.21729,-0.47415,-0.10598,0.17768,-0.67659,-0.01084,0.19852,-0.91424,-0.08879,0.14795,-0.62256,-0.10351,0.13411,-0.46434,-0.09315,0.06746,-0.69557,-0.02244,0.08858,-0.89962,-0.10366,0.06224,-0.61455,-0.07934,0.06155,-0.45489,-0.04007,-0.03977,-0.67746,-0.04027,-0.01562,-0.84849,-0.09414,-0.01907,-0.65421,-0.07397,-0.01693,-0.53209,-0.04507
A,-0.00000,0.00000,0.00000,0.19435,-0.09672,-0.07133,0.34958,-0.37801,-0.09146,0.41845,-0.68924,-0.10768,0.44859,-0.89374,-0.10634,0.29033,-0.62663,-0.00960,0.29557,-0.84729,-0.07693,0.24000,-0.62448,-0.10042,0.21945,-0.47606,-0.10430,0.18301,-0.67897,-0.00170,0.20130,-0.90697,-0.08370,0.14993,-0.60524,-0.09731,0.14049,-0.46927,-0.08381,0.07678,-0.70506,-0.00928,0.09550,-0.90174,-0.09630,0.06902,-0.60607,-0.07033,0.07178,-0.46242,-0.02694,-0.02801,-0.69513,-0.02334,-0.00506,-0.87126,-0.07880,-0.01097,-0.66871,-0.05671,-0.01005,-0.55373,-0.02448
A,-0.00000,0.00000,0.00000,0.19636,-0.08786,-0.07496,0.34543,-0.37437,-0.09682,0.41100,-0.68876,-0.11385,0.44359,-0.89623,-0.11278,0.28154,-0.61881,-0.01918,0.27816,-0.84416,-0.08306,0.22640,-0.61644,-0.10041,0.21378,-0.47498,-0.10037,0.17611,-0.66809,-0.00815,0.18341,-0.89323,-0.08651,0.13805,-0.58908,-0.09735,0.13838,-0.46976,-0.08394,0.07166,-0.69335,-0.01172,0.07803,-0.89253,-0.09629,0.05629,-0.59583,-0.06903,0.06692,-0.46385,-0.02626,-0.02842,-0.69024,-0.02164,-0.02338,-0.86457,-0.07198,-0.02867,-0.66526,-0.04853,-0.02149,-0.55915,-0.01722
A,-0.00000,0.00000,0.00000,0.19334,-0.09989,-0.08046,0.34297,-0.38248,-0.10792,0.40434,-0.68331,-0.12870,0.43827,-0.89884,-0.13170,0.28046,-0.62903,-0.04159,0.27070,-0.84846,-0.10781,0.21647,-0.62238,-0.12737,0.20273,-0.47827,-0.12968,0.16963,-0.67876,-0.02980,0.16661,-0.89940,-0.11055,0.12399,-0.59801,-0.12256,0.12882,-0.46341,-0.11143,0.06392,-0.70308,-0.03119,0.06084,-0.89377,-0.11684,0.04418,-0.60229,-0.08862,0.06183,-0.46177,-0.04624,-0.03245,-0.69635,-0.03922,-0.03487,-0.85930,-0.09129,-0.03694,-0.66278,-0.06656,-0.02174,-0.55319,-0.03465
A,-0.00000,0.00000,0.00000,0.19219,-0.07979,-0.08668,0.34617,-0.37157,-0.11467,0.41046,-0.68843,-0.13216,0.44780,-0.89414,-0.13052,0.27465,-0.62194,-0.05450,0.26125,-0.84044,-0.11860,0.20513,-0.61229,-0.13389,0.19150,-0.47184,-0.13493,0.16183,-0.67706,-0.03762,0.15938,-0.89608,-0.11785,0.11660,-0.58480,-0.12779,0.12038,-0.46078,-0.11634,0.05775,-0.70622,-0.03332,0.05187,-0.90350,-0.11963,0.03434,-0.60516,-0.09132,0.05216,-0.47251,-0.04988,-0.03382,-0.70586,-0.03580,-0.04108,-0.86379,-0.09234,-0.04700,-0.66153,-0.07169,-0.03408,-0.55819,-0.04283
A,-0.00000,0.00000,0.00000,0.19510,-0.10840,-0.08896,0.34275,-0.37734,-0.12022,0.40210,-0.68843,-0.14209,0.44045,-0.89778,-0.14396,0.27364,-0.63732,-0.05029,0.25463,-0.85068,-0.11186,0.19927,-0.61712,-0.12419,0.19017,-0.46938,-0.12233,0.15673,-0.68831,-0.03113,0.14860,-0.90427,-0.11384,0.10877,-0.58822,-0.12718,0.11965,-0.46011,-0.11814,0.04908,-0.71251,-0.02433,0.03796,-0.90090,-0.11347,0.02410,-0.60159,-0.08867,0.04858,-0.46607,-0.04870,-0.04438,-0.70811,-0.02411,-0.06170,-0.87286,-0.07753,-0.06678,-0.67387,-0.05549,-0.04829,-0.57003,-0.02618
A,-0.00000,0.00000,0.00000,0.19444,-0.10361,-0.09587,0.34069,-0.37018,-0.13143,0.39728,-0.68206,-0.15582,0.42657,-0.90445,-0.15987,0.27094,-0.63608,-0.06101,0.24798,-0.84800,-0.12327,0.19562,-0.61120,-0.13338,0.18749,-0.46751,-0.12996,0.15640,-0.68948,-0.03889,0.14363,-0.89948,-0.12218,0.10669,-0.58535,-0.13337,0.11934,-0.46021,-0.12266,0.04969,-0.71577,-0.02934,0.03619,-0.89871,-0.11914,0.02117,-0.60233,-0.09295,0.04458,-0.47098,-0.05202,-0.04354,-0.71328,-0.02677,-0.06122,-0.87332,-0.08141,-0.06715,-0.67397,-0.05986,-0.04931,-0.57171,-0.03062
A,-0.00000,0.00000,0.00000,0.19414,-0.10992,-0.08946,0.33239,-0.38297,-0.12115,0.38727,-0.68871,-0.14247,0.42558,-0.90492,-0.14454,0.26673,-0.63756,-0.05681,0.24233,-0.84420,-0.11500,0.19311,-0.60182,-0.12395,0.18976,-0.47213,-0.12082,0.15414,-0.68624,-0.03618,0.14036,-0.89269,-0.11585,0.10520,-0.58246,-0.12801,0.12360,-0.46917,-0.11930,0.04890,-0.70986,-0.02669,0.03145,-0.89354,-0.11399,0.01720,-0.59907,-0.08872,0.04403,-0.47378,-0.04968,-0.04149,-0.71187,-0.02313,-0.06395,-0.86791,-0.07491,-0.06847,-0.66744,-0.05212,-0.04818,-0.56557,-0.02297
A,-0.00000,0.00000,0.00000,0.19361,-0.10656,-0.08759,0.33267,-0.38404,-0.11809,0.39022,-0.68687,-0.13838,0.42735,-0.90409,-0.13934,0.27102,-0.64150,-0.05790,0.25043,-0.85009,-0.11632,0.19781,-0.60666,-0.12482,0.19129,-0.47630,-0.12152,0.15775,-0.69141,-0.03890,0.14701,-0.90002,-0.11711,0.10931,-0.58811,-0.12719,0.12609,-0.47562,-0.11746,0.05028,-0.71574,-0.03093,0.03656,-0.89970,-0.11633,0.02059,-0.60351,-0.08825,0.04600,-0.48064,-0.04820,-0.04322,-0.71675,-0.02896,-0.06192,-0.87469,-0.07957,-0.06540,-0.67150,-0.05465,-0.04448,-0.57048,-0.02441
A,-0.00000,0.00000,0.00000,0.19491,-0.10700,-0.08395,0.34002,-0.38535,-0.11304,0.40175,-0.68302,-0.13394,0.43415,-0.90084,-0.13574,0.27665,-0.63995,-0.04900,0.26587,-0.84605,-0.11077,0.21102,-0.60883,-0.12189,0.19930,-0.46891,-0.11898,0.16462,-0.69174,-0.03388,0.16203,-0.89502,-0.11356,0.12092,-0.58561,-0.12323,0.13009,-0.46712,-0.11218,0.05666,-0.71595,-0.03109,0.05184,-0.90050,-0.11796,0.03261,-0.60254,-0.08898,0.05303,-0.47430,-0.04753,-0.03966,-0.71078,-0.03457,-0.05051,-0.87491,-0.08716,-0.05342,-0.67066,-0.06204,-0.03398,-0.56783,-0.03094
A,-0.00000,0.00000,0.00000,0.19829,-0.12877,-0.06497,0.34305,-0.39772,-0.08561,0.40648,-0.68363,-0.10478,0.44381,-0.89612,-0.10708,0.28617,-0.64619,-0.00377,0.29551,-0.82850,-0.07122,0.23737,-0.61581,-0.09837,0.21121,-0.47278,-0.10437,0.17830,-0.69136,0.00086,0.19484,-0.88780,-0.08128,0.14475,-0.59967,-0.10063,0.13186,-0.46854,-0.09359,0.06918,-0.70853,-0.00858,0.08605,-0.88515,-0.09333,0.06327,-0.60089,-0.06887,0.06841,-0.46025,-0.02862,-0.03581,-0.69424,-0.02390,-0.02399,-0.86486,-0.06896,-0.02272,-0.67599,-0.04043,-0.01409,-0.57221,-0.00630
A,-0.00000,0.00000,0.00000,0.20654,-0.10367,-0.05654,0.36219,-0.38045,-0.07415,0.42863,-0.67313,-0.09293,0.47156,-0.88183,-0.09728,0.30288,-0.63928,0.00787,0.33464,-0.81604,-0.06983,0.28016,-0.60441,-0.10780,0.24478,-0.45544,-0.11997,0.19490,-0.69126,0.00481,0.23695,-0.89033,-0.08191,0.18493,-0.60488,-0.10091,0.15459,-0.46181,-0.09069,0.08339,-0.71502,-0.01432,0.12878,-0.88377,-0.10407,0.10036,-0.60195,-0.08159,0.08243,-0.45620,-0.04030,-0.02974,-0.70498,-0.03910,0.02055,-0.85567,-0.09364,0.01644,-0.66215,-0.07141,0.00205,-0.55189,-0.03890
A,-0.00000,0.00000,0.00000,0.20072,-0.11055,-0.05123,0.35942,-0.38546,-0.06813,0.43081,-0.66541,-0.08820,0.47041,-0.88245,-0.09410,0.30118,-0.64613,0.01499,0.34911,-0.80775,-0.06273,0.29119,-0.60135,-0.10281,0.24844,-0.45226,-0.11676,0.19801,-0.69887,0.00826,0.25366,-0.88490,-0.07893,0.19828,-0.60623,-0.09990,0.16081,-0.45876,-0.09104,0.08874,-0.72510,-0.01487,0.14753,-0.88511,-0.10270,0.11340,-0.60642,-0.08307,0.08612,-0.45679,-0.04430,-0.02394,-0.71678,-0.04385,0.03974,-0.85362,-0.09934,0.03445,-0.66299,-0.08168,0.01477,-0.55297,-0.05248
A,-0.00000,0.00000,0.00000,0.20367,-0.10868,-0.05027,0.36374,-0.39720,-0.06188,0.43712,-0.67104,-0.07605,0.47605,-0.87942,-0.07495,0.30351,-0.65014,0.01820,0.35967,-0.80193,-0.05442,0.29646,-0.59630,-0.08919,0.24926,-0.45903,-0.09987,0.20129,-0.70312,0.01303,0.26157,-0.87067,-0.07060,0.20302,-0.59602,-0.08756,0.16470,-0.46141,-0.07629,0.09292,-0.72584,-0.00852,0.15276,-0.87414,-0.09118,0.11877,-0.60209,-0.06901,0.09216,-0.46134,-0.02956,-0.01868,-0.71449,-0.03639,0.04254,-0.84559,-0.08617,0.04073,-0.66270,-0.06714,0.02496,-0.55962,-0.03797
A,-0.00000,0.00000,0.00000,0.20366,-0.12545,-0.04074,0.35905,-0.40681,-0.05241,0.43403,-0.66951,-0.07005,0.47480,-0.88009,-0.07412,0.30092,-0.66342,0.03169,0.36359,-0.80147,-0.04459,0.30051,-0.59897,-0.08525,0.24842,-0.46277,-0.09861,0.20172,-0.71255,0.02052,0.26783,-0.86967,-0.06504,0.20863,-0.60122,-0.08533,0.16616,-0.46243,-0.07505,0.09491,-0.73635,-0.00705,0.16200,-0.86921,-0.09133,0.12516,-0.59880,-0.07211,0.09494,-0.45494,-0.03284,-0.01532,-0.72711,-0.04017,0.05616,-0.85488,-0.08875,0.05043,-0.67147,-0.06835,0.02956,-0.56366,-0.03706
A,-0.00000,0.00000,0.00000,0.20169,-0.12676,-0.03546,0.35328,-0.41083,-0.04591,0.42895,-0.67288,-0.06320,0.47365,-0.88071,-0.06781,0.29457,-0.67636,0.03798,0.36085,-0.79746,-0.04031,0.30323,-0.58624,-0.08407,0.25248,-0.45217,-0.09970,0.19908,-0.72555,0.02467,0.27028,-0.86044,-0.05896,0.21658,-0.58951,-0.07702,0.17276,-0.45972,-0.06607,0.09435,-0.74893,-0.00532,0.16877,-0.85978,-0.08803,0.13464,-0.58599,-0.06653,0.10145,-0.45176,-0.02663,-0.01539,-0.73779,-0.04068,0.06584,-0.84060,-0.08819,0.05908,-0.64881,-0.06681,0.03256,-0.54677,-0.03500
A,-0.00000,0.00000,0.00000,0.19922,-0.12670,-0.03673,0.35160,-0.40990,-0.04829,0.42940,-0.67244,-0.06665,0.47392,-0.88057,-0.07166,0.29475,-0.67974,0.03540,0.36211,-0.80632,-0.04273,0.30530,-0.59394,-0.08423,0.25569,-0.46039,-0.09791,0.20003,-0.72646,0.02278,0.27064,-0.86298,-0.06159,0.21734,-0.58868,-0.07780,0.17511,-0.46071,-0.06508,0.09584,-0.74840,-0.00662,0.16753,-0.86376,-0.09054,0.13441,-0.58713,-0.06747,0.10310,-0.45240,-0.02598,-0.01369,-0.73691,-0.04136,0.06382,-0.84741,-0.08899,0.05824,-0.65451,-0.06673,0.03337,-0.55219,-0.03413
A,-0.00000,0.00000,0.00000,0.20112,-0.11792,-0.04019,0.35618,-0.40381,-0.05184,0.43197,-0.67102,-0.06920,0.47685,-0.87899,-0.07287,0.30455,-0.66537,0.02824,0.36516,-0.80507,-0.04653,0.29976,-0.60194,-0.08440,0.24812,-0.46357,-0.09598,0.20491,-0.71828,0.01710,0.26827,-0.87303,-0.06725,0.20683,-0.60247,-0.08537,0.16599,-0.46220,-0.07387,0.09790,-0.74386,-0.00991,0.16287,-0.87647,-0.09306,0.12362,-0.60357,-0.07176,0.09460,-0.45774,-0.03170,-0.01261,-0.73595,-0.04242,0.05554,-0.86048,-0.09119,0.04680,-0.67581,-0.07050,0.02601,-0.56954,-0.03923
A,-0.00000,0.00000,0.00000,0.20068,-0.09334,-0.05026,0.36698,-0.37850,-0.06566,0.44549,-0.66089,-0.08421,0.49499,-0.86890,-0.08849,0.31408,-0.65213,0.01310,0.36946,-0.80976,-0.06444,0.30450,-0.60341,-0.10258,0.25567,-0.45757,-0.11473,0.21058,-0.70865,0.00548,0.27361,-0.89038,-0.08365,0.20980,-0.60806,-0.10211,0.16751,-0.45847,-0.08980,0.10024,-0.73731,-0.01834,0.16391,-0.89663,-0.10818,0.12310,-0.61326,-0.08629,0.09304,-0.45873,-0.04462,-0.01462,-0.73252,-0.04798,0.05210,-0.87397,-0.10528,0.04477,-0.67732,-0.08629,0.02515,-0.56022,-0.05512
A,-0.00000,0.00000,0.00000,0.20557,-0.10020,-0.06377,0.37325,-0.36878,-0.08141,0.45571,-0.65421,-0.09832,0.49926,-0.86645,-0.09857,0.33338,-0.62017,0.00909,0.34990,-0.82054,-0.06095,0.28168,-0.61345,-0.09273,0.25188,-0.46329,-0.10108,0.22776,-0.68685,0.01238,0.25677,-0.89653,-0.07007,0.18605,-0.61115,-0.09076,0.16528,-0.46764,-0.08199,0.11898,-0.73074,-0.00022,0.15288,-0.91535,-0.08726,0.10653,-0.62651,-0.06711,0.09835,-0.46759,-0.02707,0.01047,-0.74297,-0.01891,0.04689,-0.91001,-0.07323,0.02979,-0.71278,-0.05155,0.02406,-0.59189,-0.01892
A,-0.00000,0.00000,0.00000,0.20191,-0.08248,-0.08616,0.37002,-0.34610,-0.11471,0.45153,-0.64878,-0.13388,0.48705,-0.87338,-0.13344,0.32664,-0.61101,-0.03611,0.32041,-0.83944,-0.09865,0.25454,-0.62145,-0.11638,0.23824,-0.46812,-0.11753,0.21626,-0.67964,-0.01996,0.22595,-0.91474,-0.10316,0.16164,-0.61418,-0.12002,0.15677,-0.46184,-0.10967,0.11123,-0.71692,-0.01686,0.12064,-0.90919,-0.10544,0.08191,-0.62136,-0.08187,0.08925,-0.46675,-0.04028,0.01325,-0.72307,-0.02022,0.02448,-0.89061,-0.07746,0.00874,-0.68972,-0.05603,0.01754,-0.56793,-0.02426
B,-0.00000,0.00000,0.00000,0.06995,-0.10486,-0.04114,0.09255,-0.25631,-0.05503,0.03505,-0.35481,-0.06806,-0.02313,-0.43102,-0.07858,0.05681,-0.53470,-0.00057,0.07271,-0.71011,-0.01654,0.07688,-0.83134,-0.03485,0.07745,-0.93126,-0.05477,-0.00879,-0.54226,-0.00713,0.00580,-0.75484,-0.02652,0.01700,-0.88397,-0.04608,0.03096,-0.99952,-0.06273,-0.06237,-0.50947,-0.02304,-0.04473,-0.70873,-0.05319,-0.03046,-0.83001,-0.07543,-0.01898,-0.94679,-0.09095,-0.10880,-0.43413,-0.04435,-0.09235,-0.60401,-0.07814,-0.08086,-0.71246,-0.09925,-0.07284,-0.82098,-0.11434
B,-0.00000,0.00000,0.00000,0.06830,-0.10708,-0.04135,0.09197,-0.25740,-0.05688,0.03488,-0.36580,-0.07183,-0.02275,-0.44537,-0.08452,0.06013,-0.53870,-0.00350,0.07459,-0.72021,-0.02242,0.07881,-0.83712,-0.04433,0.07847,-0.93741,-0.06617,-0.00650,-0.54888,-0.00849,0.01007,-0.76326,-0.02557,0.02028,-0.88824,-0.04723,0.03199,-0.99949,-0.06726,-0.06117,-0.51962,-0.02225,-0.04450,-0.72088,-0.04768,-0.02998,-0.84329,-0.07159,-0.01689,-0.95690,-0.09063,-0.10952,-0.44799,-0.04139,-0.09433,-0.61540,-0.06966,-0.08303,-0.72081,-0.08906,-0.07322,-0.82411,-0.10458
B,-0.00000,0.00000,0.00000,0.06686,-0.10942,-0.04290,0.08942,-0.25943,-0.05906,0.03195,-0.36664,-0.07438,-0.02605,-0.44927,-0.08714,0.05437,-0.53835,-0.00346,0.06977,-0.71833,-0.02244,0.07420,-0.83522,-0.04417,0.07386,-0.93552,-0.06539,-0.01156,-0.54755,-0.00716,0.00516,-0.76122,-0.02360,0.01501,-0.88800,-0.04386,0.02662,-0.99965,-0.06242,-0.06597,-0.51755,-0.01986,-0.04858,-0.71720,-0.04495,-0.03384,-0.83792,-0.06661,-0.02079,-0.94964,-0.08335,-0.11378,-0.44595,-0.03821,-0.09759,-0.61315,-0.06569,-0.08420,-0.71781,-0.08302,-0.07291,-0.81964,-0.09639
B,-0.00000,0.00000,0.00000,0.06467,-0.10579,-0.03929,0.08801,-0.25869,-0.05213,0.03023,-0.36673,-0.06529,-0.03188,-0.44122,-0.07530,0.04939,-0.54440,0.01094,0.06381,-0.72486,-0.00380,0.06695,-0.84033,-0.02160,0.06494,-0.93783,-0.03962,-0.01603,-0.55078,0.00639,0.00047,-0.76458,-0.00521,0.01002,-0.88968,-0.02065,0.02144,-0.99977,-0.03457,-0.07111,-0.51935,-0.00800,-0.05163,-0.71830,-0.03106,-0.03568,-0.83598,-0.04778,-0.02248,-0.94528,-0.05933,-0.11992,-0.44676,-0.02822,-0.10155,-0.61597,-0.05428,-0.08848,-0.71912,-0.06865,-0.07995,-0.82149,-0.07853
B,-0.00000,0.00000,0.00000,0.06802,-0.10506,-0.03482,0.09309,-0.26581,-0.04597,0.03598,-0.37849,-0.05772,-0.02477,-0.45359,-0.06684,0.05406,-0.54318,0.00724,0.07012,-0.72324,-0.00935,0.07502,-0.84022,-0.02876,0.07512,-0.93954,-0.04850,-0.01216,-0.55274,0.00064,0.00579,-0.76528,-0.01485,0.01672,-0.88909,-0.03293,0.02875,-0.99959,-0.04918,-0.06674,-0.52165,-0.01458,-0.04840,-0.72133,-0.03976,-0.03280,-0.84026,-0.05773,-0.02009,-0.95194,-0.07087,-0.11457,-0.44643,-0.03484,-0.09627,-0.61498,-0.06208,-0.08272,-0.72047,-0.07693,-0.07273,-0.82374,-0.08760
B,-0.00000,0.00000,0.00000,0.06890,-0.10091,-0.03471,0.09451,-0.25824,-0.04554,0.03727,-0.36753,-0.05676,-0.02346,-0.43891,-0.06528,0.05476,-0.53691,0.00725,0.07348,-0.71392,-0.00826,0.07827,-0.83542,-0.02622,0.07879,-0.93590,-0.04531,-0.01015,-0.54765,0.00012,0.00747,-0.76157,-0.01617,0.01893,-0.88661,-0.03307,0.03172,-0.99950,-0.04775,-0.06384,-0.51643,-0.01564,-0.04406,-0.71553,-0.04237,-0.02877,-0.83516,-0.05934,-0.01708,-0.94807,-0.07094,-0.11053,-0.43894,-0.03646,-0.09299,-0.60439,-0.06482,-0.08169,-0.70953,-0.07970,-0.07398,-0.81327,-0.09000
B,-0.00000,0.00000,0.00000,0.06992,-0.09799,-0.03505,0.09551,-0.25457,-0.04546,0.03713,-0.36077,-0.05620,-0.02282,-0.43424,-0.06449,0.05508,-0.53428,0.00716,0.07282,-0.71140,-0.00708,0.07699,-0.83355,-0.02431,0.07674,-0.93481,-0.04328,-0.01034,-0.54619,-0.00038,0.00651,-0.76057,-0.01546,0.01657,-0.88653,-0.03216,0.02886,-0.99958,-0.04701,-0.06470,-0.51491,-0.01670,-0.04399,-0.71643,-0.04347,-0.02940,-0.83579,-0.06161,-0.01777,-0.94938,-0.07423,-0.11160,-0.43877,-0.03810,-0.09340,-0.60749,-0.06802,-0.08223,-0.71251,-0.08465,-0.07429,-0.81672,-0.09630
B,-0.00000,0.00000,0.00000,0.07299,-0.09282,-0.03246,0.10489,-0.24266,-0.04507,0.05107,-0.35263,-0.05891,-0.00946,-0.42466,-0.06973,0.06839,-0.53388,0.01026,0.07749,-0.71497,-0.00776,0.07871,-0.83447,-0.02909,0.07658,-0.93257,-0.04997,0.00121,-0.54570,0.00103,0.01554,-0.76094,-0.01567,0.02431,-0.88718,-0.03590,0.03336,-0.99944,-0.05342,-0.05500,-0.51402,-0.01681,-0.03649,-0.72038,-0.04174,-0.02282,-0.84380,-0.06086,-0.01245,-0.95938,-0.07506,-0.10686,-0.43384,-0.03950,-0.09358,-0.60538,-0.06582,-0.08408,-0.71289,-0.08107,-0.07770,-0.81699,-0.09245
B,-0.00000,0.00000,0.00000,0.06882,-0.08772,-0.03786,0.10363,-0.23263,-0.05453,0.05263,-0.34209,-0.07122,-0.00598,-0.41215,-0.08476,0.06670,-0.52952,-0.00052,0.07742,-0.71227,-0.02110,0.07807,-0.83291,-0.04367,0.07450,-0.93261,-0.06529,-0.00013,-0.54212,-0.00722,0.01463,-0.76239,-0.02524,0.02219,-0.88843,-0.04537,0.02853,-0.99959,-0.06290,-0.05712,-0.51089,-0.02238,-0.03902,-0.72026,-0.04784,-0.02712,-0.84484,-0.06752,-0.01936,-0.96087,-0.08212,-0.10959,-0.43054,-0.04263,-0.09782,-0.60284,-0.06841,-0.08924,-0.70894,-0.08297,-0.08369,-0.81133,-0.09402
B,-0.00000,0.00000,0.00000,0.07869,-0.07683,-0.03510,0.12390,-0.21925,-0.05242,0.08056,-0.32624,-0.06957,0.02300,-0.38351,-0.08361,0.09023,-0.52277,-0.00396,0.10000,-0.70908,-0.02681,0.10029,-0.82264,-0.05175,0.09698,-0.91876,-0.07396,0.02455,-0.53985,-0.01018,0.03738,-0.75407,-0.02924,0.04191,-0.88567,-0.05157,0.04632,-0.99893,-0.07043,-0.03275,-0.50972,-0.02386,-0.02367,-0.70801,-0.04475,-0.01918,-0.83656,-0.06392,-0.01677,-0.95014,-0.07922,-0.09072,-0.43074,-0.04236,-0.08245,-0.58881,-0.06354,-0.07570,-0.69430,-0.07579,-0.07236,-0.79242,-0.08514
B,-0.00000,0.00000,0.00000,0.07636,-0.07327,-0.03743,0.12849,-0.21116,-0.05720,0.09399,-0.31125,-0.07690,0.03962,-0.36161,-0.09372,0.08862,-0.51951,-0.00968,0.09763,-0.70366,-0.03396,0.09620,-0.81998,-0.05932,0.09093,-0.91815,-0.08212,0.02362,-0.53726,-0.01627,0.03452,-0.75042,-0.03684,0.03811,-0.88416,-0.05938,0.04065,-0.99917,-0.07869,-0.03310,-0.50707,-0.03041,-0.02639,-0.70671,-0.05318,-0.02515,-0.83721,-0.07385,-0.02548,-0.95548,-0.09035,-0.08755,-0.42669,-0.04949,-0.08349,-0.58355,-0.07311,-0.08067,-0.68939,-0.08733,-0.08073,-0.79063,-0.09826
B,-0.00000,0.00000,0.00000,0.07789,-0.07081,-0.03775,0.13121,-0.20453,-0.05957,0.09844,-0.30054,-0.08083,0.04411,-0.35549,-0.10033,0.09229,-0.50008,-0.01979,0.09918,-0.68972,-0.04803,0.09716,-0.80631,-0.07435,0.08992,-0.90497,-0.09679,0.02907,-0.51738,-0.02677,0.03768,-0.73780,-0.05234,0.03810,-0.87870,-0.07838,0.03596,-0.99935,-0.09919,-0.02704,-0.48730,-0.04039,-0.02232,-0.69082,-0.06706,-0.02219,-0.82571,-0.09095,-0.02470,-0.94660,-0.10874,-0.08243,-0.41051,-0.05827,-0.07874,-0.57015,-0.08526,-0.07725,-0.67970,-0.10147,-0.07944,-0.78263,-0.11299
B,-0.00000,0.00000,0.00000,0.08047,-0.07181,-0.03707,0.13426,-0.20574,-0.05964,0.10369,-0.30014,-0.08183,0.04988,-0.35624,-0.10221,0.09425,-0.50116,-0.02155,0.09943,-0.69512,-0.04967,0.09641,-0.81073,-0.07583,0.08855,-0.90976,-0.09813,0.03273,-0.51538,-0.02940,0.04009,-0.73487,-0.05509,0.03945,-0.87648,-0.08241,0.03621,-0.99934,-0.10434,-0.02283,-0.48199,-0.04349,-0.02186,-0.68553,-0.07004,-0.02241,-0.82133,-0.09460,-0.02384,-0.94062,-0.11304,-0.07764,-0.40330,-0.06168,-0.07608,-0.56398,-0.08843,-0.07293,-0.67295,-0.10429,-0.07213,-0.77221,-0.11550
B,-0.00000,0.00000,0.00000,0.07584,-0.07572,-0.04296,0.13017,-0.20672,-0.06835,0.10247,-0.30204,-0.09296,0.04728,-0.36136,-0.11529,0.09220,-0.51122,-0.02123,0.09746,-0.70631,-0.05105,0.09366,-0.82413,-0.07915,0.08499,-0.92327,-0.10305,0.02877,-0.52442,-0.02688,0.03453,-0.74279,-0.05362,0.03405,-0.88120,-0.08151,0.03249,-0.99947,-0.10445,-0.02819,-0.49131,-0.04013,-0.02727,-0.69444,-0.06782,-0.02832,-0.83165,-0.09338,-0.03106,-0.95221,-0.11300,-0.08440,-0.41226,-0.05826,-0.08260,-0.57510,-0.08591,-0.08148,-0.68707,-0.10328,-0.08334,-0.79165,-0.11641
B,-0.00000,0.00000,0.00000,0.07837,-0.07416,-0.04168,0.13348,-0.20704,-0.06632,0.10596,-0.30254,-0.09005,0.05072,-0.35961,-0.11172,0.09454,-0.50645,-0.02370,0.09885,-0.70273,-0.05351,0.09467,-0.82135,-0.08070,0.08575,-0.92109,-0.10384,0.03192,-0.51997,-0.02969,0.03801,-0.73895,-0.05719,0.03704,-0.87917,-0.08524,0.03427,-0.99941,-0.10788,-0.02478,-0.48550,-0.04267,-0.02571,-0.68892,-0.07113,-0.02706,-0.82376,-0.09643,-0.02999,-0.94254,-0.11544,-0.08093,-0.40512,-0.06014,-0.08002,-0.56545,-0.08858,-0.07843,-0.67554,-0.10569,-0.08005,-0.77778,-0.11799
B,-0.00000,0.00000,0.00000,0.07804,-0.07545,-0.04073,0.13231,-0.20755,-0.06505,0.10468,-0.30211,-0.08842,0.05078,-0.35985,-0.10981,0.09266,-0.50779,-0.02454,0.09840,-0.70407,-0.05376,0.09514,-0.82272,-0.08043,0.08716,-0.92388,-0.10320,0.03067,-0.52110,-0.03063,0.03686,-0.73949,-0.05740,0.03639,-0.87929,-0.08504,0.03432,-0.99941,-0.10752,-0.02472,-0.48618,-0.04335,-0.02688,-0.68797,-0.07084,-0.02991,-0.82223,-0.09593,-0.03350,-0.94172,-0.11508,-0.07916,-0.40626,-0.06042,-0.08132,-0.56408,-0.08795,-0.08077,-0.67190,-0.10463,-0.08260,-0.77201,-0.11677
B,-0.00000,0.00000,0.00000,0.07539,-0.06794,-0.04013,0.12968,-0.19578,-0.06347,0.10197,-0.29112,-0.08590,0.05002,-0.34886,-0.10619,0.09669,-0.50606,-0.01951,0.10682,-0.69586,-0.04759,0.10582,-0.81402,-0.07388,0.10025,-0.91142,-0.09604,0.03121,-0.52314,-0.02548,0.04025,-0.74348,-0.04943,0.04155,-0.88106,-0.07367,0.04098,-0.99916,-0.09324,-0.02728,-0.49182,-0.03857,-0.02528,-0.69607,-0.06406,-0.02707,-0.82994,-0.08596,-0.03087,-0.95052,-0.10228,-0.08485,-0.41195,-0.05619,-0.08575,-0.57463,-0.08186,-0.08710,-0.68436,-0.09577,-0.09172,-0.78848,-0.10550
B,-0.00000,0.00000,0.00000,0.07847,-0.06678,-0.04230,0.12279,-0.18958,-0.06658,0.07841,-0.28383,-0.08908,0.02283,-0.34427,-0.10937,0.09362,-0.50879,-0.01825,0.11035,-0.70009,-0.04760,0.11499,-0.83138,-0.07457,0.11452,-0.93175,-0.09738,0.02068,-0.52304,-0.02440,0.03484,-0.74563,-0.04853,0.04282,-0.88055,-0.07138,0.04668,-0.99891,-0.09007,-0.03956,-0.49209,-0.03847,-0.03582,-0.70196,-0.06562,-0.03339,-0.83998,-0.08714,-0.03550,-0.96307,-0.10354,-0.09656,-0.40661,-0.05725,-0.09422,-0.56939,-0.08414,-0.09533,-0.67967,-0.09876,-0.10114,-0.78481,-0.10959
B,0.00000,0.00000,0.00000,0.06279,0.01866,-0.05189,0.10926,-0.09095,-0.07353,0.14266,-0.18682,-0.09277,0.15845,-0.26236,-0.11282,0.15043,-0.40612,-0.02883,0.17769,-0.57865,-0.05140,0.18744,-0.70002,-0.07810,0.18335,-0.80355,-0.10139,0.09079,-0.47714,-0.03055,0.10269,-0.72508,-0.05066,0.10284,-0.87832,-0.08051,0.09383,-0.99559,-0.10432,0.02700,-0.49174,-0.03926,0.02456,-0.73241,-0.06773,0.02436,-0.86391,-0.09418,0.02020,-0.97390,-0.11177,-0.04328,-0.45561,-0.05309,-0.04864,-0.65799,-0.08536,-0.05395,-0.77190,-0.10351,-0.05160,-0.87388,-0.11474
B,-0.00000,0.00000,0.00000,0.04548,-0.07843,-0.06087,0.05165,-0.20305,-0.08272,-0.01488,-0.29877,-0.09787,-0.07357,-0.37602,-0.10973,0.06210,-0.51208,-0.02713,0.08044,-0.70655,-0.04686,0.08270,-0.84283,-0.06520,0.08517,-0.95090,-0.08358,-0.00213,-0.52190,-0.02045,0.01812,-0.76572,-0.03824,0.02871,-0.89174,-0.05764,0.04201,-0.99912,-0.07439,-0.05821,-0.50059,-0.02268,-0.03699,-0.72348,-0.05036,-0.01988,-0.84545,-0.07195,-0.00281,-0.96088,-0.08679,-0.10957,-0.43733,-0.03119,-0.10148,-0.61975,-0.05950,-0.08980,-0.72261,-0.07448,-0.07761,-0.82798,-0.08551
B,-0.00000,0.00000,0.00000,0.04706,-0.08036,-0.06929,0.05614,-0.19836,-0.09686,-0.01220,-0.29644,-0.11528,-0.07215,-0.37291,-0.13078,0.07393,-0.50307,-0.05045,0.08752,-0.69925,-0.07884,0.09180,-0.83095,-0.10290,0.09441,-0.93796,-0.12389,0.00716,-0.51835,-0.03779,0.02674,-0.75172,-0.06122,0.04109,-0.88235,-0.08370,0.05412,-0.99853,-0.10272,-0.05191,-0.49747,-0.03319,-0.03004,-0.71170,-0.06324,-0.01114,-0.83618,-0.08762,0.00602,-0.95942,-0.10497,-0.10500,-0.43223,-0.03487,-0.09826,-0.61002,-0.06511,-0.08430,-0.71129,-0.08146,-0.06984,-0.81753,-0.09320
B,-0.00000,0.00000,0.00000,0.04953,-0.08493,-0.07151,0.05249,-0.20954,-0.09681,-0.01693,-0.32140,-0.11225,-0.07535,-0.41073,-0.12510,0.07451,-0.50473,-0.04677,0.09066,-0.70227,-0.07356,0.09693,-0.83784,-0.09749,0.10154,-0.94420,-0.11917,0.00904,-0.52187,-0.03170,0.02834,-0.75202,-0.05461,0.04416,-0.88071,-0.07766,0.05723,-0.99836,-0.09768,-0.04663,-0.50262,-0.02530,-0.02883,-0.71315,-0.05508,-0.01007,-0.83856,-0.08089,0.00607,-0.96107,-0.10005,-0.09528,-0.43811,-0.02532,-0.09008,-0.61653,-0.05603,-0.07731,-0.71783,-0.07450,-0.06395,-0.82521,-0.08852
B,-0.00000,0.00000,0.00000,0.03709,-0.07228,-0.07522,0.03299,-0.19513,-0.10130,-0.03752,-0.30652,-0.11705,-0.09728,-0.40337,-0.13018,0.05788,-0.49955,-0.05093,0.07385,-0.69222,-0.07842,0.07699,-0.82588,-0.10094,0.08007,-0.93413,-0.12113,-0.00550,-0.51943,-0.03484,0.01068,-0.75358,-0.05938,0.02401,-0.88345,-0.08299,0.03984,-0.99921,-0.10215,-0.06052,-0.50447,-0.02719,-0.04117,-0.71640,-0.06083,-0.01849,-0.83975,-0.08577,0.00215,-0.96020,-0.10177,-0.10641,-0.44536,-0.02605,-0.09999,-0.62678,-0.05832,-0.08421,-0.72688,-0.07425,-0.06857,-0.83328,-0.08479
B,-0.00000,0.00000,0.00000,0.03973,-0.06882,-0.07713,0.03814,-0.18837,-0.10690,-0.03418,-0.30066,-0.12573,-0.09725,-0.39102,-0.14208,0.06785,-0.48654,-0.06275,0.08189,-0.69153,-0.09646,0.08721,-0.83524,-0.12318,0.09312,-0.95016,-0.14565,0.00402,-0.50604,-0.04524,0.02262,-0.74370,-0.07446,0.03765,-0.87911,-0.09868,0.05130,-0.99868,-0.11877,-0.05261,-0.48986,-0.03600,-0.03500,-0.71082,-0.06988,-0.01630,-0.83506,-0.09381,0.00081,-0.95730,-0.11055,-0.10048,-0.43479,-0.03342,-0.09568,-0.61777,-0.06616,-0.08262,-0.71991,-0.08308,-0.06938,-0.82645,-0.09498
B,-0.00000,0.00000,0.00000,0.03436,-0.07217,-0.07730,0.02881,-0.19458,-0.10478,-0.04365,-0.30960,-0.12143,-0.10479,-0.40765,-0.13499,0.05318,-0.49142,-0.05750,0.06360,-0.69799,-0.09062,0.06753,-0.84227,-0.11724,0.07339,-0.95897,-0.13938,-0.01158,-0.50813,-0.03855,0.00709,-0.74190,-0.06725,0.02322,-0.87818,-0.09077,0.04055,-0.99918,-0.10998,-0.06589,-0.49063,-0.02827,-0.04762,-0.70537,-0.06160,-0.02582,-0.82580,-0.08229,-0.00611,-0.94943,-0.09633,-0.10895,-0.43440,-0.02498,-0.10138,-0.61750,-0.05670,-0.08462,-0.71947,-0.07081,-0.06860,-0.82795,-0.08020
B,-0.00000,0.00000,0.00000,0.03136,-0.07251,-0.07495,0.02305,-0.19354,-0.10338,-0.05157,-0.30024,-0.12188,-0.11740,-0.38701,-0.13822,0.04483,-0.48860,-0.05611,0.05602,-0.69167,-0.08981,0.05814,-0.83928,-0.11653,0.06410,-0.95623,-0.13885,-0.02033,-0.50271,-0.03946,-0.00091,-0.74218,-0.06960,0.01786,-0.87929,-0.09395,0.03731,-0.99930,-0.11280,-0.07523,-0.48330,-0.03101,-0.05077,-0.70422,-0.06549,-0.02363,-0.82874,-0.08533,-0.00213,-0.95182,-0.09800,-0.11575,-0.42666,-0.02927,-0.10199,-0.61564,-0.06079,-0.08093,-0.72123,-0.07333,-0.06450,-0.83255,-0.08133
B,-0.00000,0.00000,0.00000,0.02783,-0.05938,-0.08031,0.01411,-0.18447,-0.11006,-0.05888,-0.29905,-0.12779,-0.12383,-0.39183,-0.14239,0.03955,-0.48673,-0.06741,0.04607,-0.69661,-0.10309,0.04560,-0.84794,-0.12889,0.05075,-0.96742,-0.14969,-0.01956,-0.50518,-0.04791,-0.00618,-0.74754,-0.08001,0.00628,-0.88240,-0.10322,0.02044,-0.99979,-0.12069,-0.06986,-0.49042,-0.03657,-0.05210,-0.72223,-0.07148,-0.03063,-0.84867,-0.09022,-0.01374,-0.97367,-0.10188,-0.10854,-0.44173,-0.03229,-0.09613,-0.63843,-0.06421,-0.07911,-0.75024,-0.07705,-0.06661,-0.86254,-0.08484
B,-0.00000,0.00000,0.00000,0.03499,-0.07890,-0.07075,0.02748,-0.20860,-0.09562,-0.04030,-0.31867,-0.11141,-0.10255,-0.41296,-0.12527,0.04287,-0.51537,-0.04623,0.05151,-0.71330,-0.07542,0.05171,-0.85759,-0.09955,0.05675,-0.97191,-0.12031,-0.02047,-0.52543,-0.03273,-0.00789,-0.75633,-0.05858,0.00510,-0.88383,-0.08245,0.01901,-0.99982,-0.10155,-0.07294,-0.50228,-0.02765,-0.06052,-0.72296,-0.05963,-0.04130,-0.84928,-0.08217,-0.02539,-0.97448,-0.09737,-0.11214,-0.43998,-0.02898,-0.10316,-0.63164,-0.06025,-0.08778,-0.74222,-0.07509,-0.07646,-0.85684,-0.08513
B,-0.00000,0.00000,0.00000,0.05566,-0.09046,-0.06001,0.06827,-0.21768,-0.08611,0.00606,-0.31848,-0.10673,-0.05190,-0.40120,-0.12434,0.06384,-0.52768,-0.03092,0.06854,-0.71348,-0.06108,0.06459,-0.83827,-0.08888,0.05916,-0.93702,-0.11227,-0.00405,-0.54018,-0.02487,0.00021,-0.76126,-0.05154,0.00176,-0.88775,-0.07675,0.00107,-1.00000,-0.09644,-0.06106,-0.50748,-0.02759,-0.05465,-0.71950,-0.05851,-0.04867,-0.84549,-0.08284,-0.04589,-0.96749,-0.09953,-0.11049,-0.42808,-0.03611,-0.10757,-0.59851,-0.06509,-0.10153,-0.70495,-0.08116,-0.09917,-0.81357,-0.09241
B,-0.00000,0.00000,0.00000,0.06435,-0.10142,-0.04520,0.09049,-0.23961,-0.06543,0.03327,-0.32658,-0.08415,-0.02504,-0.38852,-0.10037,0.06179,-0.52749,-0.01293,0.06576,-0.71102,-0.03747,0.06093,-0.82644,-0.06281,0.05306,-0.92339,-0.08539,-0.00523,-0.53770,-0.01561,-0.00428,-0.75505,-0.03680,-0.00605,-0.88558,-0.06007,-0.00701,-0.99998,-0.07943,-0.06162,-0.50072,-0.02692,-0.05421,-0.70869,-0.05393,-0.05124,-0.83521,-0.07799,-0.05120,-0.95541,-0.09527,-0.11318,-0.41752,-0.04346,-0.11009,-0.58585,-0.07017,-0.10698,-0.69346,-0.08690,-0.10759,-0.79942,-0.09933
B,-0.00000,0.00000,0.00000,0.07687,-0.09801,-0.03768,0.11223,-0.23714,-0.05735,0.05875,-0.32839,-0.07630,0.00029,-0.38834,-0.09324,0.07991,-0.52268,-0.01322,0.07767,-0.70546,-0.03835,0.07001,-0.81765,-0.06380,0.05880,-0.91362,-0.08627,0.01622,-0.53694,-0.01981,0.01590,-0.74871,-0.04262,0.01098,-0.88356,-0.06762,0.00571,-0.99998,-0.08799,-0.03746,-0.50144,-0.03358,-0.03464,-0.70141,-0.05938,-0.03668,-0.83448,-0.08419,-0.04030,-0.95461,-0.10282,-0.08962,-0.41941,-0.05166,-0.08800,-0.57805,-0.07824,-0.08648,-0.68727,-0.09509,-0.08739,-0.79153,-0.10739
B,-0.00000,0.00000,0.00000,0.07878,-0.09242,-0.04012,0.11618,-0.23362,-0.06256,0.06717,-0.32662,-0.08367,0.00853,-0.38489,-0.10306,0.08292,-0.51455,-0.02226,0.08008,-0.70180,-0.05088,0.07124,-0.81790,-0.07810,0.05844,-0.91524,-0.10133,0.02117,-0.52638,-0.02796,0.02272,-0.74071,-0.05410,0.01714,-0.87959,-0.08136,0.01001,-0.99995,-0.10326,-0.03232,-0.49098,-0.04038,-0.03232,-0.68918,-0.06748,-0.03629,-0.82187,-0.09260,-0.04090,-0.93904,-0.11164,-0.08526,-0.41199,-0.05716,-0.08223,-0.56549,-0.08499,-0.07962,-0.67667,-0.10253,-0.07874,-0.78087,-0.11515
B,-0.00000,0.00000,0.00000,0.08086,-0.08973,-0.03902,0.11806,-0.23499,-0.06068,0.06734,-0.32934,-0.08112,0.00781,-0.38472,-0.09997,0.08302,-0.51185,-0.02194,0.07919,-0.69838,-0.04999,0.06944,-0.81438,-0.07662,0.05571,-0.91339,-0.09960,0.02202,-0.52434,-0.02873,0.02449,-0.74015,-0.05476,0.01867,-0.87801,-0.08143,0.01017,-0.99995,-0.10256,-0.03215,-0.48781,-0.04207,-0.03370,-0.68912,-0.06966,-0.03913,-0.82391,-0.09368,-0.04530,-0.94371,-0.11164,-0.08584,-0.40661,-0.05968,-0.08562,-0.56370,-0.08816,-0.08411,-0.67607,-0.10474,-0.08433,-0.78107,-0.11634
B,-0.00000,0.00000,0.00000,0.07964,-0.09066,-0.03545,0.11677,-0.23311,-0.05407,0.06484,-0.32216,-0.07188,0.00406,-0.37605,-0.08795,0.08281,-0.52003,-0.01218,0.08155,-0.70170,-0.03743,0.07337,-0.81547,-0.06300,0.06112,-0.91196,-0.08526,0.01978,-0.53130,-0.01946,0.02196,-0.74420,-0.04218,0.01733,-0.88101,-0.06749,0.01045,-0.99995,-0.08775,-0.03457,-0.49325,-0.03342,-0.03557,-0.69162,-0.05906,-0.03905,-0.82413,-0.08257,-0.04401,-0.94278,-0.09991,-0.08875,-0.40854,-0.05138,-0.08891,-0.56572,-0.07823,-0.08726,-0.67484,-0.09372,-0.08758,-0.77858,-0.10435
B,-0.00000,0.00000,0.00000,0.07219,-0.10192,-0.03512,0.10052,-0.24987,-0.05124,0.03945,-0.33378,-0.06779,-0.02212,-0.38202,-0.08197,0.06451,-0.53488,-0.00066,0.06705,-0.71135,-0.02294,0.06226,-0.82798,-0.04736,0.05432,-0.92336,-0.07001,-0.00155,-0.54407,-0.00911,0.00332,-0.75443,-0.02934,0.00242,-0.88465,-0.05161,-0.00034,-1.00000,-0.07032,-0.05651,-0.50635,-0.02584,-0.05248,-0.70608,-0.05048,-0.05232,-0.83456,-0.07226,-0.05537,-0.95508,-0.08879,-0.10839,-0.41785,-0.04736,-0.10503,-0.58381,-0.07253,-0.10118,-0.69111,-0.08750,-0.10101,-0.79592,-0.09888
B,-0.00000,0.00000,0.00000,0.07324,-0.09165,-0.03712,0.10418,-0.22880,-0.05574,0.04387,-0.31346,-0.07410,-0.01762,-0.36858,-0.09042,0.07083,-0.52484,-0.00541,0.07562,-0.70929,-0.03063,0.07212,-0.83150,-0.05630,0.06514,-0.92937,-0.07891,0.00306,-0.53296,-0.01261,0.01170,-0.74981,-0.03500,0.01214,-0.88377,-0.05820,0.00813,-0.99997,-0.07699,-0.05330,-0.49632,-0.02790,-0.04618,-0.70441,-0.05503,-0.04389,-0.83971,-0.07697,-0.04808,-0.96245,-0.09290,-0.10745,-0.40767,-0.04776,-0.09910,-0.57745,-0.07441,-0.09386,-0.68579,-0.08891,-0.09536,-0.78963,-0.09932
B,-0.00000,0.00000,0.00000,0.08060,-0.09000,-0.03781,0.11180,-0.22332,-0.05855,0.05103,-0.31644,-0.07810,-0.01033,-0.36730,-0.09536,0.08574,-0.51751,-0.00912,0.08587,-0.70118,-0.03494,0.08175,-0.81666,-0.06135,0.07602,-0.91179,-0.08407,0.01716,-0.53064,-0.01606,0.02177,-0.74309,-0.03892,0.02161,-0.87798,-0.06379,0.02017,-0.99980,-0.08333,-0.03966,-0.49964,-0.03037,-0.03405,-0.69751,-0.05529,-0.03286,-0.83508,-0.07682,-0.03522,-0.95874,-0.09278,-0.09657,-0.41804,-0.04931,-0.09140,-0.58775,-0.07376,-0.08817,-0.69815,-0.08651,-0.08965,-0.80376,-0.09536
B,-0.00000,0.00000,0.00000,0.06394,-0.09452,-0.05381,0.09599,-0.23299,-0.08102,0.05311,-0.33451,-0.10465,0.00086,-0.38728,-0.12636,0.05750,-0.51689,-0.03256,0.06880,-0.70289,-0.06104,0.06979,-0.83407,-0.08711,0.06777,-0.94187,-0.11058,-0.00812,-0.52490,-0.03174,0.00236,-0.74441,-0.05843,0.00687,-0.87975,-0.08534,0.00850,-0.99996,-0.10743,-0.06406,-0.49307,-0.03868,-0.04920,-0.70470,-0.07096,-0.04198,-0.84053,-0.10032,-0.03860,-0.96476,-0.12081,-0.11446,-0.41740,-0.05072,-0.10316,-0.59047,-0.08139,-0.09756,-0.70397,-0.10167,-0.09653,-0.81323,-0.11668
B,-0.00000,0.00000,0.00000,0.08062,-0.08145,-0.04469,0.11869,-0.20448,-0.06906,0.06661,-0.29509,-0.09138,0.01041,-0.33710,-0.11168,0.08686,-0.49580,-0.02197,0.09391,-0.68555,-0.05185,0.08977,-0.80605,-0.08008,0.08127,-0.90378,-0.10400,0.01866,-0.51289,-0.02595,0.02973,-0.73343,-0.05251,0.03227,-0.87415,-0.08026,0.03006,-0.99955,-0.10244,-0.03954,-0.48468,-0.03743,-0.03383,-0.68416,-0.06532,-0.03258,-0.82416,-0.09122,-0.03542,-0.94826,-0.11041,-0.09882,-0.40771,-0.05382,-0.09384,-0.56699,-0.08090,-0.09166,-0.67635,-0.09795,-0.09380,-0.77956,-0.11038
B,-0.00000,0.00000,0.00000,0.08137,-0.08525,-0.04118,0.12271,-0.21439,-0.06377,0.07569,-0.30923,-0.08464,0.02257,-0.37027,-0.10360,0.09780,-0.50680,-0.02269,0.10544,-0.69280,-0.05172,0.10394,-0.80927,-0.07907,0.09671,-0.90877,-0.10176,0.03366,-0.52578,-0.02688,0.04357,-0.74259,-0.05289,0.04531,-0.87898,-0.07886,0.04321,-0.99907,-0.09896,-0.02314,-0.49695,-0.03761,-0.01401,-0.69801,-0.06456,-0.01136,-0.82925,-0.08796,-0.01124,-0.95037,-0.10466,-0.08044,-0.42228,-0.05272,-0.07616,-0.58088,-0.07764,-0.07246,-0.68641,-0.09147,-0.07077,-0.78732,-0.10096
B,-0.00000,0.00000,0.00000,0.07907,-0.07672,-0.03431,0.12326,-0.20961,-0.05191,0.08336,-0.31513,-0.06920,0.03435,-0.37445,-0.08445,0.09880,-0.50902,-0.00998,0.10882,-0.69413,-0.03449,0.10913,-0.81189,-0.05969,0.10432,-0.91012,-0.08145,0.03603,-0.53039,-0.01632,0.05010,-0.74375,-0.03776,0.05437,-0.88023,-0.06195,0.05497,-0.99849,-0.08163,-0.02010,-0.50557,-0.02924,-0.00902,-0.70443,-0.05134,-0.00527,-0.83538,-0.07343,-0.00438,-0.95339,-0.09035,-0.07663,-0.43501,-0.04640,-0.06860,-0.59068,-0.06755,-0.06459,-0.69604,-0.08093,-0.06368,-0.79560,-0.09100
B,-0.00000,0.00000,0.00000,0.07519,-0.07424,-0.03373,0.12000,-0.20572,-0.05113,0.08235,-0.31044,-0.06925,0.03168,-0.37697,-0.08471,0.10086,-0.51064,-0.00313,0.11216,-0.69696,-0.02732,0.11292,-0.81395,-0.05328,0.10897,-0.91309,-0.07604,0.04020,-0.53315,-0.01051,0.05706,-0.74457,-0.03229,0.06234,-0.88104,-0.05760,0.06570,-0.99784,-0.07842,-0.01574,-0.50960,-0.02513,-0.00305,-0.70640,-0.04784,0.00156,-0.83536,-0.06955,0.00429,-0.95044,-0.08635,-0.07345,-0.43986,-0.04434,-0.06299,-0.59567,-0.06674,-0.05625,-0.70162,-0.08056,-0.05252,-0.80020,-0.09105
B,-0.00000,0.00000,0.00000,0.07673,-0.07896,-0.03672,0.12592,-0.20800,-0.05609,0.09310,-0.30703,-0.07608,0.04446,-0.37778,-0.09405,0.09816,-0.50444,-0.01071,0.11335,-0.69076,-0.03589,0.11604,-0.80915,-0.06127,0.11297,-0.91199,-0.08382,0.04058,-0.52714,-0.01846,0.05862,-0.74365,-0.04171,0.06538,-0.87953,-0.06709,0.06947,-0.99758,-0.08813,-0.01261,-0.50286,-0.03359,0.00417,-0.70271,-0.06048,0.01322,-0.83208,-0.08554,0.01997,-0.94863,-0.10398,-0.06739,-0.43402,-0.05329,-0.05658,-0.59041,-0.07938,-0.04986,-0.69539,-0.09648,-0.04557,-0.79357,-0.10925
B,-0.00000,0.00000,0.00000,0.07772,-0.07432,-0.04058,0.12793,-0.19742,-0.06488,0.10001,-0.30088,-0.08930,0.05226,-0.37723,-0.11158,0.10725,-0.50225,-0.01775,0.12214,-0.69122,-0.04811,0.12379,-0.80900,-0.07757,0.11853,-0.91060,-0.10225,0.04902,-0.52518,-0.02419,0.06653,-0.73842,-0.05218,0.07191,-0.87745,-0.08169,0.07411,-0.99725,-0.10533,-0.00652,-0.50190,-0.03796,0.00664,-0.70011,-0.06553,0.01276,-0.83201,-0.09170,0.01802,-0.94822,-0.11130,-0.06577,-0.43669,-0.05656,-0.05598,-0.59307,-0.08258,-0.04752,-0.70091,-0.09967,-0.03993,-0.79964,-0.11237
B,-0.00000,0.00000,0.00000,0.08243,-0.05457,-0.04431,0.13725,-0.17754,-0.07030,0.11224,-0.28665,-0.09467,0.06861,-0.36791,-0.11641,0.11747,-0.48463,-0.02976,0.13183,-0.68008,-0.06030,0.13407,-0.79856,-0.08757,0.13016,-0.89987,-0.10999,0.05737,-0.51023,-0.03359,0.07835,-0.72793,-0.06133,0.08603,-0.87093,-0.08899,0.08921,-0.99601,-0.11082,-0.00015,-0.49047,-0.04400,0.01608,-0.68999,-0.07091,0.02347,-0.82036,-0.09439,0.02945,-0.93423,-0.11212,-0.06016,-0.43091,-0.05930,-0.05085,-0.58359,-0.08528,-0.04316,-0.68885,-0.10112,-0.03645,-0.78450,-0.11240
B,-0.00000,0.00000,0.00000,0.08499,-0.05284,-0.04131,0.14076,-0.18036,-0.06508,0.11253,-0.29436,-0.08785,0.06968,-0.38149,-0.10840,0.11539,-0.48558,-0.02540,0.13208,-0.67886,-0.05471,0.13546,-0.79515,-0.08174,0.13125,-0.89506,-0.10431,0.05841,-0.51111,-0.03110,0.08019,-0.72882,-0.05826,0.08778,-0.87193,-0.08608,0.08964,-0.99597,-0.10824,0.00412,-0.49101,-0.04341,0.01955,-0.69501,-0.07056,0.02870,-0.82776,-0.09497,0.03439,-0.94234,-0.11334,-0.05341,-0.43070,-0.06039,-0.04193,-0.59089,-0.08706,-0.03229,-0.70091,-0.10411,-0.02563,-0.80044,-0.11634
B,-0.00000,0.00000,0.00000,0.08777,-0.06108,-0.03630,0.14134,-0.19442,-0.05746,0.11580,-0.31588,-0.07832,0.07677,-0.40104,-0.09764,0.12135,-0.48856,-0.02417,0.13601,-0.68031,-0.05339,0.13852,-0.79644,-0.08072,0.13568,-0.89781,-0.10306,0.06483,-0.51490,-0.03134,0.08432,-0.73193,-0.05757,0.09241,-0.87268,-0.08431,0.09619,-0.99536,-0.10555,0.01052,-0.49621,-0.04434,0.02608,-0.69790,-0.06917,0.03557,-0.83053,-0.09165,0.04298,-0.94557,-0.10926,-0.04784,-0.43734,-0.06166,-0.04007,-0.59574,-0.08457,-0.03151,-0.70171,-0.09830,-0.02446,-0.79734,-0.10892
B,-0.00000,0.00000,0.00000,0.08285,-0.06245,-0.03555,0.13347,-0.18684,-0.05528,0.10881,-0.29819,-0.07525,0.07457,-0.38535,-0.09345,0.11848,-0.48488,-0.01672,0.13858,-0.67521,-0.04470,0.14083,-0.79000,-0.07168,0.13482,-0.89138,-0.09386,0.06193,-0.51539,-0.02360,0.08408,-0.73293,-0.04876,0.09131,-0.87404,-0.07596,0.09373,-0.99560,-0.09761,0.00706,-0.50043,-0.03681,0.02635,-0.70136,-0.06195,0.03687,-0.83502,-0.08604,0.04503,-0.94970,-0.10395,-0.05273,-0.44504,-0.05426,-0.04352,-0.60463,-0.07651,-0.03609,-0.71002,-0.09050,-0.03069,-0.80562,-0.10108
B,-0.00000,0.00000,0.00000,0.07974,-0.07596,-0.03207,0.12613,-0.19779,-0.04883,0.10364,-0.30701,-0.06741,0.07818,-0.40149,-0.08438,0.11715,-0.49825,-0.00563,0.13832,-0.68562,-0.03150,0.14064,-0.80109,-0.05845,0.13497,-0.90205,-0.08121,0.06266,-0.52975,-0.01406,0.08790,-0.74794,-0.03739,0.09512,-0.88213,-0.06402,0.09718,-0.99527,-0.08605,0.00900,-0.51515,-0.02947,0.02990,-0.71960,-0.05399,0.03855,-0.84913,-0.07816,0.04486,-0.96105,-0.09655,-0.05062,-0.45788,-0.04920,-0.04029,-0.62027,-0.07245,-0.03042,-0.72808,-0.08763,-0.02232,-0.82686,-0.09951
B,-0.00000,0.00000,0.00000,0.07412,-0.07992,-0.02901,0.11918,-0.20462,-0.04457,0.09942,-0.30883,-0.06309,0.07555,-0.40289,-0.08025,0.10477,-0.50204,-0.00069,0.12444,-0.68015,-0.02374,0.12817,-0.78965,-0.04892,0.12440,-0.88742,-0.07080,0.05162,-0.53146,-0.01105,0.07665,-0.75170,-0.03179,0.08480,-0.88347,-0.05596,0.08800,-0.99612,-0.07654,-0.00130,-0.51602,-0.02848,0.02003,-0.72343,-0.05180,0.02788,-0.85003,-0.07397,0.03286,-0.96236,-0.09117,-0.05937,-0.45899,-0.05019,-0.04960,-0.62294,-0.07184,-0.04195,-0.73301,-0.08534,-0.03664,-0.83694,-0.09651
B,-0.00000,0.00000,0.00000,0.07174,-0.06642,-0.03632,0.12075,-0.18155,-0.05542,0.10576,-0.28464,-0.07563,0.08489,-0.38764,-0.09375,0.11218,-0.48925,-0.00840,0.13130,-0.67211,-0.03394,0.13582,-0.78552,-0.06036,0.13346,-0.88485,-0.08250,0.05807,-0.51838,-0.01560,0.08188,-0.73822,-0.03837,0.09083,-0.87601,-0.06447,0.09559,-0.99542,-0.08562,0.00390,-0.50134,-0.03026,0.02551,-0.70424,-0.05539,0.03555,-0.83384,-0.07993,0.04297,-0.94975,-0.09780,-0.05534,-0.44058,-0.04955,-0.04431,-0.60325,-0.07282,-0.03497,-0.71058,-0.08782,-0.02847,-0.81198,-0.09908
B,-0.00000,0.00000,0.00000,0.07070,-0.07466,-0.03260,0.11631,-0.19156,-0.05065,0.10024,-0.29320,-0.07087,0.08027,-0.39044,-0.08960,0.10319,-0.49190,-0.00856,0.12331,-0.67545,-0.03409,0.12698,-0.78816,-0.05953,0.12352,-0.88763,-0.08065,0.05039,-0.52175,-0.01716,0.07524,-0.74596,-0.03948,0.08429,-0.88069,-0.06312,0.08908,-0.99602,-0.08245,-0.00312,-0.50630,-0.03271,0.01929,-0.71352,-0.05656,0.02943,-0.84265,-0.07805,0.03612,-0.95918,-0.09414,-0.06172,-0.44940,-0.05280,-0.05356,-0.61202,-0.07405,-0.04670,-0.71937,-0.08663,-0.04248,-0.82129,-0.09657
B,-0.00000,0.00000,0.00000,0.07091,-0.06526,-0.03829,0.12017,-0.17547,-0.05952,0.10695,-0.27386,-0.08152,0.08590,-0.37506,-0.10169,0.11055,-0.49090,-0.01562,0.13090,-0.67662,-0.04329,0.13585,-0.79199,-0.07031,0.13413,-0.89311,-0.09259,0.05637,-0.52164,-0.02189,0.08199,-0.74238,-0.04609,0.09229,-0.87920,-0.07155,0.09843,-0.99514,-0.09229,0.00174,-0.50396,-0.03540,0.02230,-0.71056,-0.06067,0.03242,-0.83957,-0.08376,0.03926,-0.95628,-0.10088,-0.05779,-0.44326,-0.05365,-0.04905,-0.60484,-0.07691,-0.04125,-0.71241,-0.09107,-0.03598,-0.81451,-0.10167
B,-0.00000,0.00000,0.00000,0.06884,-0.07894,-0.03285,0.11577,-0.18848,-0.05312,0.10044,-0.28334,-0.07573,0.07526,-0.37670,-0.09627,0.10300,-0.50099,-0.00708,0.12593,-0.69234,-0.03197,0.12909,-0.80374,-0.05626,0.12473,-0.90010,-0.07620,0.04936,-0.52732,-0.01528,0.07641,-0.75465,-0.03737,0.08479,-0.88609,-0.06044,0.08947,-0.99599,-0.07925,-0.00529,-0.51161,-0.03062,0.01955,-0.71933,-0.05421,0.02999,-0.84845,-0.07505,0.03764,-0.96196,-0.09053,-0.06482,-0.45432,-0.05047,-0.05404,-0.61880,-0.07044,-0.04798,-0.72704,-0.08203,-0.04451,-0.82852,-0.09128
B,-0.00000,0.00000,0.00000,0.06594,-0.08334,-0.03532,0.10788,-0.19181,-0.05582,0.08853,-0.28895,-0.07882,0.06615,-0.39624,-0.09972,0.08243,-0.50702,-0.00071,0.10168,-0.69128,-0.02427,0.10586,-0.80300,-0.04911,0.10216,-0.89962,-0.07038,0.02871,-0.52965,-0.00895,0.05375,-0.75297,-0.02910,0.06536,-0.88343,-0.05371,0.07299,-0.99733,-0.07444,-0.02505,-0.51003,-0.02523,0.00111,-0.72013,-0.04885,0.01567,-0.84636,-0.07151,0.02539,-0.95992,-0.08859,-0.08335,-0.44504,-0.04658,-0.07074,-0.61298,-0.06746,-0.06075,-0.71839,-0.08095,-0.05346,-0.82094,-0.09210
B,-0.00000,0.00000,0.00000,0.06501,-0.06768,-0.04853,0.10903,-0.18139,-0.07471,0.08848,-0.28482,-0.09991,0.05860,-0.38874,-0.12267,0.08318,-0.49635,-0.02697,0.10217,-0.68952,-0.05821,0.10634,-0.80796,-0.08637,0.10400,-0.91099,-0.10915,0.02475,-0.52116,-0.02812,0.04838,-0.74779,-0.05504,0.05810,-0.88283,-0.08118,0.06346,-0.99798,-0.10235,-0.03045,-0.49921,-0.03723,-0.00851,-0.71155,-0.06621,0.00304,-0.83891,-0.09044,0.01015,-0.95701,-0.10779,-0.08942,-0.43394,-0.05173,-0.08771,-0.59699,-0.07719,-0.08450,-0.69926,-0.09310,-0.08345,-0.80044,-0.10514
B,-0.00000,0.00000,0.00000,0.07514,-0.08643,-0.04041,0.11328,-0.21439,-0.05939,0.08872,-0.32790,-0.07813,0.06837,-0.42431,-0.09444,0.09569,-0.49840,-0.01753,0.10659,-0.69037,-0.04460,0.10431,-0.80625,-0.07031,0.09950,-0.90667,-0.09160,0.03674,-0.52664,-0.02152,0.04996,-0.74767,-0.04623,0.05266,-0.88106,-0.07018,0.05397,-0.99854,-0.08948,-0.01884,-0.50882,-0.03274,-0.00851,-0.71507,-0.05734,-0.00655,-0.83956,-0.07775,-0.00454,-0.95378,-0.09337,-0.07968,-0.44886,-0.04914,-0.08037,-0.60519,-0.07067,-0.07800,-0.70829,-0.08291,-0.07485,-0.80505,-0.09268
B,-0.00000,0.00000,0.00000,0.06888,-0.09998,-0.03179,0.09487,-0.23958,-0.04593,0.05952,-0.35219,-0.06142,0.03185,-0.44755,-0.07562,0.07191,-0.51944,-0.00652,0.08057,-0.70531,-0.03129,0.07972,-0.82035,-0.05683,0.07419,-0.91994,-0.07814,0.01351,-0.53818,-0.01384,0.02245,-0.75417,-0.03585,0.02488,-0.88600,-0.06014,0.02700,-0.99964,-0.07987,-0.04001,-0.51084,-0.02779,-0.03365,-0.71294,-0.05103,-0.03076,-0.83883,-0.07295,-0.02726,-0.95052,-0.08970,-0.09589,-0.44326,-0.04598,-0.09935,-0.59823,-0.06676,-0.09799,-0.70126,-0.07951,-0.09516,-0.79671,-0.08973
B,-0.00000,0.00000,0.00000,0.07065,-0.09406,-0.03876,0.09593,-0.23919,-0.05416,0.05721,-0.35539,-0.06902,0.02177,-0.44277,-0.08149,0.07587,-0.51944,-0.01157,0.08034,-0.70376,-0.03496,0.07722,-0.81779,-0.05894,0.07061,-0.91432,-0.07931,0.01667,-0.53965,-0.01427,0.02293,-0.75386,-0.03448,0.02356,-0.88602,-0.05591,0.02448,-0.99970,-0.07368,-0.03656,-0.51351,-0.02429,-0.03478,-0.71327,-0.04694,-0.03453,-0.83553,-0.06775,-0.03195,-0.94734,-0.08373,-0.09008,-0.44870,-0.03913,-0.09496,-0.59723,-0.06018,-0.09452,-0.69616,-0.07320,-0.09116,-0.79048,-0.08357
B,-0.00000,0.00000,0.00000,0.07042,-0.11502,-0.04138,0.08589,-0.26657,-0.05498,0.03255,-0.37960,-0.06781,-0.01610,-0.46286,-0.07756,0.06859,-0.53709,-0.00097,0.07646,-0.72547,-0.02203,0.07534,-0.83995,-0.04560,0.07055,-0.94147,-0.06629,0.00847,-0.55506,-0.00110,0.02099,-0.76715,-0.01956,0.02538,-0.89095,-0.04198,0.03069,-0.99953,-0.06044,-0.04598,-0.52752,-0.00955,-0.03291,-0.73168,-0.03140,-0.02716,-0.85156,-0.05093,-0.02241,-0.96442,-0.06565,-0.10300,-0.46119,-0.02334,-0.10228,-0.61946,-0.04273,-0.09859,-0.71823,-0.05317,-0.09540,-0.81429,-0.06146
C,-0.00000,0.00000,0.00000,0.15420,-0.09229,-0.00396,0.29897,-0.25070,-0.01734,0.43273,-0.29381,-0.05053,0.53544,-0.28185,-0.08243,0.26656,-0.62066,0.06916,0.33836,-0.86221,0.02113,0.42373,-0.84222,-0.02652,0.48518,-0.77434,-0.05540,0.22862,-0.66601,0.03166,0.31408,-0.94940,-0.01478,0.41421,-0.90247,-0.05735,0.47635,-0.79249,-0.07848,0.18214,-0.67319,-0.01886,0.27685,-0.94103,-0.05761,0.38997,-0.89581,-0.08786,0.45616,-0.78390,-0.09920,0.13655,-0.63964,-0.07425,0.24597,-0.83802,-0.09533,0.35129,-0.84426,-0.10834,0.41909,-0.78390,-0.11492
C,-0.00000,0.00000,0.00000,0.15497,-0.08846,-0.00349,0.30089,-0.24780,-0.01689,0.43607,-0.29114,-0.04971,0.53926,-0.27889,-0.08100,0.27097,-0.61873,0.06585,0.34545,-0.85894,0.01907,0.42990,-0.83652,-0.02711,0.49011,-0.76484,-0.05506,0.23302,-0.66466,0.02836,0.32082,-0.94714,-0.01498,0.41916,-0.90257,-0.05508,0.48070,-0.79155,-0.07533,0.18600,-0.67151,-0.02177,0.28127,-0.94240,-0.05781,0.39327,-0.89889,-0.08597,0.45952,-0.78621,-0.09697,0.14118,-0.63675,-0.07677,0.25318,-0.83312,-0.09724,0.35930,-0.83654,-0.10977,0.42796,-0.77382,-0.11628
C,-0.00000,0.00000,0.00000,0.15431,-0.09420,-0.00844,0.30013,-0.25073,-0.02527,0.43614,-0.29431,-0.06056,0.53913,-0.28108,-0.09391,0.26624,-0.61966,0.05884,0.34012,-0.86379,0.00903,0.42499,-0.84185,-0.03797,0.48532,-0.77182,-0.06582,0.22877,-0.66515,0.02403,0.31573,-0.94885,-0.02219,0.41464,-0.90391,-0.06269,0.47616,-0.79685,-0.08250,0.18247,-0.67302,-0.02366,0.27883,-0.94044,-0.06191,0.39259,-0.89322,-0.09018,0.45903,-0.78239,-0.10032,0.13881,-0.64069,-0.07644,0.25234,-0.83459,-0.09692,0.35851,-0.83400,-0.10893,0.42570,-0.77048,-0.11461
C,-0.00000,0.00000,0.00000,0.15522,-0.09919,-0.00443,0.29953,-0.25578,-0.02180,0.43509,-0.29735,-0.05869,0.53817,-0.28747,-0.09378,0.26277,-0.62291,0.06019,0.34071,-0.86455,0.01115,0.42623,-0.83939,-0.03475,0.48682,-0.76489,-0.06186,0.22586,-0.66798,0.02248,0.31952,-0.94758,-0.02095,0.41828,-0.89951,-0.05800,0.47871,-0.78919,-0.07606,0.18087,-0.67506,-0.02787,0.28285,-0.94414,-0.06338,0.39679,-0.89394,-0.08667,0.46193,-0.77983,-0.09436,0.13973,-0.64153,-0.08331,0.25588,-0.83477,-0.10326,0.36260,-0.83030,-0.11274,0.42872,-0.76294,-0.11656
C,-0.00000,0.00000,0.00000,0.15483,-0.08201,-0.00144,0.30320,-0.23918,-0.01547,0.43940,-0.28585,-0.04964,0.54210,-0.27988,-0.08235,0.26847,-0.61949,0.06827,0.34456,-0.86110,0.02206,0.43274,-0.84331,-0.02426,0.49855,-0.77972,-0.05273,0.22998,-0.66616,0.02947,0.32126,-0.94699,-0.01325,0.42480,-0.90251,-0.05326,0.49119,-0.79614,-0.07357,0.18275,-0.67098,-0.02182,0.28411,-0.93678,-0.05780,0.40154,-0.88695,-0.08501,0.47197,-0.77336,-0.09506,0.13838,-0.63212,-0.07786,0.25140,-0.82582,-0.09789,0.35905,-0.82942,-0.10969,0.42891,-0.76676,-0.11547
C,-0.00000,0.00000,0.00000,0.15853,-0.07652,0.00033,0.30431,-0.22759,-0.01652,0.44090,-0.26748,-0.05370,0.54128,-0.26575,-0.08898,0.26207,-0.62061,0.06013,0.34194,-0.86332,0.01257,0.43204,-0.83162,-0.03051,0.49623,-0.74689,-0.05549,0.22600,-0.66240,0.01948,0.32762,-0.94481,-0.02282,0.43116,-0.87850,-0.05634,0.49044,-0.75343,-0.07059,0.18219,-0.66296,-0.03318,0.29360,-0.92678,-0.06839,0.41247,-0.86258,-0.08883,0.47788,-0.74154,-0.09377,0.14611,-0.61997,-0.09038,0.26828,-0.81025,-0.11174,0.38088,-0.80008,-0.12032,0.45014,-0.72775,-0.12242
C,-0.00000,0.00000,0.00000,0.16026,-0.11483,-0.00157,0.30115,-0.25319,-0.02047,0.43757,-0.28128,-0.06089,0.54203,-0.26653,-0.09960,0.27607,-0.61349,0.06789,0.34930,-0.85628,0.01495,0.43378,-0.82874,-0.03526,0.49424,-0.75613,-0.06480,0.24085,-0.65692,0.02671,0.32933,-0.94422,-0.02271,0.42760,-0.90085,-0.06564,0.48947,-0.79303,-0.08718,0.19759,-0.66658,-0.02750,0.29409,-0.93818,-0.06682,0.40651,-0.88762,-0.09330,0.47298,-0.77409,-0.10229,0.15796,-0.63854,-0.08649,0.27389,-0.82871,-0.10483,0.37885,-0.82160,-0.11330,0.44662,-0.75689,-0.11666
C,-0.00000,0.00000,0.00000,0.15384,-0.09600,-0.00357,0.29587,-0.23049,-0.02235,0.43189,-0.27365,-0.06161,0.53490,-0.28922,-0.09932,0.27077,-0.61082,0.05957,0.34530,-0.85807,0.00329,0.43172,-0.83344,-0.04686,0.49109,-0.76551,-0.07535,0.23524,-0.64968,0.02003,0.32405,-0.94604,-0.03327,0.42593,-0.90137,-0.07637,0.48815,-0.79952,-0.09680,0.19294,-0.65790,-0.03244,0.28956,-0.93456,-0.07805,0.40723,-0.88467,-0.10581,0.47560,-0.77791,-0.11381,0.15523,-0.63092,-0.08899,0.27226,-0.83193,-0.11195,0.37834,-0.82119,-0.12102,0.44489,-0.75458,-0.12355
C,-0.00000,0.00000,0.00000,0.15413,-0.07620,-0.00869,0.29652,-0.20002,-0.03033,0.42099,-0.25320,-0.07000,0.51198,-0.31495,-0.10763,0.28374,-0.59441,0.04078,0.35922,-0.84778,-0.02228,0.44602,-0.81941,-0.07588,0.50530,-0.74039,-0.10554,0.24526,-0.63976,0.00463,0.33299,-0.94293,-0.05408,0.43569,-0.89538,-0.09862,0.49727,-0.78340,-0.11956,0.19948,-0.64954,-0.04383,0.29474,-0.93512,-0.09094,0.40846,-0.88220,-0.11847,0.47328,-0.77097,-0.12719,0.15315,-0.61951,-0.09643,0.27265,-0.81920,-0.12423,0.37973,-0.81377,-0.13662,0.44831,-0.75603,-0.14078
C,-0.00000,0.00000,0.00000,0.16311,-0.07225,-0.00065,0.30215,-0.18109,-0.01903,0.41555,-0.22625,-0.05755,0.49090,-0.29680,-0.09381,0.29345,-0.58918,0.05281,0.36892,-0.83832,-0.00583,0.45101,-0.80706,-0.05680,0.50071,-0.72403,-0.08518,0.25587,-0.63213,0.01222,0.34386,-0.93902,-0.04146,0.44001,-0.88929,-0.08442,0.48977,-0.77567,-0.10513,0.21219,-0.64149,-0.04040,0.30610,-0.93150,-0.08195,0.41552,-0.87868,-0.10807,0.47197,-0.76435,-0.11737,0.16983,-0.60954,-0.09701,0.28816,-0.80552,-0.12221,0.39300,-0.79786,-0.13477,0.45666,-0.73763,-0.13957
C,-0.00000,0.00000,0.00000,0.17147,-0.02758,-0.00873,0.32391,-0.13769,-0.03062,0.44151,-0.18153,-0.06915,0.51877,-0.25496,-0.10388,0.30788,-0.57149,0.03887,0.39086,-0.82492,-0.02005,0.48319,-0.78003,-0.07019,0.54099,-0.67639,-0.09841,0.26633,-0.61450,0.00140,0.36665,-0.93036,-0.05191,0.47487,-0.86499,-0.09477,0.52433,-0.73579,-0.11555,0.21746,-0.61775,-0.04818,0.31157,-0.92181,-0.08901,0.43564,-0.87017,-0.12028,0.49721,-0.75316,-0.13376,0.17109,-0.57261,-0.10192,0.28984,-0.77651,-0.12868,0.40449,-0.77214,-0.14630,0.47246,-0.70969,-0.15511
C,-0.00000,0.00000,0.00000,0.17344,-0.06719,0.01098,0.31589,-0.17544,-0.00254,0.42922,-0.21616,-0.03893,0.50693,-0.28305,-0.07418,0.30650,-0.58590,0.07133,0.38677,-0.81997,0.01625,0.47108,-0.79665,-0.03513,0.52989,-0.73150,-0.06543,0.26617,-0.63182,0.02241,0.36143,-0.92835,-0.03051,0.46139,-0.88720,-0.07626,0.51913,-0.77905,-0.09947,0.21920,-0.63988,-0.03849,0.31953,-0.91786,-0.08163,0.43551,-0.87173,-0.11123,0.50084,-0.76544,-0.12274,0.17431,-0.60509,-0.10261,0.29485,-0.79407,-0.13137,0.40366,-0.79397,-0.14737,0.47517,-0.74563,-0.15458
C,-0.00000,0.00000,0.00000,0.16146,-0.05632,-0.01097,0.30615,-0.16863,-0.03404,0.41654,-0.21376,-0.07365,0.49417,-0.27816,-0.11173,0.30253,-0.57361,0.02836,0.38270,-0.82497,-0.03644,0.47184,-0.80078,-0.09074,0.52942,-0.72564,-0.12160,0.25912,-0.62569,-0.00734,0.34757,-0.93766,-0.06880,0.45333,-0.89047,-0.11533,0.51360,-0.77924,-0.13835,0.20881,-0.63583,-0.05449,0.30072,-0.93524,-0.10382,0.41740,-0.89001,-0.13590,0.48174,-0.78187,-0.14868,0.15708,-0.60018,-0.10545,0.27601,-0.79791,-0.13866,0.38497,-0.80492,-0.15821,0.45393,-0.76366,-0.16790
C,-0.00000,0.00000,0.00000,0.16900,-0.03245,-0.00533,0.31718,-0.14207,-0.02236,0.42860,-0.18785,-0.05720,0.51010,-0.24915,-0.08932,0.32286,-0.57198,0.05508,0.39642,-0.80931,0.00232,0.48087,-0.79431,-0.04733,0.54016,-0.72864,-0.07709,0.27757,-0.62538,0.01661,0.35732,-0.92150,-0.03194,0.45941,-0.88822,-0.07568,0.51904,-0.78765,-0.09857,0.22387,-0.63648,-0.03430,0.30435,-0.92111,-0.07352,0.42149,-0.89264,-0.10742,0.48913,-0.79710,-0.12363,0.16842,-0.59808,-0.08941,0.27782,-0.79128,-0.11461,0.38566,-0.80045,-0.13331,0.45568,-0.75609,-0.14417
C,-0.00000,0.00000,0.00000,0.16893,-0.00240,-0.00626,0.32383,-0.10843,-0.02069,0.43867,-0.15596,-0.05229,0.52232,-0.21719,-0.08011,0.32705,-0.56707,0.05885,0.39336,-0.82118,0.01132,0.47971,-0.80851,-0.03402,0.54379,-0.73822,-0.06105,0.28191,-0.61890,0.02252,0.36048,-0.91703,-0.02040,0.46864,-0.88339,-0.05975,0.53295,-0.77906,-0.07974,0.22839,-0.63332,-0.02656,0.30757,-0.92011,-0.05959,0.42664,-0.89421,-0.09158,0.49787,-0.79967,-0.10780,0.16969,-0.60157,-0.08043,0.27937,-0.79315,-0.10252,0.38945,-0.80251,-0.12193,0.46205,-0.75953,-0.13379
C,-0.00000,0.00000,0.00000,0.16377,0.00768,-0.02013,0.32582,-0.08551,-0.03593,0.43972,-0.14207,-0.06506,0.50882,-0.23230,-0.08887,0.32241,-0.54692,0.05575,0.38138,-0.79008,0.01149,0.45620,-0.80932,-0.03213,0.51721,-0.77102,-0.05798,0.28029,-0.60375,0.02990,0.34828,-0.89845,-0.01254,0.44295,-0.89655,-0.05198,0.51001,-0.81746,-0.07040,0.23005,-0.62803,-0.00971,0.31340,-0.90815,-0.04671,0.41652,-0.88767,-0.07560,0.48536,-0.80101,-0.08648,0.17286,-0.60792,-0.05488,0.28905,-0.80292,-0.08150,0.39079,-0.80960,-0.09788,0.46026,-0.76853,-0.10488
C,-0.00000,0.00000,0.00000,0.16288,0.02182,-0.02267,0.33049,-0.08764,-0.03868,0.45605,-0.14485,-0.06686,0.54576,-0.21053,-0.08989,0.32473,-0.53644,0.04785,0.39414,-0.78217,-0.00649,0.48514,-0.80171,-0.05860,0.56037,-0.75002,-0.08814,0.28235,-0.58909,0.02258,0.35818,-0.88855,-0.02900,0.46785,-0.88381,-0.07535,0.54582,-0.79653,-0.09727,0.22888,-0.61728,-0.01645,0.30576,-0.91050,-0.05877,0.42349,-0.89644,-0.09412,0.50454,-0.81347,-0.10806,0.16897,-0.60455,-0.06096,0.27685,-0.81174,-0.09023,0.38445,-0.82643,-0.11028,0.46139,-0.78312,-0.11898
C,-0.00000,0.00000,0.00000,0.17011,0.00298,-0.01762,0.34460,-0.11166,-0.02880,0.47033,-0.17186,-0.05240,0.56032,-0.22132,-0.07139,0.34524,-0.53603,0.05019,0.41223,-0.77906,0.00183,0.49354,-0.79930,-0.04399,0.55895,-0.75856,-0.07031,0.30376,-0.60054,0.02533,0.38525,-0.88301,-0.01931,0.48467,-0.87470,-0.05848,0.55491,-0.78793,-0.07707,0.25100,-0.63442,-0.01266,0.33728,-0.90666,-0.05228,0.44415,-0.88520,-0.08318,0.51653,-0.79327,-0.09486,0.18589,-0.62988,-0.05545,0.30267,-0.81893,-0.08272,0.40511,-0.82544,-0.09980,0.47672,-0.77859,-0.10695
C,-0.00000,0.00000,0.00000,0.16865,-0.00311,-0.02343,0.34161,-0.10440,-0.04203,0.46818,-0.15886,-0.07184,0.55678,-0.21722,-0.09701,0.34277,-0.53798,0.03476,0.40951,-0.78603,-0.02011,0.48822,-0.80290,-0.06933,0.54917,-0.75840,-0.09751,0.29896,-0.60666,0.01167,0.38149,-0.89278,-0.04107,0.47656,-0.87914,-0.08439,0.54235,-0.78536,-0.10513,0.24370,-0.64369,-0.02414,0.33796,-0.91313,-0.06893,0.44196,-0.88423,-0.10108,0.51064,-0.78827,-0.11342,0.17653,-0.64074,-0.06479,0.30542,-0.80613,-0.09530,0.40608,-0.80958,-0.11472,0.47476,-0.77020,-0.12332
C,-0.00000,0.00000,0.00000,0.16981,-0.00489,-0.02083,0.34306,-0.10889,-0.03760,0.47240,-0.16222,-0.06695,0.56536,-0.21657,-0.09235,0.34934,-0.54424,0.04190,0.42057,-0.78389,-0.01086,0.49796,-0.79551,-0.06055,0.55999,-0.74979,-0.09003,0.30612,-0.61278,0.01670,0.39269,-0.89356,-0.03508,0.48672,-0.87356,-0.07979,0.55383,-0.77761,-0.10218,0.25121,-0.64884,-0.02128,0.34757,-0.92138,-0.06625,0.44934,-0.88682,-0.09922,0.51766,-0.78520,-0.11247,0.18455,-0.64479,-0.06404,0.31186,-0.81913,-0.09526,0.41292,-0.81623,-0.11455,0.48371,-0.76638,-0.12343
C,-0.00000,0.00000,0.00000,0.17440,0.00819,-0.02071,0.35677,-0.10054,-0.03411,0.48909,-0.15083,-0.05918,0.58318,-0.18802,-0.07939,0.35915,-0.53250,0.04801,0.43209,-0.77720,-0.00301,0.51380,-0.78733,-0.05143,0.57892,-0.73565,-0.07926,0.31542,-0.60255,0.02464,0.40347,-0.88241,-0.02413,0.50016,-0.86593,-0.06733,0.56769,-0.77019,-0.08796,0.25998,-0.64049,-0.01202,0.35509,-0.90912,-0.05405,0.45942,-0.88306,-0.08773,0.52888,-0.78536,-0.10084,0.19298,-0.63839,-0.05355,0.31831,-0.80834,-0.08222,0.41849,-0.81338,-0.10167,0.48671,-0.77058,-0.11021
C,-0.00000,0.00000,0.00000,0.17370,0.00847,-0.02165,0.35151,-0.10220,-0.03548,0.48709,-0.14882,-0.06141,0.58346,-0.18781,-0.08211,0.35308,-0.52925,0.04867,0.42290,-0.77558,-0.00218,0.50456,-0.78770,-0.04960,0.56941,-0.73634,-0.07669,0.31098,-0.59819,0.02487,0.39561,-0.88163,-0.02349,0.49564,-0.86853,-0.06471,0.56505,-0.77324,-0.08380,0.25717,-0.63604,-0.01269,0.34928,-0.91105,-0.05531,0.45844,-0.88441,-0.08733,0.53099,-0.78398,-0.09895,0.19324,-0.63593,-0.05542,0.31494,-0.81017,-0.08605,0.41821,-0.81201,-0.10561,0.48972,-0.76105,-0.11359
C,-0.00000,0.00000,0.00000,0.17157,0.01447,-0.02350,0.34786,-0.10007,-0.03777,0.48594,-0.14820,-0.06485,0.58539,-0.19272,-0.08623,0.34508,-0.54086,0.05114,0.41322,-0.78921,0.00277,0.49475,-0.79510,-0.04122,0.55611,-0.73631,-0.06542,0.30491,-0.60386,0.02743,0.38603,-0.89518,-0.01810,0.48781,-0.87295,-0.05453,0.55367,-0.76805,-0.06893,0.25304,-0.63606,-0.01076,0.34132,-0.91928,-0.05155,0.45178,-0.88205,-0.07944,0.52150,-0.77170,-0.08732,0.19307,-0.63059,-0.05471,0.31070,-0.82153,-0.08452,0.41535,-0.80881,-0.10128,0.48504,-0.73632,-0.10645
C,-0.00000,0.00000,0.00000,0.17029,0.01005,-0.02569,0.34181,-0.10112,-0.04665,0.48237,-0.14060,-0.08056,0.58654,-0.17690,-0.10858,0.32583,-0.56671,0.04651,0.40051,-0.80577,-0.00260,0.48323,-0.80243,-0.05010,0.54674,-0.73251,-0.07779,0.28815,-0.62347,0.02160,0.37290,-0.90438,-0.02173,0.47466,-0.88017,-0.06023,0.54182,-0.77993,-0.07823,0.23594,-0.64506,-0.01762,0.32613,-0.93083,-0.05576,0.43737,-0.89322,-0.08380,0.50673,-0.78376,-0.09385,0.17764,-0.62097,-0.06327,0.28744,-0.82245,-0.09119,0.39810,-0.81922,-0.10783,0.47407,-0.75057,-0.11422
C,-0.00000,0.00000,0.00000,0.18174,0.00709,-0.00377,0.35340,-0.10584,-0.01933,0.49714,-0.14675,-0.05409,0.60992,-0.18789,-0.08496,0.33730,-0.57498,0.06715,0.42291,-0.81490,0.01758,0.51050,-0.78592,-0.03046,0.57633,-0.69735,-0.05868,0.29787,-0.63484,0.02706,0.39872,-0.91203,-0.01583,0.50458,-0.86337,-0.05534,0.57027,-0.74172,-0.07541,0.24664,-0.65947,-0.02687,0.35330,-0.93365,-0.06472,0.47316,-0.87493,-0.09522,0.54511,-0.75212,-0.10896,0.19262,-0.64127,-0.08553,0.31929,-0.82399,-0.11206,0.43338,-0.79649,-0.12954,0.50905,-0.71078,-0.13846
C,-0.00000,0.00000,0.00000,0.16298,-0.03112,0.00154,0.31763,-0.14143,-0.02065,0.45374,-0.18021,-0.06309,0.55431,-0.21595,-0.10400,0.29032,-0.61490,0.05600,0.38623,-0.83785,0.00405,0.48091,-0.80544,-0.04477,0.54907,-0.72066,-0.07385,0.25292,-0.66359,0.01458,0.38101,-0.92457,-0.02886,0.48964,-0.84304,-0.06756,0.54911,-0.70975,-0.08825,0.21119,-0.67080,-0.03819,0.34460,-0.91587,-0.07255,0.46882,-0.83061,-0.09602,0.53614,-0.69900,-0.10613,0.17569,-0.62932,-0.09515,0.31784,-0.79630,-0.11699,0.43393,-0.76896,-0.12838,0.50594,-0.69451,-0.13388
C,-0.00000,0.00000,0.00000,0.17098,-0.05253,-0.00649,0.31693,-0.16450,-0.03520,0.45338,-0.18166,-0.08154,0.55175,-0.21304,-0.12628,0.26825,-0.64950,0.04324,0.37561,-0.84432,-0.01279,0.47231,-0.80933,-0.06601,0.54626,-0.72135,-0.09739,0.23910,-0.68052,0.00433,0.38212,-0.92411,-0.03998,0.48629,-0.85513,-0.08058,0.54677,-0.72973,-0.10345,0.20837,-0.66165,-0.04593,0.35565,-0.89775,-0.08293,0.47638,-0.82684,-0.10570,0.54595,-0.70607,-0.11518,0.19157,-0.58759,-0.10074,0.33851,-0.75777,-0.12682,0.45142,-0.73759,-0.13637,0.52557,-0.67207,-0.13917
C,-0.00000,0.00000,0.00000,0.18358,-0.01377,0.00250,0.33125,-0.13515,-0.02168,0.47013,-0.16167,-0.06490,0.57210,-0.20339,-0.10753,0.26878,-0.64675,0.04936,0.38510,-0.84122,0.00506,0.48570,-0.80217,-0.04122,0.56151,-0.70827,-0.06939,0.23938,-0.67820,0.00688,0.39707,-0.91779,-0.02090,0.50569,-0.83826,-0.05088,0.56103,-0.71581,-0.06978,0.21085,-0.65942,-0.04549,0.36680,-0.90673,-0.06931,0.48868,-0.82817,-0.08476,0.55467,-0.70382,-0.09336,0.19857,-0.58370,-0.10224,0.34561,-0.76460,-0.12307,0.46127,-0.72912,-0.12725,0.53574,-0.63788,-0.12753
C,-0.00000,0.00000,0.00000,0.19353,-0.02834,0.02010,0.33140,-0.15234,-0.00037,0.46027,-0.17197,-0.04370,0.55686,-0.20752,-0.08880,0.24952,-0.65591,0.05866,0.37837,-0.84701,0.01459,0.47767,-0.80431,-0.03113,0.55060,-0.70611,-0.05843,0.22616,-0.67519,0.00646,0.40089,-0.91613,-0.02239,0.50963,-0.82991,-0.05427,0.55808,-0.69895,-0.07486,0.20986,-0.64424,-0.05398,0.37896,-0.88462,-0.07819,0.49891,-0.80332,-0.09414,0.55762,-0.67861,-0.10374,0.21301,-0.56289,-0.11703,0.35991,-0.74933,-0.13659,0.46657,-0.71688,-0.13969,0.53027,-0.62981,-0.14018
C,-0.00000,0.00000,0.00000,0.19828,-0.00389,0.02144,0.33819,-0.12879,0.00164,0.47007,-0.15512,-0.04083,0.57210,-0.19860,-0.08489,0.25266,-0.64899,0.05649,0.38924,-0.84466,0.01776,0.49206,-0.78557,-0.02288,0.56270,-0.67375,-0.04729,0.22561,-0.67159,0.00395,0.41073,-0.91176,-0.01730,0.52710,-0.81253,-0.04132,0.57655,-0.67908,-0.05801,0.21025,-0.64133,-0.05648,0.38680,-0.89981,-0.07611,0.51217,-0.80791,-0.08661,0.57290,-0.67587,-0.09420,0.21801,-0.55962,-0.11942,0.36823,-0.75503,-0.13773,0.47863,-0.70883,-0.13777,0.54416,-0.60241,-0.13658
C,-0.00000,0.00000,0.00000,0.20582,-0.00188,0.03781,0.34376,-0.13651,0.02720,0.47081,-0.17369,-0.00967,0.57500,-0.22210,-0.04986,0.24250,-0.65882,0.07676,0.38677,-0.84698,0.04527,0.49398,-0.77660,0.00996,0.56592,-0.65658,-0.01064,0.21849,-0.68146,0.01726,0.41318,-0.91065,0.00246,0.53536,-0.80403,-0.01748,0.58649,-0.66232,-0.03098,0.21131,-0.65044,-0.04927,0.39949,-0.89195,-0.06579,0.52688,-0.79006,-0.07444,0.58701,-0.65250,-0.08027,0.22767,-0.57048,-0.11691,0.37925,-0.76838,-0.13179,0.48695,-0.71395,-0.12834,0.55059,-0.59744,-0.12461
C,-0.00000,0.00000,0.00000,0.20590,-0.03169,0.03063,0.33499,-0.16828,0.01510,0.45873,-0.20455,-0.02458,0.55780,-0.24989,-0.06662,0.22890,-0.66697,0.06841,0.37428,-0.85221,0.03237,0.47561,-0.78599,-0.00817,0.54575,-0.67094,-0.03238,0.20758,-0.68652,0.01263,0.40122,-0.91598,-0.00772,0.51350,-0.81929,-0.03401,0.55879,-0.67898,-0.05223,0.20377,-0.65369,-0.05015,0.39001,-0.90022,-0.06928,0.51072,-0.80594,-0.08068,0.56575,-0.67109,-0.08880,0.22472,-0.57388,-0.11443,0.37367,-0.76222,-0.13159,0.47499,-0.71011,-0.13024,0.53314,-0.60149,-0.12802
C,-0.00000,0.00000,0.00000,0.21175,-0.03745,0.03965,0.34501,-0.17735,0.02717,0.46819,-0.21176,-0.01121,0.56555,-0.25265,-0.05355,0.22289,-0.67029,0.07564,0.37580,-0.84899,0.04195,0.47857,-0.78299,0.00317,0.54985,-0.66753,-0.01980,0.20217,-0.68657,0.01564,0.40682,-0.91351,-0.00310,0.52009,-0.81155,-0.02903,0.56371,-0.66310,-0.04664,0.20257,-0.65047,-0.05035,0.39740,-0.89506,-0.06743,0.51790,-0.79618,-0.07816,0.57238,-0.65806,-0.08556,0.22842,-0.56665,-0.11686,0.38442,-0.75601,-0.13209,0.48324,-0.70307,-0.12892,0.53910,-0.59674,-0.12505
C,-0.00000,0.00000,0.00000,0.21440,-0.03548,0.05430,0.34727,-0.17635,0.05014,0.46903,-0.21334,0.01672,0.56969,-0.24948,-0.02214,0.22741,-0.67056,0.09508,0.38147,-0.84955,0.06875,0.48374,-0.77980,0.03521,0.55270,-0.66195,0.01542,0.20578,-0.68689,0.02887,0.41204,-0.91117,0.01681,0.52623,-0.80748,-0.00472,0.56894,-0.65981,-0.01934,0.20646,-0.65064,-0.04284,0.40439,-0.89602,-0.05578,0.52503,-0.79772,-0.06340,0.57866,-0.66173,-0.06888,0.23371,-0.56814,-0.11415,0.39098,-0.75776,-0.12751,0.48938,-0.70730,-0.12328,0.54438,-0.60505,-0.11885
C,-0.00000,0.00000,0.00000,0.21159,-0.03149,0.04429,0.34846,-0.17050,0.03572,0.47314,-0.20675,-0.00004,0.57429,-0.24168,-0.04035,0.23336,-0.66459,0.08492,0.38589,-0.84318,0.05465,0.48886,-0.77488,0.01811,0.56022,-0.65674,-0.00373,0.21055,-0.68447,0.02264,0.41791,-0.90849,0.00620,0.53207,-0.80351,-0.01880,0.57592,-0.65556,-0.03583,0.20790,-0.65311,-0.04576,0.40476,-0.89568,-0.06137,0.52676,-0.79675,-0.07238,0.58161,-0.65908,-0.08030,0.23086,-0.57506,-0.11456,0.38772,-0.76276,-0.12966,0.48824,-0.70974,-0.12767,0.54489,-0.60442,-0.12508
C,-0.00000,0.00000,0.00000,0.20442,-0.02058,0.03372,0.34471,-0.16194,0.02104,0.47502,-0.19914,-0.01695,0.57405,-0.24646,-0.05824,0.23784,-0.65916,0.07817,0.38628,-0.83548,0.04464,0.48993,-0.77094,0.00585,0.56136,-0.65418,-0.01753,0.21491,-0.68028,0.01916,0.41694,-0.90894,0.00061,0.53166,-0.80329,-0.02683,0.57596,-0.65647,-0.04526,0.20720,-0.65612,-0.04708,0.39565,-0.90153,-0.06336,0.52040,-0.80513,-0.07706,0.57675,-0.66739,-0.08656,0.22232,-0.58510,-0.11497,0.37461,-0.77292,-0.13000,0.47845,-0.72459,-0.12960,0.53796,-0.61919,-0.12795
C,-0.00000,0.00000,0.00000,0.19546,-0.02945,0.02579,0.33958,-0.16478,0.01171,0.47069,-0.20287,-0.02528,0.56587,-0.24866,-0.06413,0.23779,-0.66445,0.07533,0.37827,-0.83849,0.04129,0.48041,-0.77831,0.00010,0.55389,-0.66545,-0.02523,0.21770,-0.68512,0.02267,0.40938,-0.91236,0.00334,0.52185,-0.81242,-0.02747,0.56873,-0.66581,-0.04867,0.20585,-0.66057,-0.03773,0.38430,-0.88930,-0.05378,0.50859,-0.80150,-0.07167,0.56737,-0.66682,-0.08447,0.21214,-0.58981,-0.10035,0.35870,-0.76695,-0.11391,0.46508,-0.71679,-0.11520,0.52724,-0.61134,-0.11555
C,-0.00000,0.00000,0.00000,0.18104,-0.00590,0.01951,0.33382,-0.15282,0.00862,0.47040,-0.19385,-0.02422,0.57216,-0.23218,-0.05888,0.25875,-0.64088,0.07081,0.37971,-0.82927,0.04243,0.48095,-0.77810,0.01150,0.55185,-0.67733,-0.00769,0.22361,-0.67920,0.02181,0.40161,-0.91581,0.00572,0.51859,-0.80694,-0.01349,0.57248,-0.66667,-0.02430,0.19171,-0.66905,-0.03580,0.36664,-0.89517,-0.05520,0.49240,-0.79808,-0.06782,0.55539,-0.66091,-0.07389,0.17686,-0.60945,-0.09608,0.32890,-0.78945,-0.11703,0.43669,-0.73669,-0.12014,0.49999,-0.62272,-0.11924
C,-0.00000,0.00000,0.00000,0.17927,0.00394,0.00096,0.33492,-0.12916,-0.01762,0.47625,-0.18223,-0.05528,0.58006,-0.22635,-0.09218,0.26814,-0.60841,0.05678,0.37480,-0.82512,0.02154,0.46995,-0.78250,-0.01407,0.53691,-0.69000,-0.03541,0.22931,-0.65385,0.01811,0.37858,-0.92557,-0.00631,0.49146,-0.82254,-0.02998,0.54315,-0.68116,-0.04158,0.19012,-0.65001,-0.03067,0.34052,-0.89569,-0.05406,0.46570,-0.79632,-0.07016,0.52899,-0.65412,-0.07650,0.16532,-0.59611,-0.08352,0.30127,-0.79199,-0.10000,0.41227,-0.74380,-0.10284,0.47970,-0.62975,-0.10253
C,-0.00000,0.00000,0.00000,0.15617,-0.00747,-0.01025,0.30761,-0.12512,-0.03697,0.44546,-0.17876,-0.08080,0.54422,-0.23422,-0.12253,0.24753,-0.61713,0.03230,0.34384,-0.86516,-0.01388,0.44624,-0.82243,-0.05629,0.51458,-0.72496,-0.08135,0.20746,-0.66152,0.00112,0.33878,-0.94087,-0.03043,0.45606,-0.85151,-0.05682,0.50784,-0.71337,-0.07030,0.16133,-0.66146,-0.04042,0.29535,-0.93628,-0.06821,0.42222,-0.84643,-0.08133,0.48334,-0.69952,-0.08454,0.12497,-0.61134,-0.08707,0.25670,-0.80655,-0.11091,0.36612,-0.77218,-0.11647,0.42817,-0.66221,-0.11514
C,-0.00000,0.00000,0.00000,0.15815,-0.01276,-0.01779,0.31605,-0.13801,-0.04214,0.45705,-0.18886,-0.08096,0.55707,-0.22272,-0.11498,0.27003,-0.59770,0.03169,0.36116,-0.86742,-0.02020,0.45752,-0.81588,-0.06265,0.51352,-0.70781,-0.08559,0.23255,-0.64283,0.00433,0.34718,-0.93780,-0.04018,0.45663,-0.84229,-0.07099,0.50225,-0.69978,-0.08188,0.18653,-0.65173,-0.03465,0.29744,-0.93178,-0.06946,0.41645,-0.84532,-0.08731,0.47276,-0.70364,-0.09008,0.14347,-0.61647,-0.07903,0.26536,-0.81032,-0.10276,0.37044,-0.77099,-0.10996,0.42516,-0.66546,-0.10856
C,-0.00000,0.00000,0.00000,0.15229,-0.01720,-0.01964,0.30854,-0.14294,-0.04538,0.44861,-0.19112,-0.08565,0.55064,-0.22669,-0.12106,0.26730,-0.59624,0.02693,0.35811,-0.87152,-0.03181,0.45564,-0.82102,-0.07649,0.51143,-0.70765,-0.09874,0.22930,-0.63832,-0.00039,0.34725,-0.93777,-0.05165,0.45351,-0.83721,-0.08163,0.49443,-0.68991,-0.08901,0.18163,-0.64787,-0.04005,0.29580,-0.93231,-0.08079,0.41209,-0.84270,-0.09636,0.46476,-0.69825,-0.09469,0.13558,-0.61474,-0.08519,0.25862,-0.80630,-0.11302,0.36360,-0.76963,-0.12002,0.41877,-0.66703,-0.11643
C,-0.00000,0.00000,0.00000,0.14996,-0.02655,-0.01909,0.30565,-0.15598,-0.04387,0.44673,-0.20940,-0.08302,0.55003,-0.24455,-0.11750,0.26450,-0.60222,0.02886,0.35820,-0.86436,-0.02858,0.45489,-0.81450,-0.07433,0.51071,-0.70273,-0.09799,0.22790,-0.64634,0.00148,0.34404,-0.93895,-0.04818,0.44983,-0.84807,-0.08007,0.49507,-0.70376,-0.09022,0.18128,-0.65707,-0.03805,0.29332,-0.93566,-0.07746,0.40971,-0.85332,-0.09546,0.46457,-0.71286,-0.09682,0.13608,-0.62514,-0.08300,0.25785,-0.81375,-0.10915,0.36305,-0.78115,-0.11683,0.42015,-0.68159,-0.11509
C,-0.00000,0.00000,0.00000,0.14846,-0.02024,-0.02345,0.30129,-0.14061,-0.05331,0.44034,-0.19385,-0.09816,0.54183,-0.24222,-0.13905,0.25490,-0.60521,0.02387,0.35474,-0.86243,-0.03609,0.45590,-0.81279,-0.08530,0.51734,-0.70028,-0.11146,0.21850,-0.65016,-0.00300,0.34202,-0.93969,-0.05341,0.45690,-0.84895,-0.08839,0.50828,-0.70013,-0.10199,0.17216,-0.65961,-0.04232,0.29453,-0.93494,-0.08506,0.41941,-0.84600,-0.10571,0.47760,-0.69610,-0.10861,0.12838,-0.62418,-0.08727,0.24885,-0.82184,-0.11626,0.35711,-0.78688,-0.12471,0.41656,-0.67510,-0.12341
C,-0.00000,0.00000,0.00000,0.15718,-0.01456,-0.02138,0.31972,-0.13849,-0.04591,0.46133,-0.18800,-0.08434,0.56365,-0.22050,-0.11721,0.28302,-0.58854,0.03445,0.37720,-0.84638,-0.02454,0.47650,-0.80130,-0.07320,0.53477,-0.69374,-0.09890,0.24568,-0.63527,0.00679,0.35402,-0.93524,-0.04553,0.46291,-0.84632,-0.08081,0.51129,-0.69981,-0.09264,0.19888,-0.65017,-0.03395,0.30149,-0.93181,-0.07305,0.41922,-0.84988,-0.09477,0.47667,-0.70925,-0.09902,0.15074,-0.62305,-0.08069,0.26607,-0.81607,-0.10494,0.37140,-0.77780,-0.11370,0.42982,-0.67471,-0.11343
C,-0.00000,0.00000,0.00000,0.15508,-0.01543,-0.02744,0.31809,-0.13604,-0.05470,0.45917,-0.18603,-0.09450,0.56156,-0.22133,-0.12913,0.28581,-0.58665,0.02800,0.37620,-0.83680,-0.03256,0.47607,-0.79440,-0.08412,0.53594,-0.68986,-0.11235,0.24817,-0.63561,0.00307,0.34798,-0.93750,-0.04979,0.46046,-0.85971,-0.08834,0.51539,-0.71833,-0.10370,0.19978,-0.64934,-0.03498,0.29504,-0.93688,-0.07684,0.41140,-0.85448,-0.10179,0.46827,-0.71374,-0.10850,0.14838,-0.61882,-0.07904,0.25968,-0.82144,-0.10735,0.36182,-0.77998,-0.11814,0.41675,-0.67384,-0.11925
C,-0.00000,0.00000,0.00000,0.16487,-0.01254,-0.01349,0.32599,-0.13565,-0.03350,0.46425,-0.18697,-0.06996,0.56577,-0.22421,-0.10153,0.29429,-0.57904,0.05030,0.39116,-0.83332,-0.00557,0.48984,-0.79257,-0.05397,0.54506,-0.68458,-0.07959,0.25757,-0.62776,0.01784,0.35892,-0.93337,-0.03131,0.46916,-0.85153,-0.06736,0.51922,-0.69822,-0.07961,0.20918,-0.64571,-0.02776,0.30669,-0.93142,-0.06582,0.42274,-0.83954,-0.08725,0.47442,-0.68793,-0.09084,0.15899,-0.62360,-0.07893,0.27132,-0.81925,-0.10288,0.37328,-0.76469,-0.11049,0.42303,-0.64469,-0.10924
C,-0.00000,0.00000,0.00000,0.16232,-0.01230,-0.02509,0.32410,-0.13157,-0.05099,0.46410,-0.18704,-0.09074,0.56595,-0.22698,-0.12397,0.29425,-0.57690,0.03620,0.38868,-0.84131,-0.02541,0.48823,-0.80253,-0.07653,0.54325,-0.69125,-0.10299,0.25840,-0.62313,0.00971,0.35589,-0.93453,-0.04475,0.46760,-0.85429,-0.08120,0.51678,-0.70128,-0.09257,0.20897,-0.63921,-0.03071,0.30103,-0.93282,-0.07231,0.41832,-0.84260,-0.09279,0.46983,-0.69122,-0.09469,0.15557,-0.61418,-0.07767,0.26125,-0.81667,-0.10420,0.36537,-0.76479,-0.11217,0.41666,-0.64685,-0.11019
C,-0.00000,0.00000,0.00000,0.16446,-0.01657,-0.02217,0.32533,-0.13643,-0.04585,0.46418,-0.18740,-0.08414,0.56532,-0.22543,-0.11641,0.29738,-0.57787,0.04449,0.39789,-0.83535,-0.01738,0.49564,-0.79617,-0.07055,0.55009,-0.68395,-0.09842,0.26042,-0.62412,0.01626,0.36331,-0.93167,-0.04135,0.47021,-0.85043,-0.08386,0.51748,-0.69097,-0.09886,0.21009,-0.64111,-0.02590,0.30382,-0.93299,-0.06987,0.41986,-0.84479,-0.09562,0.47187,-0.69292,-0.10059,0.15625,-0.61920,-0.07404,0.26587,-0.81907,-0.10208,0.36980,-0.76725,-0.11282,0.42153,-0.65044,-0.11285
C,-0.00000,0.00000,0.00000,0.16097,-0.02600,-0.01778,0.31552,-0.15027,-0.04068,0.45219,-0.20279,-0.07831,0.55273,-0.24003,-0.11149,0.28352,-0.58412,0.03740,0.38289,-0.83976,-0.02242,0.48162,-0.79098,-0.07206,0.53601,-0.68086,-0.09839,0.24646,-0.63053,0.00762,0.35138,-0.93623,-0.04775,0.46071,-0.83939,-0.08529,0.50680,-0.68093,-0.09778,0.19758,-0.64523,-0.03481,0.29604,-0.93149,-0.07826,0.41361,-0.83255,-0.10077,0.46390,-0.67944,-0.10410,0.14695,-0.62067,-0.08250,0.25625,-0.81744,-0.10986,0.35823,-0.76411,-0.11836,0.40741,-0.64740,-0.11736
C,-0.00000,0.00000,0.00000,0.14145,-0.04000,-0.01912,0.28309,-0.16516,-0.04767,0.41233,-0.21953,-0.09075,0.50906,-0.26395,-0.13074,0.23738,-0.60755,0.02185,0.32259,-0.86877,-0.03346,0.41818,-0.82339,-0.07732,0.47147,-0.72174,-0.10072,0.19909,-0.65081,-0.00507,0.30271,-0.95308,-0.05228,0.41185,-0.85319,-0.08121,0.45539,-0.70528,-0.09082,0.15365,-0.65336,-0.04317,0.25914,-0.92994,-0.08297,0.37731,-0.83373,-0.09758,0.42884,-0.68443,-0.09682,0.11285,-0.61272,-0.08639,0.22261,-0.81347,-0.11435,0.32538,-0.77646,-0.12007,0.37925,-0.66939,-0.11709
C,-0.00000,0.00000,0.00000,0.17495,-0.01467,-0.01328,0.32007,-0.14602,-0.04321,0.45947,-0.18969,-0.08823,0.56184,-0.22465,-0.12971,0.24167,-0.63402,0.02255,0.34094,-0.87781,-0.02659,0.44351,-0.82593,-0.06743,0.51339,-0.71803,-0.08934,0.20661,-0.66031,-0.00913,0.34910,-0.93708,-0.04393,0.46718,-0.84871,-0.06571,0.51588,-0.71013,-0.07460,0.17426,-0.63572,-0.05141,0.31230,-0.90995,-0.08377,0.43794,-0.82441,-0.09195,0.49739,-0.68224,-0.09019,0.15653,-0.56879,-0.09857,0.27898,-0.78383,-0.12451,0.38516,-0.74387,-0.12524,0.44510,-0.62657,-0.11915
C,-0.00000,0.00000,0.00000,0.17882,-0.03629,-0.00130,0.31885,-0.16857,-0.02848,0.45629,-0.20217,-0.07316,0.55564,-0.23724,-0.11448,0.22165,-0.64122,0.03845,0.33041,-0.87646,-0.01156,0.43456,-0.81875,-0.05682,0.50772,-0.70294,-0.08176,0.19472,-0.65990,-0.00122,0.34587,-0.93828,-0.03564,0.45962,-0.84307,-0.06299,0.50613,-0.69518,-0.07667,0.17253,-0.63237,-0.05102,0.31457,-0.90594,-0.07874,0.43775,-0.82110,-0.08833,0.49635,-0.68243,-0.08965,0.16837,-0.56464,-0.10514,0.29221,-0.78658,-0.12528,0.39734,-0.74917,-0.12359,0.45726,-0.63836,-0.11752
C,-0.00000,0.00000,0.00000,0.16893,-0.03747,-0.01174,0.30951,-0.16586,-0.04319,0.44525,-0.20537,-0.08977,0.54197,-0.25190,-0.13421,0.21278,-0.63652,0.02166,0.31753,-0.86433,-0.03117,0.42234,-0.82073,-0.07899,0.49924,-0.72035,-0.10688,0.18493,-0.66127,-0.01166,0.33230,-0.94317,-0.05158,0.44761,-0.84688,-0.08352,0.49625,-0.69913,-0.10104,0.16004,-0.63860,-0.05468,0.29923,-0.90825,-0.08616,0.42279,-0.82221,-0.10133,0.48197,-0.68276,-0.10694,0.15105,-0.57361,-0.10238,0.27173,-0.79125,-0.12548,0.37870,-0.76242,-0.12882,0.44139,-0.66049,-0.12727
C,-0.00000,0.00000,0.00000,0.17305,-0.03880,0.00264,0.31236,-0.16923,-0.02016,0.44408,-0.21020,-0.06262,0.53988,-0.25938,-0.10326,0.23043,-0.62373,0.05080,0.32371,-0.85749,0.00464,0.42233,-0.80554,-0.03861,0.48863,-0.70206,-0.06389,0.19703,-0.65511,0.00837,0.32682,-0.94509,-0.02701,0.44011,-0.84578,-0.05620,0.48610,-0.69748,-0.07059,0.16671,-0.64281,-0.04451,0.29364,-0.91631,-0.07321,0.41544,-0.82365,-0.08650,0.47026,-0.68130,-0.09003,0.15079,-0.58898,-0.10162,0.26983,-0.80387,-0.12119,0.37507,-0.76715,-0.12232,0.43282,-0.65972,-0.11949
C,-0.00000,0.00000,0.00000,0.17565,-0.02193,-0.00023,0.32263,-0.15103,-0.02232,0.45538,-0.19096,-0.06365,0.55265,-0.23517,-0.10147,0.24794,-0.61372,0.04743,0.33475,-0.86160,-0.00363,0.43417,-0.79748,-0.04903,0.50341,-0.68183,-0.07457,0.21181,-0.65295,0.00624,0.33684,-0.94156,-0.03456,0.45362,-0.84135,-0.06563,0.50420,-0.69401,-0.08008,0.17700,-0.64487,-0.04625,0.30179,-0.91600,-0.07990,0.42677,-0.81996,-0.09495,0.48560,-0.67590,-0.09827,0.15503,-0.59254,-0.10323,0.27071,-0.80564,-0.12509,0.37891,-0.76968,-0.12831,0.43962,-0.66454,-0.12656
C,-0.00000,0.00000,0.00000,0.17286,-0.03120,-0.01424,0.31808,-0.15851,-0.04216,0.45153,-0.20170,-0.08712,0.55548,-0.24746,-0.12822,0.26043,-0.60632,0.03118,0.33682,-0.86955,-0.03090,0.43481,-0.81226,-0.08389,0.50742,-0.69719,-0.11304,0.22416,-0.64673,-0.00363,0.33313,-0.94288,-0.05571,0.45010,-0.86070,-0.09512,0.50756,-0.72409,-0.11406,0.18547,-0.64548,-0.05106,0.29627,-0.93086,-0.09387,0.42335,-0.85211,-0.11839,0.48923,-0.71592,-0.12627,0.15534,-0.60291,-0.10357,0.26233,-0.82446,-0.13085,0.37374,-0.80038,-0.14030,0.44213,-0.70047,-0.14216
C,-0.00000,0.00000,0.00000,0.17266,-0.02972,-0.02997,0.32093,-0.15189,-0.06580,0.45636,-0.18780,-0.11412,0.55823,-0.23529,-0.15779,0.26626,-0.60451,0.01017,0.33795,-0.85904,-0.05666,0.43782,-0.81543,-0.11253,0.51489,-0.71317,-0.14349,0.22891,-0.64373,-0.01624,0.33097,-0.94364,-0.07499,0.44830,-0.86972,-0.11873,0.50862,-0.74070,-0.13965,0.18668,-0.63544,-0.05524,0.28913,-0.91512,-0.10195,0.41522,-0.85196,-0.13283,0.48391,-0.72787,-0.14424,0.15175,-0.58104,-0.09989,0.25753,-0.79898,-0.12880,0.36797,-0.79137,-0.14288,0.43800,-0.71086,-0.14777
C,-0.00000,0.00000,0.00000,0.17178,-0.01494,0.00837,0.31797,-0.13561,-0.01046,0.44936,-0.17193,-0.05132,0.55167,-0.21672,-0.08948,0.27722,-0.59783,0.05932,0.35020,-0.85313,0.01050,0.44390,-0.80232,-0.03482,0.50997,-0.69463,-0.06134,0.23925,-0.64331,0.01221,0.33994,-0.94045,-0.02782,0.45432,-0.86933,-0.06255,0.51018,-0.73797,-0.08051,0.19700,-0.64599,-0.04598,0.29983,-0.92418,-0.07525,0.42438,-0.85793,-0.09789,0.49121,-0.73111,-0.10867,0.16138,-0.60229,-0.10826,0.27155,-0.81166,-0.12352,0.38331,-0.79429,-0.13068,0.45408,-0.70462,-0.13445
C,-0.00000,0.00000,0.00000,0.18477,-0.05146,0.00565,0.33975,-0.17038,-0.01294,0.47430,-0.18840,-0.05330,0.57752,-0.21430,-0.09095,0.29452,-0.62226,0.07196,0.37535,-0.85164,0.02267,0.46439,-0.81554,-0.02772,0.53583,-0.72897,-0.05732,0.25994,-0.65625,0.02619,0.36455,-0.93118,-0.01435,0.47085,-0.88051,-0.05528,0.53323,-0.75945,-0.07696,0.22225,-0.65107,-0.03178,0.32702,-0.91703,-0.06185,0.44861,-0.86870,-0.08722,0.52136,-0.75512,-0.09787,0.19312,-0.60248,-0.09426,0.30640,-0.81079,-0.11043,0.41610,-0.80416,-0.11795,0.48979,-0.73283,-0.12011
D,-0.00000,0.00000,0.00000,0.06886,-0.03755,-0.08240,0.09853,-0.12386,-0.12896,0.05412,-0.21764,-0.16725,-0.00107,-0.30828,-0.20213,0.13087,-0.47478,-0.08640,0.12844,-0.71569,-0.13459,0.12618,-0.85873,-0.16819,0.12266,-0.99245,-0.19737,0.05194,-0.48424,-0.07602,0.05289,-0.66968,-0.14276,0.03403,-0.50845,-0.16541,0.02888,-0.37155,-0.17003,-0.01654,-0.44064,-0.07251,-0.02386,-0.58843,-0.13648,-0.03513,-0.43270,-0.12903,-0.03056,-0.31329,-0.11240,-0.07174,-0.37180,-0.07629,-0.07424,-0.46399,-0.13297,-0.07325,-0.36411,-0.13337,-0.06370,-0.27223,-0.12415
D,-0.00000,0.00000,0.00000,0.06749,-0.03930,-0.07578,0.10026,-0.12730,-0.12135,0.06005,-0.21093,-0.16154,0.00580,-0.29083,-0.19850,0.12380,-0.48126,-0.07796,0.11770,-0.71938,-0.12613,0.11317,-0.86250,-0.15753,0.10752,-0.99420,-0.18443,0.04769,-0.48942,-0.07155,0.04855,-0.66630,-0.14493,0.03612,-0.50263,-0.16963,0.03334,-0.35740,-0.17316,-0.01956,-0.45016,-0.07180,-0.02446,-0.59085,-0.14300,-0.03180,-0.42900,-0.13761,-0.02909,-0.30006,-0.11912,-0.07668,-0.38703,-0.07841,-0.07561,-0.47523,-0.13680,-0.07422,-0.37500,-0.13751,-0.06789,-0.28052,-0.12720
D,-0.00000,0.00000,0.00000,0.06909,-0.04764,-0.06759,0.10200,-0.14448,-0.10802,0.06228,-0.21589,-0.14591,0.01411,-0.28163,-0.18012,0.12358,-0.49736,-0.06075,0.11886,-0.73346,-0.10569,0.11331,-0.87058,-0.13725,0.10471,-0.99450,-0.16425,0.05068,-0.49416,-0.05892,0.05458,-0.66721,-0.13316,0.04358,-0.51326,-0.16339,0.04037,-0.37042,-0.17077,-0.01381,-0.45219,-0.06357,-0.01664,-0.60014,-0.13656,-0.02401,-0.43545,-0.13745,-0.02356,-0.29965,-0.12240,-0.07241,-0.38966,-0.07394,-0.06989,-0.47390,-0.13214,-0.06986,-0.37588,-0.13579,-0.06633,-0.28460,-0.12742
D,-0.00000,0.00000,0.00000,0.07642,-0.02697,-0.07631,0.12334,-0.12518,-0.12182,0.09669,-0.21925,-0.16254,0.04818,-0.29699,-0.19945,0.15143,-0.48545,-0.06929,0.14964,-0.72581,-0.11663,0.14597,-0.86737,-0.14708,0.13670,-0.99061,-0.17250,0.07160,-0.48849,-0.06369,0.08008,-0.67780,-0.13703,0.07359,-0.51906,-0.16076,0.07080,-0.37365,-0.16181,0.00046,-0.45034,-0.06564,0.00551,-0.61043,-0.13896,0.00436,-0.44183,-0.13181,0.00747,-0.30700,-0.10968,-0.06248,-0.38960,-0.07396,-0.04761,-0.49203,-0.13350,-0.04511,-0.39088,-0.13210,-0.04140,-0.29687,-0.11857
D,-0.00000,0.00000,0.00000,0.07383,-0.03537,-0.07463,0.11750,-0.12200,-0.11873,0.09899,-0.21670,-0.15837,0.07809,-0.32598,-0.19426,0.15373,-0.48883,-0.06701,0.15741,-0.73119,-0.11040,0.15545,-0.87081,-0.14079,0.14851,-0.98891,-0.16660,0.07649,-0.48935,-0.06087,0.09430,-0.68809,-0.12701,0.09461,-0.54057,-0.15187,0.09524,-0.40439,-0.15670,0.00603,-0.45172,-0.06237,0.02168,-0.63440,-0.12693,0.02615,-0.49040,-0.12510,0.03106,-0.36137,-0.11019,-0.05910,-0.39292,-0.07037,-0.04146,-0.52199,-0.12382,-0.03066,-0.44702,-0.12666,-0.02104,-0.35695,-0.11876
D,-0.00000,0.00000,0.00000,0.07308,-0.03210,-0.07194,0.11603,-0.12747,-0.11453,0.10019,-0.22465,-0.15404,0.08373,-0.33822,-0.19102,0.15875,-0.47793,-0.06668,0.16985,-0.72496,-0.11122,0.17299,-0.86467,-0.14167,0.16977,-0.98548,-0.16791,0.08298,-0.48705,-0.06466,0.10575,-0.69064,-0.13705,0.10089,-0.54625,-0.16762,0.09747,-0.40433,-0.17566,0.01213,-0.45187,-0.06996,0.03399,-0.64830,-0.13914,0.03288,-0.51336,-0.14437,0.03387,-0.37848,-0.13416,-0.05434,-0.39043,-0.08133,-0.03174,-0.52421,-0.14027,-0.02181,-0.45506,-0.14947,-0.01270,-0.35924,-0.14614
D,-0.00000,0.00000,0.00000,0.07425,-0.05222,-0.05466,0.11577,-0.16628,-0.08316,0.10196,-0.27119,-0.11100,0.09045,-0.38106,-0.13626,0.16341,-0.48930,-0.03046,0.17790,-0.72388,-0.06967,0.18410,-0.86597,-0.10086,0.17858,-0.98393,-0.12736,0.09375,-0.50789,-0.03215,0.11526,-0.72456,-0.09216,0.11133,-0.59802,-0.11811,0.10119,-0.47408,-0.12382,0.02568,-0.48339,-0.04187,0.03990,-0.68512,-0.09865,0.03970,-0.57323,-0.10492,0.03639,-0.45497,-0.09651,-0.04268,-0.42675,-0.05687,-0.02487,-0.57013,-0.10731,-0.01394,-0.51559,-0.11691,-0.00721,-0.43225,-0.11491
D,-0.00000,0.00000,0.00000,0.07448,-0.04873,-0.05995,0.11862,-0.16426,-0.09094,0.10786,-0.26926,-0.12090,0.09331,-0.37431,-0.14797,0.16891,-0.48345,-0.03508,0.18674,-0.72010,-0.07366,0.19390,-0.86304,-0.10282,0.18984,-0.98181,-0.12773,0.10038,-0.50298,-0.03531,0.12329,-0.72024,-0.09797,0.11511,-0.59595,-0.12517,0.10412,-0.47049,-0.13059,0.03245,-0.48105,-0.04383,0.04846,-0.67972,-0.10412,0.04261,-0.56582,-0.11263,0.03704,-0.44435,-0.10434,-0.03574,-0.43039,-0.05790,-0.01641,-0.57327,-0.11042,-0.00757,-0.51905,-0.12154,-0.00134,-0.43441,-0.11986
D,-0.00000,0.00000,0.00000,0.06888,-0.05119,-0.06530,0.10702,-0.15790,-0.10132,0.09759,-0.26116,-0.13445,0.09008,-0.37087,-0.16425,0.16527,-0.48712,-0.04546,0.18127,-0.72058,-0.08633,0.18962,-0.86612,-0.11910,0.18907,-0.98196,-0.14737,0.09379,-0.50165,-0.04258,0.12036,-0.71433,-0.10184,0.11132,-0.58220,-0.12937,0.10010,-0.46495,-0.13817,0.02420,-0.47729,-0.04793,0.04077,-0.67088,-0.10215,0.03487,-0.55796,-0.10815,0.03109,-0.44159,-0.10224,-0.04523,-0.42362,-0.05977,-0.02594,-0.56015,-0.10769,-0.01775,-0.50369,-0.11814,-0.01055,-0.42408,-0.11881
D,-0.00000,0.00000,0.00000,0.06470,-0.05372,-0.06546,0.10381,-0.15660,-0.10252,0.09551,-0.25294,-0.13711,0.08945,-0.35993,-0.16815,0.16059,-0.48805,-0.04902,0.17830,-0.72478,-0.09125,0.18780,-0.86468,-0.12267,0.18833,-0.98211,-0.14939,0.09044,-0.50002,-0.04661,0.11739,-0.70575,-0.11004,0.10972,-0.57093,-0.13712,0.10003,-0.44986,-0.14437,0.02230,-0.47334,-0.05228,0.04155,-0.67032,-0.10921,0.03737,-0.54633,-0.11246,0.03333,-0.42869,-0.10312,-0.04632,-0.41923,-0.06446,-0.02106,-0.55353,-0.11220,-0.01280,-0.49756,-0.12021,-0.00906,-0.42382,-0.11822
D,-0.00000,0.00000,0.00000,0.06401,-0.04775,-0.06544,0.10306,-0.14721,-0.10049,0.09913,-0.24868,-0.13271,0.09822,-0.35120,-0.16193,0.16175,-0.47927,-0.04709,0.17727,-0.71941,-0.08949,0.18956,-0.86111,-0.12401,0.19069,-0.98165,-0.15373,0.09338,-0.48988,-0.04279,0.12291,-0.69604,-0.10329,0.11792,-0.55495,-0.13214,0.10619,-0.43556,-0.14210,0.02500,-0.46561,-0.04663,0.04471,-0.65576,-0.10233,0.04235,-0.53037,-0.10992,0.03666,-0.40989,-0.10418,-0.04338,-0.41827,-0.05672,-0.01846,-0.55089,-0.10500,-0.00791,-0.48728,-0.11592,-0.00598,-0.40459,-0.11646
D,-0.00000,0.00000,0.00000,0.06709,-0.04229,-0.06277,0.11122,-0.13778,-0.09925,0.10473,-0.23331,-0.13372,0.09835,-0.32918,-0.16545,0.16297,-0.46891,-0.04750,0.18329,-0.70858,-0.09258,0.19607,-0.85668,-0.12620,0.19910,-0.97998,-0.15361,0.09698,-0.48295,-0.04633,0.12843,-0.69107,-0.11042,0.12311,-0.55450,-0.13493,0.11349,-0.42909,-0.13919,0.02966,-0.46020,-0.05338,0.04971,-0.64962,-0.11475,0.04911,-0.51488,-0.11536,0.04594,-0.39217,-0.10157,-0.03871,-0.41249,-0.06625,-0.01105,-0.54737,-0.11715,0.00097,-0.47349,-0.12091,0.00410,-0.38544,-0.11388
D,-0.00000,0.00000,0.00000,0.06494,-0.06013,-0.05353,0.10931,-0.17326,-0.08485,0.10588,-0.26887,-0.11754,0.09308,-0.33978,-0.14780,0.14846,-0.48631,-0.02957,0.17512,-0.72276,-0.07133,0.18783,-0.86224,-0.10029,0.18729,-0.98230,-0.12381,0.08663,-0.49798,-0.03261,0.11559,-0.69707,-0.09857,0.11952,-0.55280,-0.12184,0.11436,-0.42683,-0.12281,0.02341,-0.47486,-0.04390,0.04911,-0.67269,-0.11041,0.05832,-0.52788,-0.11071,0.05706,-0.40419,-0.09371,-0.04077,-0.42400,-0.06011,-0.01148,-0.55349,-0.11337,0.00457,-0.47019,-0.11612,0.00796,-0.38013,-0.10683
D,-0.00000,0.00000,0.00000,0.07032,-0.05203,-0.03658,0.12675,-0.16454,-0.06039,0.12555,-0.25492,-0.08871,0.11985,-0.32157,-0.11593,0.15391,-0.48575,-0.01486,0.19477,-0.71864,-0.05732,0.22088,-0.85585,-0.08822,0.22883,-0.97347,-0.11226,0.09508,-0.49722,-0.02499,0.14223,-0.70273,-0.08814,0.15645,-0.55288,-0.10960,0.14825,-0.41844,-0.10976,0.03400,-0.47853,-0.04239,0.07325,-0.68151,-0.10674,0.09357,-0.52112,-0.10267,0.08762,-0.38313,-0.08276,-0.03272,-0.42943,-0.06335,0.01408,-0.56239,-0.11398,0.03878,-0.46309,-0.11147,0.03776,-0.35990,-0.09827
D,-0.00000,0.00000,0.00000,0.08851,-0.07852,-0.04711,0.16772,-0.24069,-0.08389,0.19135,-0.37405,-0.12901,0.20923,-0.42015,-0.17167,0.19181,-0.63193,-0.01303,0.26111,-0.93685,-0.07955,0.31571,-0.94885,-0.11814,0.32207,-0.93530,-0.13856,0.12736,-0.65613,-0.02812,0.20012,-0.96520,-0.11018,0.24348,-0.78799,-0.13458,0.22872,-0.62064,-0.12911,0.05197,-0.64716,-0.05509,0.12751,-0.94367,-0.13783,0.17137,-0.74622,-0.13906,0.15028,-0.56744,-0.11641,-0.04001,-0.59650,-0.08682,0.05054,-0.78635,-0.15194,0.09557,-0.64582,-0.15486,0.08430,-0.48839,-0.14121
D,-0.00000,0.00000,0.00000,0.08082,-0.04840,-0.02170,0.14744,-0.15862,-0.04166,0.17351,-0.25825,-0.06849,0.17209,-0.29832,-0.09603,0.18350,-0.47162,0.00071,0.24989,-0.69315,-0.04391,0.29987,-0.83327,-0.08079,0.32572,-0.94547,-0.10862,0.12813,-0.49023,-0.01429,0.19092,-0.70270,-0.06656,0.20748,-0.56891,-0.08377,0.19795,-0.44426,-0.08302,0.06451,-0.47645,-0.03574,0.12055,-0.68616,-0.08690,0.14854,-0.53186,-0.07769,0.13898,-0.39779,-0.05716,-0.00297,-0.42541,-0.06006,0.06403,-0.55771,-0.10164,0.10347,-0.45020,-0.09335,0.10106,-0.33653,-0.07697
D,-0.00000,0.00000,0.00000,0.09685,-0.02323,-0.03479,0.19926,-0.20307,-0.06053,0.25172,-0.35382,-0.09753,0.32407,-0.40813,-0.12755,0.21883,-0.63772,0.01669,0.28500,-0.92194,-0.04381,0.32029,-0.78747,-0.07362,0.30525,-0.65631,-0.08079,0.15884,-0.65513,-0.00232,0.24325,-0.96996,-0.06768,0.29008,-0.78256,-0.08392,0.27461,-0.62924,-0.07106,0.08581,-0.64770,-0.03431,0.17285,-0.92850,-0.10652,0.21974,-0.69695,-0.10486,0.20078,-0.50084,-0.07837,-0.00622,-0.60004,-0.07014,0.09668,-0.79214,-0.12461,0.15276,-0.64473,-0.12157,0.15097,-0.47550,-0.10186
D,-0.00000,0.00000,0.00000,0.10063,-0.04737,-0.02610,0.19914,-0.21366,-0.04949,0.25076,-0.34327,-0.08525,0.31832,-0.37359,-0.11481,0.23463,-0.65709,0.02899,0.32242,-0.92629,-0.03780,0.35072,-0.80553,-0.07681,0.33366,-0.68874,-0.09042,0.16870,-0.67152,0.00512,0.26836,-0.96332,-0.05926,0.30200,-0.75632,-0.07636,0.28041,-0.60433,-0.06569,0.09184,-0.65408,-0.03226,0.18038,-0.92722,-0.10179,0.22555,-0.69300,-0.09574,0.20656,-0.51343,-0.06742,0.00222,-0.59300,-0.07296,0.11097,-0.77821,-0.12472,0.16316,-0.61861,-0.11671,0.15355,-0.45706,-0.09360
D,-0.00000,0.00000,0.00000,0.07208,-0.03501,-0.01723,0.14091,-0.14470,-0.03632,0.17385,-0.22772,-0.06260,0.21854,-0.26469,-0.09017,0.17486,-0.47937,0.00279,0.22776,-0.70720,-0.03975,0.26474,-0.84996,-0.07559,0.28111,-0.95968,-0.10280,0.12041,-0.48698,-0.01705,0.19244,-0.70727,-0.06244,0.21453,-0.55901,-0.07473,0.20079,-0.43648,-0.07132,0.05758,-0.46777,-0.04351,0.12185,-0.68905,-0.09475,0.15447,-0.51973,-0.08527,0.14061,-0.37911,-0.06482,-0.00848,-0.41173,-0.07215,0.06457,-0.54187,-0.11800,0.10447,-0.41092,-0.10986,0.09454,-0.28318,-0.09315
D,-0.00000,0.00000,0.00000,0.06734,-0.05222,-0.01971,0.13310,-0.16275,-0.03848,0.15744,-0.25443,-0.06486,0.17616,-0.31003,-0.09190,0.15105,-0.49313,0.00659,0.19592,-0.71275,-0.03155,0.22973,-0.85408,-0.06214,0.24241,-0.97017,-0.08587,0.09991,-0.49774,-0.01057,0.15478,-0.71655,-0.05745,0.18094,-0.57755,-0.07184,0.17431,-0.45574,-0.06972,0.04180,-0.47561,-0.03437,0.08721,-0.68800,-0.08586,0.11603,-0.52480,-0.07764,0.10666,-0.38778,-0.05788,-0.02197,-0.41927,-0.06061,0.03586,-0.55802,-0.10275,0.07146,-0.44182,-0.09487,0.06803,-0.32633,-0.07949
D,-0.00000,0.00000,0.00000,0.06771,-0.06392,-0.03818,0.12112,-0.16631,-0.06674,0.13207,-0.25183,-0.10035,0.12908,-0.31919,-0.13262,0.14095,-0.49245,-0.01645,0.18491,-0.72241,-0.05892,0.21325,-0.85966,-0.08843,0.22282,-0.97486,-0.11078,0.08318,-0.50287,-0.02628,0.12881,-0.70170,-0.08541,0.14587,-0.55339,-0.10298,0.13997,-0.42420,-0.10145,0.02218,-0.47754,-0.04374,0.06045,-0.66486,-0.10256,0.08228,-0.50199,-0.09387,0.07844,-0.36916,-0.07294,-0.04196,-0.41762,-0.06554,0.00129,-0.53539,-0.11113,0.02798,-0.43560,-0.10596,0.02931,-0.33775,-0.09210
D,-0.00000,0.00000,0.00000,0.06608,-0.06820,-0.04453,0.11804,-0.17490,-0.07529,0.11122,-0.26586,-0.10891,0.09660,-0.33836,-0.14033,0.14396,-0.50062,-0.02542,0.17825,-0.73101,-0.06481,0.19794,-0.86438,-0.09155,0.20265,-0.97925,-0.11321,0.07890,-0.50957,-0.03336,0.11123,-0.70542,-0.09458,0.12056,-0.56067,-0.11488,0.11388,-0.43124,-0.11515,0.01336,-0.48337,-0.04852,0.04527,-0.67275,-0.10860,0.05917,-0.52271,-0.10442,0.05491,-0.39511,-0.08678,-0.05345,-0.42514,-0.06815,-0.01133,-0.55573,-0.11487,0.00965,-0.46625,-0.11260,0.01045,-0.36948,-0.10108
D,-0.00000,0.00000,0.00000,0.07039,-0.04281,-0.04897,0.12268,-0.16426,-0.07773,0.11189,-0.26815,-0.10726,0.08087,-0.33085,-0.13453,0.16129,-0.47917,-0.03559,0.18500,-0.71906,-0.07301,0.19590,-0.86075,-0.09823,0.19722,-0.98036,-0.12010,0.09230,-0.49239,-0.03955,0.11336,-0.70394,-0.10218,0.10561,-0.56693,-0.12334,0.09863,-0.43049,-0.12353,0.02371,-0.46596,-0.04972,0.03999,-0.66028,-0.11103,0.03432,-0.51765,-0.10883,0.02913,-0.38779,-0.09170,-0.04335,-0.41228,-0.06420,-0.02163,-0.54222,-0.11566,-0.01751,-0.46553,-0.11831,-0.01792,-0.37600,-0.10936
D,-0.00000,0.00000,0.00000,0.07151,-0.04926,-0.06483,0.11856,-0.15445,-0.10146,0.10183,-0.24642,-0.13726,0.06862,-0.33857,-0.16922,0.15557,-0.49237,-0.04353,0.17480,-0.72747,-0.08641,0.18251,-0.86494,-0.11683,0.18052,-0.98357,-0.14170,0.08613,-0.50664,-0.04243,0.10539,-0.70454,-0.11247,0.09359,-0.56986,-0.14245,0.08296,-0.43589,-0.14849,0.02023,-0.48118,-0.04938,0.03250,-0.65092,-0.11897,0.02166,-0.50058,-0.12439,0.01400,-0.36330,-0.11104,-0.04318,-0.42818,-0.06222,-0.02858,-0.54757,-0.11914,-0.02754,-0.47084,-0.12745,-0.02523,-0.38066,-0.12202
D,-0.00000,0.00000,0.00000,0.06656,-0.04937,-0.06441,0.10118,-0.15680,-0.09819,0.07829,-0.25200,-0.12829,0.05078,-0.33042,-0.15545,0.14679,-0.47788,-0.04990,0.15784,-0.71110,-0.09377,0.16608,-0.86066,-0.12960,0.16799,-0.98579,-0.16086,0.07634,-0.48355,-0.04770,0.09933,-0.68641,-0.11431,0.08276,-0.55307,-0.14469,0.06893,-0.42798,-0.15427,0.00969,-0.44800,-0.05317,0.01543,-0.62879,-0.11867,-0.00215,-0.50288,-0.12655,-0.01074,-0.38072,-0.11847,-0.05234,-0.39134,-0.06413,-0.04677,-0.51051,-0.12383,-0.04520,-0.44006,-0.13535,-0.04056,-0.35383,-0.13342
D,-0.00000,0.00000,0.00000,0.07311,-0.04762,-0.05923,0.11386,-0.16372,-0.09121,0.07995,-0.26125,-0.12062,0.03517,-0.34667,-0.14681,0.14787,-0.48385,-0.04305,0.15801,-0.71923,-0.08090,0.15747,-0.86428,-0.10766,0.15396,-0.98808,-0.13094,0.07714,-0.49713,-0.04250,0.09386,-0.69891,-0.10591,0.07394,-0.57111,-0.13005,0.06276,-0.44148,-0.13261,0.01046,-0.46705,-0.04891,0.01711,-0.64150,-0.11307,0.00208,-0.50273,-0.11379,-0.00348,-0.38012,-0.09855,-0.05208,-0.40969,-0.06048,-0.03750,-0.52447,-0.11670,-0.03807,-0.44356,-0.12271,-0.03538,-0.35935,-0.11545
D,-0.00000,0.00000,0.00000,0.07347,-0.04585,-0.05720,0.11356,-0.16337,-0.08660,0.07973,-0.26369,-0.11372,0.03875,-0.35171,-0.13725,0.15140,-0.48646,-0.03618,0.15852,-0.71757,-0.07362,0.15778,-0.86351,-0.10211,0.15259,-0.98829,-0.12696,0.07997,-0.50145,-0.03583,0.09425,-0.70843,-0.09623,0.07716,-0.57815,-0.11922,0.06536,-0.44542,-0.12146,0.01214,-0.47553,-0.04278,0.01726,-0.65398,-0.10341,0.00385,-0.51050,-0.10123,-0.00374,-0.38345,-0.08474,-0.05172,-0.42171,-0.05516,-0.04134,-0.54019,-0.10891,-0.04130,-0.45426,-0.11249,-0.04058,-0.36537,-0.10388
D,-0.00000,0.00000,0.00000,0.07218,-0.04172,-0.06665,0.11275,-0.15843,-0.10242,0.07565,-0.25936,-0.13466,0.02990,-0.34192,-0.16317,0.14372,-0.48298,-0.04655,0.15009,-0.71672,-0.08554,0.14542,-0.86628,-0.11454,0.13839,-0.99038,-0.14018,0.07554,-0.49464,-0.04375,0.08582,-0.69431,-0.10689,0.06508,-0.56699,-0.13347,0.05521,-0.44098,-0.13894,0.01049,-0.46426,-0.04881,0.01230,-0.63745,-0.11334,-0.00509,-0.50531,-0.11750,-0.00855,-0.38497,-0.10556,-0.05006,-0.40639,-0.05989,-0.04445,-0.52636,-0.11835,-0.05017,-0.44969,-0.12765,-0.04696,-0.36314,-0.12324
D,-0.00000,0.00000,0.00000,0.07090,-0.04637,-0.06440,0.10988,-0.16917,-0.09875,0.06850,-0.27397,-0.12911,0.01871,-0.35666,-0.15579,0.13999,-0.48504,-0.04995,0.14139,-0.72232,-0.08938,0.13572,-0.86759,-0.11685,0.12782,-0.99180,-0.14081,0.06976,-0.49245,-0.04785,0.07483,-0.69754,-0.11286,0.05410,-0.56958,-0.13620,0.04532,-0.43964,-0.13776,0.00361,-0.45546,-0.05309,-0.00297,-0.61628,-0.12022,-0.01825,-0.47767,-0.12033,-0.02039,-0.35928,-0.10382,-0.05719,-0.39338,-0.06376,-0.05490,-0.50458,-0.12251,-0.05776,-0.42201,-0.12770,-0.05360,-0.33705,-0.11926
D,-0.00000,0.00000,0.00000,0.07151,-0.05771,-0.06723,0.10523,-0.18071,-0.10047,0.06206,-0.28171,-0.13009,0.01333,-0.36155,-0.15591,0.13696,-0.49406,-0.04375,0.13700,-0.72547,-0.08130,0.13215,-0.87021,-0.10816,0.12450,-0.99222,-0.13208,0.06502,-0.50251,-0.03997,0.07192,-0.70784,-0.10435,0.05272,-0.57877,-0.13130,0.04225,-0.44801,-0.13628,-0.00190,-0.46880,-0.04427,-0.00438,-0.64185,-0.11165,-0.02100,-0.50890,-0.11959,-0.02475,-0.38556,-0.10910,-0.06219,-0.41075,-0.05439,-0.06128,-0.52991,-0.11529,-0.06625,-0.45113,-0.12763,-0.06267,-0.36078,-0.12490
D,-0.00000,0.00000,0.00000,0.07154,-0.05907,-0.07353,0.10164,-0.18578,-0.10964,0.05454,-0.28527,-0.14000,0.00006,-0.36615,-0.16618,0.12736,-0.49658,-0.05370,0.12635,-0.72827,-0.09399,0.12433,-0.87229,-0.12305,0.11889,-0.99291,-0.14869,0.05570,-0.49928,-0.04770,0.06572,-0.71475,-0.11289,0.04702,-0.58835,-0.13984,0.03493,-0.45906,-0.14565,-0.00869,-0.45634,-0.05022,-0.01817,-0.63035,-0.11803,-0.03119,-0.50166,-0.12426,-0.03111,-0.38411,-0.11349,-0.06713,-0.38883,-0.05907,-0.07807,-0.51377,-0.11954,-0.07682,-0.43670,-0.13002,-0.06478,-0.35134,-0.12686
D,-0.00000,0.00000,0.00000,0.06965,-0.06190,-0.07656,0.10424,-0.18703,-0.11437,0.06695,-0.29155,-0.14603,0.01638,-0.37221,-0.17336,0.13013,-0.50515,-0.05324,0.13081,-0.73353,-0.09233,0.12846,-0.87420,-0.12222,0.12231,-0.99249,-0.14978,0.05842,-0.50799,-0.04645,0.06782,-0.73529,-0.11268,0.05223,-0.61396,-0.14567,0.04431,-0.48877,-0.15698,-0.00643,-0.46865,-0.04818,-0.01294,-0.66157,-0.11678,-0.02775,-0.54301,-0.13213,-0.02704,-0.42267,-0.12915,-0.06578,-0.40256,-0.05633,-0.06934,-0.52607,-0.12036,-0.07088,-0.45197,-0.13981,-0.06044,-0.36243,-0.14437
D,-0.00000,0.00000,0.00000,0.06776,-0.06422,-0.06657,0.09926,-0.19062,-0.09599,0.06206,-0.30658,-0.11983,0.02324,-0.41242,-0.13988,0.13835,-0.50200,-0.04294,0.13912,-0.72891,-0.07639,0.13374,-0.87210,-0.10046,0.12690,-0.99192,-0.12293,0.06692,-0.50822,-0.03750,0.07401,-0.73209,-0.09365,0.05598,-0.61094,-0.11658,0.04916,-0.48813,-0.12095,0.00103,-0.46586,-0.04016,-0.01081,-0.65676,-0.10445,-0.02534,-0.53444,-0.11262,-0.02446,-0.42375,-0.10417,-0.05713,-0.39839,-0.04775,-0.06345,-0.51870,-0.11006,-0.06608,-0.44414,-0.12417,-0.05945,-0.36496,-0.12361
D,-0.00000,0.00000,0.00000,0.07103,-0.08968,-0.04916,0.10732,-0.21732,-0.07485,0.07482,-0.36011,-0.09845,0.03131,-0.46648,-0.11921,0.15898,-0.51319,-0.01852,0.15989,-0.73695,-0.05037,0.14934,-0.87897,-0.07927,0.14368,-0.98962,-0.10560,0.08396,-0.53442,-0.01732,0.09246,-0.74298,-0.05888,0.07860,-0.59657,-0.07248,0.07721,-0.49469,-0.07395,0.01486,-0.50771,-0.02337,0.01975,-0.69777,-0.06740,0.01104,-0.56567,-0.05421,0.01571,-0.45997,-0.03675,-0.04820,-0.43368,-0.03467,-0.03784,-0.58884,-0.07737,-0.03619,-0.50647,-0.07108,-0.02936,-0.42370,-0.05889
D,-0.00000,0.00000,0.00000,0.06647,-0.10428,-0.04921,0.09496,-0.24078,-0.06909,0.06304,-0.39724,-0.08472,0.02311,-0.51198,-0.09674,0.15585,-0.51108,-0.01240,0.15734,-0.73806,-0.04059,0.14761,-0.87602,-0.06957,0.14543,-0.98937,-0.09686,0.07649,-0.52854,-0.00636,0.08768,-0.73912,-0.04406,0.07277,-0.58487,-0.05815,0.07202,-0.48781,-0.06148,0.00749,-0.49797,-0.00717,0.01666,-0.68763,-0.04846,0.00902,-0.55817,-0.03550,0.01785,-0.46240,-0.01953,-0.05124,-0.42535,-0.01284,-0.04172,-0.58517,-0.05209,-0.04234,-0.50064,-0.04317,-0.03392,-0.41905,-0.03034
D,-0.00000,0.00000,0.00000,0.06109,-0.09653,-0.06665,0.08446,-0.24644,-0.09030,0.03843,-0.39362,-0.10582,-0.01208,-0.50458,-0.11718,0.14942,-0.51700,-0.03100,0.15327,-0.73785,-0.06068,0.14880,-0.87448,-0.08743,0.14670,-0.98918,-0.11279,0.06953,-0.53399,-0.01880,0.08878,-0.74313,-0.06359,0.07745,-0.59113,-0.07953,0.06945,-0.47922,-0.08207,-0.00249,-0.50182,-0.01484,0.00885,-0.69808,-0.06633,0.00687,-0.56659,-0.06074,0.01411,-0.46943,-0.04704,-0.06239,-0.43533,-0.01682,-0.05246,-0.59411,-0.06683,-0.04524,-0.50281,-0.06624,-0.03333,-0.42019,-0.05759
D,-0.00000,0.00000,0.00000,0.06174,-0.09505,-0.05924,0.08021,-0.24359,-0.08135,0.03079,-0.39766,-0.09697,-0.02074,-0.50707,-0.10811,0.15411,-0.51290,-0.01760,0.16502,-0.73396,-0.04628,0.16249,-0.87412,-0.07496,0.16364,-0.98652,-0.10203,0.07219,-0.52788,-0.00728,0.09165,-0.73574,-0.04916,0.07161,-0.57639,-0.06480,0.06265,-0.46970,-0.06742,-0.00043,-0.49281,-0.00484,0.00964,-0.67747,-0.05181,0.00243,-0.55255,-0.04185,0.01021,-0.45878,-0.02612,-0.06062,-0.41872,-0.00799,-0.05489,-0.57694,-0.05285,-0.05200,-0.49516,-0.04776,-0.03986,-0.41976,-0.03657
D,-0.00000,0.00000,0.00000,0.06171,-0.08391,-0.06213,0.08046,-0.23390,-0.08490,0.02748,-0.38735,-0.10139,-0.02619,-0.50496,-0.11341,0.15473,-0.51445,-0.01836,0.16808,-0.72652,-0.04914,0.16739,-0.86902,-0.07865,0.16980,-0.98548,-0.10601,0.07102,-0.53017,-0.00787,0.08967,-0.73243,-0.05100,0.06703,-0.58626,-0.06656,0.05847,-0.47912,-0.06871,-0.00222,-0.49913,-0.00637,0.00910,-0.68265,-0.05427,0.00046,-0.55826,-0.04341,0.00797,-0.46358,-0.02633,-0.06387,-0.42874,-0.01125,-0.05919,-0.58900,-0.05835,-0.05352,-0.50587,-0.05476,-0.03912,-0.42971,-0.04373
D,-0.00000,0.00000,0.00000,0.06054,-0.08367,-0.06400,0.07686,-0.23513,-0.08772,0.02591,-0.38214,-0.10487,-0.02630,-0.50102,-0.11793,0.15339,-0.51126,-0.02717,0.16749,-0.73270,-0.06018,0.16660,-0.86911,-0.09208,0.17026,-0.98540,-0.12155,0.07079,-0.52632,-0.01645,0.08904,-0.74059,-0.06402,0.06631,-0.59162,-0.08748,0.05818,-0.47968,-0.09598,-0.00101,-0.49711,-0.01365,0.01170,-0.68944,-0.06454,0.00064,-0.57037,-0.06285,0.00642,-0.47412,-0.05278,-0.06118,-0.43139,-0.01680,-0.05427,-0.59239,-0.06534,-0.05429,-0.51619,-0.06763,-0.04351,-0.44072,-0.06215
D,-0.00000,0.00000,0.00000,0.06127,-0.09058,-0.07065,0.08094,-0.23698,-0.09713,0.02498,-0.38185,-0.11509,-0.02964,-0.49424,-0.12866,0.15470,-0.51350,-0.03529,0.16673,-0.73757,-0.06474,0.16549,-0.87019,-0.09346,0.17005,-0.98544,-0.12097,0.07222,-0.52845,-0.02191,0.08423,-0.74027,-0.06787,0.06168,-0.59277,-0.09225,0.05572,-0.48225,-0.10181,0.00048,-0.49815,-0.01605,0.00674,-0.68419,-0.06703,-0.00332,-0.56475,-0.06978,0.00553,-0.47013,-0.06297,-0.05972,-0.43472,-0.01623,-0.05487,-0.59757,-0.06467,-0.05408,-0.51944,-0.06811,-0.04076,-0.44047,-0.06372
D,-0.00000,0.00000,0.00000,0.05709,-0.07751,-0.06194,0.07055,-0.22836,-0.08355,0.01582,-0.38171,-0.09887,-0.03704,-0.50008,-0.11028,0.15314,-0.50350,-0.02309,0.16846,-0.72280,-0.05490,0.16735,-0.86702,-0.08465,0.17057,-0.98535,-0.11149,0.07246,-0.52548,-0.01290,0.08533,-0.72022,-0.05945,0.06016,-0.57221,-0.07854,0.05339,-0.46213,-0.08194,0.00217,-0.50647,-0.01091,0.01053,-0.67095,-0.05958,0.00330,-0.54462,-0.05170,0.01348,-0.45781,-0.03630,-0.05434,-0.45016,-0.01510,-0.05032,-0.59823,-0.05870,-0.04435,-0.51195,-0.05374,-0.02826,-0.43931,-0.04224
D,-0.00000,0.00000,0.00000,0.05268,-0.08077,-0.06504,0.06609,-0.22068,-0.09065,0.00988,-0.36374,-0.10957,-0.04731,-0.47255,-0.12397,0.14352,-0.50532,-0.03190,0.15524,-0.72816,-0.06574,0.15362,-0.87109,-0.09701,0.15640,-0.98769,-0.12451,0.06254,-0.52449,-0.01984,0.07284,-0.70128,-0.06852,0.04888,-0.55753,-0.09067,0.04164,-0.44828,-0.09702,-0.00731,-0.50579,-0.01566,-0.00383,-0.65247,-0.06054,-0.01143,-0.53586,-0.05516,-0.00174,-0.45054,-0.04310,-0.06218,-0.45373,-0.01825,-0.06303,-0.59197,-0.05655,-0.05828,-0.51494,-0.05285,-0.04149,-0.44430,-0.04333
D,-0.00000,0.00000,0.00000,0.05075,-0.12382,-0.10702,0.06212,-0.33295,-0.14784,-0.03030,-0.52557,-0.17320,-0.12138,-0.66920,-0.18357,0.11391,-0.81336,-0.06614,0.15266,-0.93002,-0.12732,0.14716,-0.89515,-0.16421,0.13511,-0.92134,-0.18591,0.01831,-0.82249,-0.04346,0.06217,-0.89658,-0.11863,0.05561,-0.66751,-0.13732,0.03992,-0.58466,-0.13577,-0.06532,-0.77114,-0.03597,-0.00343,-0.84514,-0.11853,-0.00290,-0.63210,-0.11209,-0.01205,-0.55455,-0.09012,-0.12504,-0.67748,-0.03720,-0.08382,-0.88437,-0.09520,-0.03816,-0.90722,-0.09186,-0.00604,-0.99998,-0.07808
D,-0.00000,0.00000,0.00000,0.04047,-0.09651,-0.05785,0.04296,-0.22970,-0.08539,-0.03186,-0.35054,-0.10744,-0.10423,-0.43620,-0.12467,0.10143,-0.55229,-0.03646,0.11973,-0.74200,-0.07810,0.11521,-0.87819,-0.11052,0.11279,-0.99362,-0.13645,0.01816,-0.56355,-0.02742,0.03037,-0.64348,-0.07666,0.01709,-0.47865,-0.08657,0.01004,-0.38673,-0.08384,-0.05650,-0.52657,-0.02662,-0.04934,-0.56656,-0.07766,-0.04010,-0.42811,-0.06077,-0.02818,-0.36933,-0.03803,-0.11326,-0.45145,-0.03175,-0.12402,-0.52530,-0.06924,-0.09759,-0.45134,-0.05458,-0.06825,-0.42599,-0.03501
D,-0.00000,0.00000,0.00000,0.04512,-0.05090,-0.07571,0.03245,-0.17102,-0.11143,-0.05823,-0.27662,-0.13848,-0.14338,-0.35446,-0.15953,0.09175,-0.53114,-0.07370,0.10203,-0.74231,-0.12967,0.09597,-0.87861,-0.16759,0.09206,-0.99575,-0.19568,0.00534,-0.55186,-0.05919,0.00561,-0.56881,-0.12077,-0.00857,-0.38054,-0.12939,-0.01570,-0.29114,-0.12638,-0.07076,-0.50831,-0.05427,-0.07511,-0.49766,-0.11809,-0.05921,-0.34384,-0.09721,-0.04114,-0.29165,-0.07074,-0.13022,-0.43198,-0.05672,-0.16058,-0.44902,-0.10236,-0.13030,-0.34919,-0.08731,-0.09638,-0.31677,-0.06647
D,-0.00000,0.00000,0.00000,0.04854,-0.03016,-0.10228,0.03670,-0.14533,-0.15008,-0.05665,-0.26499,-0.18062,-0.14356,-0.36542,-0.20273,0.09543,-0.51971,-0.11601,0.09298,-0.73040,-0.17677,0.07749,-0.87490,-0.21101,0.06877,-0.99763,-0.23619,0.00203,-0.56168,-0.08720,-0.00987,-0.54992,-0.15309,-0.01776,-0.36176,-0.15718,-0.01833,-0.28759,-0.15048,-0.07782,-0.53258,-0.06818,-0.08683,-0.48990,-0.13596,-0.06635,-0.33763,-0.11376,-0.04685,-0.30877,-0.08717,-0.13515,-0.46715,-0.05822,-0.16132,-0.44624,-0.10927,-0.12657,-0.33461,-0.09689,-0.09337,-0.31480,-0.07790
D,-0.00000,0.00000,0.00000,0.04592,-0.01154,-0.12685,0.01936,-0.08794,-0.19502,-0.08596,-0.16455,-0.23960,-0.18477,-0.24024,-0.27322,0.07674,-0.51196,-0.18424,0.06805,-0.72624,-0.26754,0.04242,-0.87363,-0.31550,0.02697,-0.99964,-0.34931,-0.02119,-0.55364,-0.14915,-0.02704,-0.48245,-0.23265,-0.03755,-0.29241,-0.23693,-0.03217,-0.21349,-0.23145,-0.10401,-0.51089,-0.12450,-0.10986,-0.41150,-0.20972,-0.08956,-0.25909,-0.18510,-0.06249,-0.22327,-0.15490,-0.17029,-0.43017,-0.11049,-0.20355,-0.38421,-0.17708,-0.16463,-0.28616,-0.16599,-0.12037,-0.26831,-0.14506
D,-0.00000,0.00000,0.00000,0.08257,-0.02889,-0.11565,0.10560,-0.10960,-0.18704,0.03082,-0.13370,-0.23580,-0.04861,-0.14911,-0.27408,0.07560,-0.48197,-0.21153,0.05140,-0.71290,-0.31606,0.02991,-0.86203,-0.37739,0.01201,-0.99993,-0.41905,-0.02756,-0.50440,-0.18139,-0.00781,-0.47587,-0.25643,-0.00730,-0.27872,-0.24289,-0.01216,-0.20461,-0.23185,-0.11093,-0.46702,-0.16253,-0.08725,-0.40684,-0.23315,-0.05716,-0.24430,-0.18654,-0.03673,-0.20561,-0.14884,-0.18046,-0.39662,-0.15591,-0.17809,-0.35346,-0.21881,-0.13416,-0.24970,-0.20201,-0.09479,-0.22602,-0.17943
D,-0.00000,0.00000,0.00000,0.05567,-0.03455,-0.08283,0.05031,-0.12844,-0.12789,-0.03918,-0.18015,-0.16036,-0.12087,-0.22021,-0.18447,0.08054,-0.46731,-0.11903,0.05521,-0.72654,-0.19280,0.02779,-0.86926,-0.23877,0.01085,-0.99994,-0.27077,-0.00151,-0.46929,-0.10180,-0.01750,-0.57155,-0.17379,-0.02263,-0.35378,-0.17618,-0.01536,-0.24624,-0.16625,-0.07757,-0.43723,-0.09360,-0.08887,-0.54061,-0.15915,-0.07846,-0.36109,-0.12558,-0.05782,-0.28956,-0.08936,-0.14330,-0.38596,-0.09347,-0.15737,-0.45315,-0.14045,-0.13245,-0.34606,-0.12041,-0.09943,-0.30101,-0.09489
D,-0.00000,0.00000,0.00000,0.06363,-0.04968,-0.06577,0.07976,-0.17989,-0.10164,0.00398,-0.28867,-0.12967,-0.06716,-0.35637,-0.15198,0.10298,-0.48988,-0.07257,0.08065,-0.73078,-0.12717,0.05709,-0.87365,-0.16508,0.04419,-0.99902,-0.19584,0.01996,-0.49049,-0.06318,0.01718,-0.62263,-0.11500,0.01176,-0.43175,-0.11584,0.01093,-0.35336,-0.10967,-0.05158,-0.45800,-0.06247,-0.06141,-0.58216,-0.11445,-0.05138,-0.42720,-0.08401,-0.03269,-0.36597,-0.05511,-0.10732,-0.39852,-0.06897,-0.12290,-0.50140,-0.11728,-0.10132,-0.39821,-0.10334,-0.07233,-0.34513,-0.08440
D,-0.00000,0.00000,0.00000,0.07287,-0.04841,-0.07293,0.09165,-0.17756,-0.11435,0.01350,-0.28157,-0.14711,-0.06023,-0.36169,-0.17426,0.11090,-0.48337,-0.08976,0.08593,-0.73517,-0.14349,0.06134,-0.87087,-0.17750,0.04958,-0.99877,-0.20608,0.02258,-0.49431,-0.07979,0.01888,-0.60679,-0.13521,0.01612,-0.40580,-0.13649,0.02398,-0.32430,-0.13113,-0.05233,-0.46431,-0.07781,-0.06247,-0.57980,-0.13390,-0.05441,-0.40512,-0.10263,-0.03421,-0.33321,-0.07373,-0.10970,-0.40674,-0.08330,-0.12402,-0.49953,-0.13621,-0.11267,-0.37447,-0.12232,-0.09026,-0.30597,-0.10326
D,-0.00000,0.00000,0.00000,0.07038,-0.04951,-0.06880,0.09504,-0.16990,-0.10888,0.02284,-0.27215,-0.14215,-0.04359,-0.34946,-0.17000,0.11150,-0.48529,-0.07389,0.08993,-0.74108,-0.12397,0.07078,-0.87675,-0.15548,0.06048,-0.99817,-0.18127,0.02965,-0.48996,-0.06368,0.04158,-0.62523,-0.11245,0.04048,-0.44259,-0.11051,0.03906,-0.36405,-0.10295,-0.04197,-0.45629,-0.06220,-0.04071,-0.58957,-0.11378,-0.03131,-0.42796,-0.08190,-0.01741,-0.35332,-0.05276,-0.10098,-0.39653,-0.06801,-0.09893,-0.49209,-0.11777,-0.07871,-0.37693,-0.10365,-0.05738,-0.31176,-0.08420
D,-0.00000,0.00000,0.00000,0.06615,-0.07908,-0.04468,0.08172,-0.24836,-0.06026,0.01470,-0.37382,-0.07353,-0.04627,-0.45400,-0.08329,0.10795,-0.49848,-0.02349,0.10826,-0.72918,-0.05653,0.09796,-0.87199,-0.08220,0.09315,-0.99565,-0.10520,0.03497,-0.49914,-0.02145,0.05178,-0.68298,-0.06369,0.04535,-0.53481,-0.07182,0.04360,-0.43433,-0.06979,-0.03233,-0.46889,-0.02689,-0.03377,-0.65300,-0.07426,-0.02575,-0.52468,-0.06158,-0.01242,-0.43467,-0.04352,-0.09287,-0.41266,-0.03717,-0.09125,-0.55724,-0.08178,-0.06840,-0.47236,-0.07734,-0.04686,-0.39748,-0.06625
D,-0.00000,0.00000,0.00000,0.06671,-0.09493,-0.04219,0.07929,-0.27661,-0.05312,0.01996,-0.41114,-0.06159,-0.03521,-0.49715,-0.06670,0.12094,-0.51246,-0.01211,0.15369,-0.72336,-0.04516,0.17227,-0.86384,-0.07623,0.19007,-0.98177,-0.10294,0.05246,-0.51606,-0.00906,0.07191,-0.69805,-0.05247,0.05361,-0.55149,-0.06887,0.04408,-0.44896,-0.07138,-0.01154,-0.48516,-0.01279,-0.00517,-0.66694,-0.05911,-0.00768,-0.53871,-0.05482,-0.00199,-0.44230,-0.04210,-0.07098,-0.43081,-0.02082,-0.06335,-0.56494,-0.06460,-0.05482,-0.47860,-0.06333,-0.04469,-0.39810,-0.05395
D,-0.00000,0.00000,0.00000,0.07048,-0.09490,-0.04974,0.08431,-0.31345,-0.06299,0.02254,-0.47922,-0.07308,-0.03722,-0.57509,-0.07932,0.13885,-0.53959,-0.01745,0.18782,-0.75589,-0.05439,0.21621,-0.87183,-0.08690,0.24465,-0.96961,-0.11285,0.06533,-0.56187,-0.01259,0.09473,-0.78350,-0.06128,0.06836,-0.64444,-0.08182,0.05661,-0.52904,-0.08593,-0.00728,-0.54399,-0.01511,0.00457,-0.74929,-0.06620,-0.00200,-0.61598,-0.06554,0.00289,-0.50776,-0.05395,-0.07855,-0.49684,-0.02276,-0.06044,-0.65509,-0.06839,-0.05173,-0.56661,-0.06921,-0.04060,-0.47358,-0.06131
D,-0.00000,0.00000,0.00000,0.07565,-0.10713,-0.04876,0.08701,-0.33473,-0.06126,0.02290,-0.49407,-0.07060,-0.03945,-0.58027,-0.07552,0.14270,-0.55781,-0.02153,0.19926,-0.77917,-0.05822,0.22775,-0.88090,-0.08987,0.25392,-0.96723,-0.11478,0.06515,-0.58195,-0.01741,0.09060,-0.81815,-0.06498,0.06013,-0.68993,-0.08615,0.05005,-0.57482,-0.09140,-0.01109,-0.56404,-0.02008,-0.00204,-0.78350,-0.07067,-0.01006,-0.65052,-0.07143,-0.00357,-0.53328,-0.06083,-0.08651,-0.51295,-0.02778,-0.06663,-0.67983,-0.07401,-0.05766,-0.59936,-0.07650,-0.04538,-0.50616,-0.06962
D,-0.00000,0.00000,0.00000,0.07443,-0.10758,-0.05326,0.08285,-0.32045,-0.07033,0.01952,-0.47166,-0.08449,-0.04001,-0.57313,-0.09486,0.13112,-0.56490,-0.02713,0.18807,-0.78956,-0.06725,0.21922,-0.89049,-0.10174,0.24612,-0.96924,-0.12817,0.05637,-0.58508,-0.02381,0.08177,-0.82815,-0.07404,0.05223,-0.69941,-0.09991,0.04089,-0.57562,-0.10928,-0.01919,-0.55706,-0.02781,-0.01424,-0.77659,-0.08131,-0.02232,-0.65631,-0.08927,-0.01490,-0.54146,-0.08447,-0.09355,-0.49665,-0.03688,-0.08078,-0.66549,-0.08481,-0.07102,-0.59330,-0.09094,-0.05590,-0.50209,-0.08778
D,-0.00000,0.00000,0.00000,0.07168,-0.09852,-0.05076,0.08112,-0.30924,-0.06464,0.02057,-0.45844,-0.07510,-0.03733,-0.55560,-0.08160,0.13413,-0.54807,-0.02194,0.18346,-0.76029,-0.05852,0.21186,-0.87709,-0.09177,0.23877,-0.97108,-0.11856,0.05673,-0.56868,-0.01789,0.08726,-0.79152,-0.06317,0.05653,-0.66680,-0.08526,0.04691,-0.54900,-0.09231,-0.01755,-0.54413,-0.02113,-0.00927,-0.74868,-0.07002,-0.02180,-0.63690,-0.07329,-0.01331,-0.52599,-0.06574,-0.08951,-0.48655,-0.02956,-0.07471,-0.64789,-0.07711,-0.07060,-0.57737,-0.08175,-0.05695,-0.49005,-0.07672
D,-0.00000,0.00000,0.00000,0.07002,-0.10599,-0.04908,0.07716,-0.31664,-0.06360,0.01581,-0.46711,-0.07492,-0.03976,-0.57342,-0.08231,0.12600,-0.54377,-0.02706,0.17838,-0.76836,-0.06515,0.20694,-0.87873,-0.09779,0.23422,-0.97218,-0.12384,0.05360,-0.56339,-0.02398,0.08203,-0.79877,-0.07139,0.05278,-0.66230,-0.09301,0.04362,-0.54467,-0.09976,-0.01939,-0.53979,-0.02753,-0.01045,-0.74946,-0.07781,-0.02100,-0.62630,-0.08034,-0.01338,-0.51915,-0.07259,-0.09128,-0.48599,-0.03596,-0.07618,-0.64865,-0.08324,-0.07256,-0.56697,-0.08711,-0.06197,-0.47637,-0.08228
D,-0.00000,0.00000,0.00000,0.07084,-0.10170,-0.04992,0.07884,-0.31853,-0.06237,0.01998,-0.47432,-0.07075,-0.03060,-0.58878,-0.07467,0.13238,-0.55242,-0.02600,0.18244,-0.76739,-0.06582,0.20652,-0.88028,-0.09681,0.23124,-0.97290,-0.12074,0.05437,-0.57164,-0.02156,0.07930,-0.78747,-0.07033,0.04796,-0.64523,-0.08640,0.03806,-0.53720,-0.08716,-0.02012,-0.54626,-0.02456,-0.01126,-0.73481,-0.07764,-0.02461,-0.59418,-0.07207,-0.01916,-0.48576,-0.05644,-0.08992,-0.49013,-0.03275,-0.07527,-0.63288,-0.08584,-0.07406,-0.54494,-0.08838,-0.06570,-0.46279,-0.07971
E,0.00000,0.00000,0.00000,0.03543,0.07906,-0.24218,0.12078,0.00670,-0.39276,0.22372,-0.01392,-0.51345,0.34170,-0.00250,-0.62282,0.12347,-0.61949,-0.32823,0.12937,-0.72210,-0.52670,0.17311,-0.41907,-0.64478,0.20711,-0.16084,-0.70914,0.09589,-0.74998,-0.28606,0.09562,-0.93341,-0.50383,0.12062,-0.54852,-0.58534,0.13035,-0.23640,-0.61359,0.06316,-0.79511,-0.26697,0.07770,-0.99698,-0.47723,0.11570,-0.62933,-0.51413,0.12156,-0.32173,-0.50369,0.02623,-0.76172,-0.26365,0.07098,-0.85079,-0.43119,0.12344,-0.57349,-0.47126,0.15220,-0.33259,-0.47566
E,-0.00000,0.00000,0.00000,0.14026,-0.08466,-0.03724,0.22303,-0.36530,-0.04993,0.14947,-0.56003,-0.06681,0.02940,-0.52696,-0.07243,0.23466,-0.63702,0.01156,0.27867,-0.91742,-0.05022,0.25919,-0.76621,-0.08970,0.23045,-0.59570,-0.10706,0.14616,-0.68627,0.00578,0.19593,-0.98062,-0.04825,0.18886,-0.80318,-0.06211,0.16789,-0.65532,-0.05482,0.05986,-0.68687,-0.01318,0.10223,-0.96510,-0.06232,0.11341,-0.80914,-0.05166,0.10102,-0.66329,-0.02890,-0.03582,-0.64198,-0.03816,0.02036,-0.87197,-0.08112,0.03645,-0.77735,-0.07791,0.02450,-0.64868,-0.06331
E,-0.00000,0.00000,0.00000,0.14454,-0.10729,-0.02990,0.21602,-0.37370,-0.04118,0.13388,-0.56207,-0.05764,0.02085,-0.53117,-0.06245,0.22053,-0.63475,0.01431,0.25253,-0.92620,-0.04310,0.23349,-0.79019,-0.08456,0.21081,-0.63280,-0.10719,0.13173,-0.67411,0.00697,0.16970,-0.98550,-0.04559,0.16277,-0.79991,-0.06174,0.14698,-0.66248,-0.05956,0.05138,-0.67209,-0.01188,0.08362,-0.95891,-0.04951,0.09400,-0.80914,-0.03156,0.08166,-0.66238,-0.00873,-0.04664,-0.62064,-0.03746,0.00155,-0.86770,-0.06615,0.02218,-0.78927,-0.05734,0.01632,-0.66497,-0.04337
E,-0.00000,0.00000,0.00000,0.14734,-0.11950,-0.01717,0.21834,-0.39378,-0.02308,0.14007,-0.59500,-0.03630,0.03039,-0.54192,-0.03963,0.21094,-0.63941,0.02294,0.24229,-0.92569,-0.02486,0.22433,-0.79079,-0.05988,0.20430,-0.63825,-0.07912,0.12129,-0.68696,0.01136,0.15616,-0.98773,-0.03003,0.14705,-0.80440,-0.03931,0.13507,-0.67408,-0.03474,0.04035,-0.68667,-0.00993,0.07055,-0.96081,-0.03656,0.07379,-0.80342,-0.01486,0.05837,-0.65840,0.00720,-0.05715,-0.63226,-0.03724,-0.01164,-0.86600,-0.05771,0.00307,-0.78262,-0.04503,-0.00621,-0.66286,-0.03032
E,-0.00000,0.00000,0.00000,0.14349,-0.10046,-0.02787,0.21798,-0.37969,-0.03514,0.13541,-0.56541,-0.04858,0.02155,-0.52120,-0.05390,0.21622,-0.63886,0.01805,0.23757,-0.91758,-0.03689,0.21969,-0.78584,-0.07787,0.20209,-0.62187,-0.09905,0.12247,-0.68446,0.00913,0.15410,-0.98805,-0.03896,0.14237,-0.82024,-0.05613,0.12771,-0.66885,-0.05477,0.03355,-0.67880,-0.01144,0.05818,-0.95688,-0.05151,0.06016,-0.80079,-0.04435,0.04992,-0.64631,-0.02792,-0.06534,-0.62840,-0.03777,-0.02402,-0.84851,-0.07409,-0.01364,-0.76365,-0.07332,-0.02063,-0.64131,-0.06390
E,-0.00000,0.00000,0.00000,0.14137,-0.11759,-0.03315,0.21436,-0.39810,-0.04676,0.13616,-0.57803,-0.06538,0.02516,-0.52980,-0.07559,0.21204,-0.64722,0.00347,0.22989,-0.93006,-0.04668,0.21349,-0.80391,-0.08281,0.19908,-0.64864,-0.10267,0.12132,-0.68410,-0.00364,0.14309,-0.98971,-0.05078,0.13149,-0.82262,-0.06829,0.11989,-0.66738,-0.06885,0.03222,-0.67631,-0.02091,0.05132,-0.95930,-0.05575,0.05529,-0.80786,-0.04871,0.04929,-0.65404,-0.03456,-0.06505,-0.62766,-0.04459,-0.03199,-0.85418,-0.07382,-0.01632,-0.77221,-0.07214,-0.01774,-0.64831,-0.06454
E,-0.00000,0.00000,0.00000,0.14223,-0.09924,-0.04068,0.21813,-0.37531,-0.05293,0.13646,-0.55411,-0.06764,0.02141,-0.52378,-0.07325,0.21436,-0.64046,-0.00464,0.23147,-0.92631,-0.05740,0.20494,-0.79943,-0.09162,0.18986,-0.63558,-0.10807,0.12196,-0.68311,-0.00776,0.14350,-0.98965,-0.05651,0.12360,-0.81027,-0.07169,0.11388,-0.64939,-0.06903,0.03102,-0.67808,-0.02215,0.04423,-0.95161,-0.06365,0.04221,-0.79468,-0.05812,0.04163,-0.64108,-0.04281,-0.06462,-0.63173,-0.04314,-0.04262,-0.86739,-0.08256,-0.03187,-0.77749,-0.08403,-0.02739,-0.65014,-0.07644
E,-0.00000,0.00000,0.00000,0.14040,-0.08979,-0.05159,0.22538,-0.36644,-0.07100,0.15864,-0.55063,-0.09009,0.04993,-0.50441,-0.09697,0.22314,-0.64791,-0.01253,0.24072,-0.93095,-0.06575,0.21844,-0.78493,-0.09453,0.20944,-0.63094,-0.10697,0.13422,-0.68737,-0.01139,0.16066,-0.98701,-0.06024,0.14031,-0.80392,-0.07018,0.13640,-0.66031,-0.06362,0.04916,-0.68162,-0.02271,0.07488,-0.94905,-0.06725,0.06700,-0.78133,-0.05821,0.06790,-0.64597,-0.04044,-0.04175,-0.63436,-0.04068,0.00228,-0.84997,-0.08229,0.00297,-0.74176,-0.08209,0.00225,-0.62717,-0.07247
E,-0.00000,0.00000,0.00000,0.15095,-0.09840,-0.04414,0.23850,-0.36312,-0.06169,0.17157,-0.55304,-0.08044,0.06052,-0.50939,-0.08710,0.23264,-0.65405,-0.00162,0.25652,-0.92849,-0.05270,0.23262,-0.79375,-0.08477,0.21601,-0.64129,-0.10134,0.14251,-0.69762,-0.00416,0.17503,-0.98456,-0.05061,0.15461,-0.80246,-0.06315,0.14523,-0.66624,-0.06112,0.06130,-0.69298,-0.01847,0.08983,-0.95264,-0.05756,0.07910,-0.78923,-0.04476,0.07351,-0.64742,-0.02764,-0.03068,-0.63695,-0.03974,0.01600,-0.85552,-0.07790,0.01342,-0.75764,-0.07525,0.00925,-0.64245,-0.06536
E,-0.00000,0.00000,0.00000,0.15128,-0.10267,-0.03835,0.24175,-0.36335,-0.05232,0.17371,-0.55889,-0.06817,0.06099,-0.51413,-0.07220,0.23193,-0.65512,0.00075,0.25936,-0.92871,-0.04538,0.23596,-0.80603,-0.07439,0.21913,-0.66425,-0.09014,0.14056,-0.70051,-0.00364,0.17461,-0.98464,-0.04613,0.15845,-0.81041,-0.05686,0.14719,-0.68370,-0.05490,0.05994,-0.69251,-0.01848,0.08782,-0.96011,-0.05226,0.08568,-0.80301,-0.03497,0.07754,-0.66401,-0.01580,-0.03556,-0.62711,-0.03981,0.00865,-0.86287,-0.07224,0.01584,-0.77410,-0.06401,0.01188,-0.65222,-0.05059
E,-0.00000,0.00000,0.00000,0.15083,-0.10871,-0.03577,0.23449,-0.35634,-0.05312,0.16694,-0.54436,-0.07354,0.05585,-0.50462,-0.08172,0.21816,-0.64566,-0.00101,0.24213,-0.92978,-0.05402,0.22442,-0.79192,-0.08403,0.21325,-0.63508,-0.09802,0.12808,-0.68606,-0.00772,0.15945,-0.98721,-0.05493,0.14708,-0.79661,-0.06134,0.13718,-0.66449,-0.05416,0.04833,-0.67992,-0.02565,0.07735,-0.94914,-0.06467,0.07695,-0.77737,-0.04245,0.06668,-0.63519,-0.01777,-0.04799,-0.61651,-0.04992,-0.00471,-0.85621,-0.08336,0.00303,-0.75459,-0.07169,-0.00142,-0.63083,-0.05513
E,-0.00000,0.00000,0.00000,0.14742,-0.09770,-0.03302,0.23477,-0.33750,-0.04742,0.17211,-0.53229,-0.06711,0.06464,-0.50835,-0.07515,0.22302,-0.63771,0.01499,0.24193,-0.91577,-0.04135,0.22413,-0.76742,-0.08173,0.20628,-0.61456,-0.10323,0.13351,-0.68032,0.00679,0.16450,-0.98638,-0.04132,0.15313,-0.79444,-0.05563,0.14033,-0.65850,-0.05337,0.05191,-0.67787,-0.01367,0.08085,-0.95004,-0.05346,0.08043,-0.78972,-0.04076,0.06884,-0.64507,-0.02110,-0.04394,-0.62329,-0.04067,-0.00191,-0.85581,-0.07254,0.00737,-0.76974,-0.06655,0.00398,-0.64916,-0.05400
E,-0.00000,0.00000,0.00000,0.15033,-0.10557,-0.02503,0.24110,-0.34477,-0.03725,0.18055,-0.54431,-0.05527,0.07848,-0.51414,-0.05991,0.22404,-0.64491,0.01571,0.24738,-0.92988,-0.03822,0.22739,-0.77643,-0.07553,0.20865,-0.63024,-0.09692,0.13313,-0.68224,0.00411,0.16135,-0.98690,-0.04518,0.14643,-0.78263,-0.05769,0.13725,-0.66104,-0.05614,0.05582,-0.67848,-0.01829,0.08292,-0.95102,-0.05116,0.07737,-0.77802,-0.02660,0.06479,-0.63886,-0.00262,-0.03766,-0.61649,-0.04737,0.00328,-0.85693,-0.06761,0.01033,-0.76321,-0.05123,0.00434,-0.64631,-0.03456
E,-0.00000,0.00000,0.00000,0.15266,-0.09467,-0.02984,0.24612,-0.32945,-0.04263,0.18905,-0.53673,-0.06037,0.08232,-0.50566,-0.06428,0.23117,-0.63499,0.01485,0.25279,-0.91755,-0.03953,0.23232,-0.75944,-0.07552,0.21379,-0.60400,-0.09502,0.13839,-0.67854,0.00557,0.16695,-0.98597,-0.04228,0.15245,-0.78291,-0.05296,0.14421,-0.65580,-0.04970,0.05815,-0.67577,-0.01538,0.08385,-0.94786,-0.05055,0.08000,-0.77926,-0.02821,0.06922,-0.63840,-0.00512,-0.03894,-0.61447,-0.04317,0.00387,-0.84608,-0.06882,0.01152,-0.75638,-0.05676,0.00781,-0.63965,-0.04224
E,-0.00000,0.00000,0.00000,0.15352,-0.10054,-0.02765,0.24960,-0.33854,-0.04142,0.19067,-0.54288,-0.06104,0.08669,-0.50231,-0.06664,0.22628,-0.65341,0.01919,0.25087,-0.93281,-0.03794,0.23122,-0.77501,-0.07825,0.21078,-0.62421,-0.10099,0.13461,-0.69122,0.00797,0.16407,-0.98645,-0.04649,0.14906,-0.77633,-0.06122,0.13789,-0.64763,-0.05933,0.05561,-0.68732,-0.01489,0.08094,-0.95190,-0.05231,0.07795,-0.77128,-0.02701,0.06613,-0.62722,-0.00053,-0.04021,-0.62475,-0.04487,-0.00030,-0.85981,-0.06758,0.00874,-0.75731,-0.05013,0.00353,-0.63478,-0.03116
E,-0.00000,0.00000,0.00000,0.15508,-0.08992,-0.02626,0.25230,-0.33229,-0.03612,0.19331,-0.53527,-0.05173,0.08469,-0.50377,-0.05466,0.22293,-0.64436,0.02261,0.24891,-0.93514,-0.03102,0.22936,-0.79546,-0.07125,0.20892,-0.64169,-0.09455,0.13317,-0.68213,0.01246,0.16306,-0.98662,-0.03630,0.14745,-0.79142,-0.05181,0.13392,-0.65992,-0.05141,0.05556,-0.67851,-0.00924,0.08007,-0.95661,-0.04486,0.07608,-0.79108,-0.02515,0.06271,-0.64487,-0.00270,-0.03855,-0.61828,-0.03755,-0.00000,-0.85517,-0.06327,0.00673,-0.76282,-0.05104,-0.00096,-0.64084,-0.03545
E,-0.00000,0.00000,0.00000,0.15550,-0.10552,-0.02523,0.25358,-0.34041,-0.03713,0.19606,-0.54135,-0.05614,0.08972,-0.50949,-0.06199,0.22189,-0.65399,0.02748,0.24183,-0.93809,-0.03027,0.22612,-0.78677,-0.07568,0.20617,-0.63139,-0.10230,0.13253,-0.68578,0.01567,0.15630,-0.98771,-0.03673,0.14618,-0.78463,-0.05751,0.13377,-0.65135,-0.06120,0.05454,-0.68148,-0.00806,0.07647,-0.95765,-0.04413,0.07743,-0.78754,-0.02608,0.06479,-0.64050,-0.00514,-0.04049,-0.62103,-0.03871,-0.00260,-0.85684,-0.05958,0.00902,-0.76475,-0.04611,0.00349,-0.64404,-0.03098
E,-0.00000,0.00000,0.00000,0.15552,-0.09032,-0.03223,0.25581,-0.33432,-0.04643,0.20236,-0.52785,-0.06704,0.09835,-0.50415,-0.07692,0.21857,-0.63918,0.01336,0.23508,-0.93872,-0.04212,0.21930,-0.80113,-0.08280,0.20522,-0.64325,-0.10506,0.13101,-0.66835,0.00301,0.15410,-0.98806,-0.05014,0.13889,-0.79632,-0.07117,0.12665,-0.64302,-0.07267,0.05048,-0.66065,-0.01878,0.06823,-0.95045,-0.05983,0.06540,-0.79236,-0.05001,0.05567,-0.63987,-0.03194,-0.04232,-0.60516,-0.04716,-0.01115,-0.84106,-0.07390,-0.00084,-0.75714,-0.06565,-0.00286,-0.63256,-0.05294
E,-0.00000,0.00000,0.00000,0.16051,-0.09067,-0.03401,0.26063,-0.32262,-0.05012,0.20917,-0.51404,-0.07129,0.10587,-0.48943,-0.08083,0.22654,-0.64095,0.01108,0.23920,-0.93135,-0.04121,0.22258,-0.79036,-0.07914,0.21032,-0.63954,-0.10052,0.13516,-0.67473,0.00150,0.15480,-0.98795,-0.04448,0.14156,-0.79692,-0.06222,0.13460,-0.65555,-0.06455,0.05530,-0.66780,-0.01958,0.07387,-0.95282,-0.05544,0.07200,-0.79580,-0.04439,0.06528,-0.64741,-0.02845,-0.04037,-0.60881,-0.04738,-0.00393,-0.84236,-0.07337,0.00165,-0.75873,-0.06584,0.00055,-0.64144,-0.05474
E,-0.00000,0.00000,0.00000,0.15689,-0.07590,-0.03753,0.26402,-0.33370,-0.05285,0.21817,-0.51915,-0.07400,0.11077,-0.48630,-0.08472,0.22648,-0.64071,0.01206,0.24139,-0.92901,-0.03954,0.22150,-0.80120,-0.07330,0.20822,-0.65013,-0.09011,0.13618,-0.67702,0.00326,0.16059,-0.98702,-0.04507,0.14332,-0.81741,-0.06325,0.13555,-0.66251,-0.06191,0.05035,-0.67075,-0.01779,0.07760,-0.95705,-0.05812,0.07292,-0.80233,-0.05396,0.06839,-0.64865,-0.03876,-0.04348,-0.62401,-0.04545,-0.00234,-0.83892,-0.07862,0.00214,-0.75749,-0.07876,-0.00083,-0.63805,-0.06988
E,-0.00000,0.00000,0.00000,0.15919,-0.06312,-0.03987,0.27175,-0.31967,-0.05583,0.22827,-0.51803,-0.07680,0.11925,-0.47719,-0.08768,0.23717,-0.63174,0.00742,0.24731,-0.92424,-0.04027,0.22984,-0.79610,-0.07023,0.21674,-0.64405,-0.08481,0.14641,-0.67366,-0.00110,0.16633,-0.98607,-0.04453,0.15077,-0.81670,-0.05732,0.13996,-0.66434,-0.05228,0.05905,-0.66783,-0.02163,0.07959,-0.95776,-0.05929,0.07501,-0.80148,-0.05149,0.06867,-0.64969,-0.03418,-0.03409,-0.61903,-0.04899,0.00171,-0.83879,-0.08013,0.00595,-0.75070,-0.07610,0.00027,-0.62665,-0.06454
E,-0.00000,0.00000,0.00000,0.16970,-0.08079,-0.01210,0.27452,-0.29499,-0.01132,0.23063,-0.50733,-0.01586,0.11694,-0.49223,-0.00551,0.23912,-0.63201,0.03431,0.26458,-0.91843,-0.00702,0.24022,-0.79432,-0.02969,0.22079,-0.63105,-0.03897,0.14486,-0.68503,0.02229,0.17565,-0.98445,-0.02710,0.15354,-0.79608,-0.03559,0.14082,-0.65287,-0.02577,0.06108,-0.68918,0.00136,0.08051,-0.95850,-0.03676,0.07628,-0.79408,-0.01003,0.06574,-0.64821,0.02228,-0.04088,-0.62852,-0.02406,-0.01205,-0.88169,-0.04866,-0.00281,-0.78629,-0.02812,-0.00659,-0.65741,-0.00328
E,-0.00000,0.00000,0.00000,0.16791,-0.07517,-0.02605,0.28380,-0.31207,-0.03538,0.24009,-0.51420,-0.05206,0.12862,-0.49426,-0.05798,0.24054,-0.64739,0.02970,0.26458,-0.93089,-0.01949,0.24914,-0.79473,-0.05717,0.22961,-0.62920,-0.07693,0.15059,-0.68974,0.01888,0.17945,-0.98377,-0.02618,0.16530,-0.79638,-0.04336,0.14743,-0.63707,-0.04152,0.06747,-0.68817,-0.00351,0.09143,-0.96525,-0.03966,0.09111,-0.79630,-0.02791,0.07668,-0.63262,-0.00804,-0.03168,-0.63453,-0.03216,0.00356,-0.85949,-0.05881,0.01517,-0.75959,-0.04872,0.00743,-0.62690,-0.03285
E,-0.00000,0.00000,0.00000,0.17038,-0.05995,-0.04108,0.29310,-0.29048,-0.05516,0.24724,-0.50637,-0.07220,0.12871,-0.50363,-0.07864,0.25524,-0.62565,0.01112,0.27305,-0.91653,-0.03751,0.25805,-0.80779,-0.07262,0.24382,-0.64463,-0.09210,0.16071,-0.67076,0.00677,0.18598,-0.98255,-0.04242,0.16955,-0.81301,-0.06332,0.15795,-0.64356,-0.06513,0.07518,-0.67365,-0.00950,0.09747,-0.95399,-0.05455,0.09176,-0.80022,-0.05259,0.08056,-0.62763,-0.03884,-0.02732,-0.63040,-0.03240,0.01281,-0.85238,-0.07401,0.01698,-0.76370,-0.07765,0.00880,-0.62615,-0.07084
E,-0.00000,0.00000,0.00000,0.16727,-0.07331,-0.03750,0.27931,-0.30674,-0.04838,0.23523,-0.52958,-0.06488,0.13020,-0.56576,-0.07162,0.25040,-0.61163,0.02871,0.27189,-0.90861,-0.01850,0.25625,-0.80812,-0.05714,0.24077,-0.65272,-0.07922,0.15997,-0.66168,0.02273,0.18775,-0.98222,-0.02779,0.17322,-0.81713,-0.05979,0.16251,-0.65590,-0.07009,0.07747,-0.67158,0.00498,0.10248,-0.96482,-0.04131,0.10238,-0.82322,-0.04897,0.09085,-0.65546,-0.04241,-0.02426,-0.63364,-0.01888,0.01824,-0.85864,-0.05473,0.02859,-0.78610,-0.06031,0.02152,-0.66342,-0.05746
E,-0.00000,0.00000,0.00000,0.16424,-0.09444,-0.03160,0.26484,-0.33415,-0.04034,0.20633,-0.56512,-0.05512,0.09187,-0.58925,-0.05963,0.24851,-0.61511,0.02911,0.27598,-0.90854,-0.01472,0.26301,-0.80714,-0.04973,0.24736,-0.66337,-0.07109,0.15723,-0.66656,0.02302,0.19139,-0.98151,-0.02271,0.18281,-0.81553,-0.04440,0.16905,-0.66834,-0.05008,0.07150,-0.67564,0.00573,0.10072,-0.96497,-0.03401,0.10706,-0.81251,-0.02837,0.09568,-0.65185,-0.01578,-0.03451,-0.63224,-0.01776,0.01756,-0.85997,-0.04598,0.03181,-0.77910,-0.04249,0.02283,-0.65486,-0.03509
E,-0.00000,0.00000,0.00000,0.15890,-0.10488,-0.03072,0.25323,-0.35315,-0.04204,0.19354,-0.58630,-0.05969,0.07987,-0.60438,-0.06668,0.24563,-0.61326,0.01944,0.27837,-0.90654,-0.02997,0.26323,-0.77571,-0.06683,0.24191,-0.62452,-0.08773,0.15739,-0.66253,0.01220,0.19772,-0.98026,-0.03390,0.18694,-0.80904,-0.05263,0.17025,-0.66776,-0.05623,0.07072,-0.67288,-0.00615,0.10667,-0.96738,-0.04505,0.11060,-0.81518,-0.03811,0.09807,-0.65868,-0.02482,-0.03145,-0.63432,-0.03072,0.02381,-0.87084,-0.05688,0.04177,-0.80242,-0.05306,0.03602,-0.68294,-0.04594
E,-0.00000,0.00000,0.00000,0.15125,-0.10284,-0.03105,0.23873,-0.37697,-0.04118,0.18372,-0.60304,-0.05909,0.07570,-0.66373,-0.06862,0.23561,-0.59991,0.01263,0.27271,-0.89484,-0.04292,0.26697,-0.78107,-0.08190,0.24685,-0.62781,-0.10134,0.15023,-0.64578,0.00304,0.19281,-0.98124,-0.05111,0.19267,-0.83135,-0.07498,0.17157,-0.67140,-0.07816,0.06112,-0.65393,-0.01759,0.09769,-0.97508,-0.06313,0.11276,-0.83609,-0.06275,0.09811,-0.67064,-0.05039,-0.04141,-0.62212,-0.04409,0.00943,-0.86166,-0.07538,0.03853,-0.81442,-0.07651,0.03706,-0.70066,-0.07089
E,-0.00000,0.00000,0.00000,0.14513,-0.09383,-0.03517,0.22871,-0.38086,-0.04611,0.16250,-0.60386,-0.06349,0.04406,-0.62876,-0.07207,0.23539,-0.60586,0.00488,0.26595,-0.89730,-0.04627,0.25720,-0.77701,-0.08186,0.23993,-0.62071,-0.10027,0.14959,-0.65648,-0.00217,0.18941,-0.98190,-0.05076,0.18759,-0.82997,-0.07100,0.17119,-0.66930,-0.07232,0.05969,-0.66402,-0.02006,0.09233,-0.97983,-0.05914,0.10631,-0.84644,-0.05950,0.09656,-0.68626,-0.04915,-0.04164,-0.63065,-0.04435,0.00900,-0.86356,-0.07335,0.03301,-0.81149,-0.07699,0.02893,-0.69676,-0.07379
E,-0.00000,0.00000,0.00000,0.14181,-0.10658,-0.03267,0.22388,-0.37931,-0.04542,0.15833,-0.59887,-0.06478,0.04274,-0.63933,-0.07485,0.24355,-0.61039,0.00635,0.27607,-0.90208,-0.04792,0.25670,-0.76883,-0.08698,0.23336,-0.60660,-0.10749,0.15909,-0.66236,-0.00247,0.19727,-0.98035,-0.05056,0.18408,-0.81357,-0.07111,0.16451,-0.66008,-0.07473,0.07056,-0.67141,-0.02196,0.10279,-0.97524,-0.06066,0.10691,-0.82667,-0.05738,0.09511,-0.67177,-0.04630,-0.02731,-0.63716,-0.04769,0.02203,-0.86727,-0.07428,0.04013,-0.79428,-0.07218,0.03350,-0.67213,-0.06605
E,-0.00000,0.00000,0.00000,0.14076,-0.11284,-0.02993,0.22035,-0.39122,-0.04282,0.15186,-0.60639,-0.06351,0.03556,-0.63688,-0.07554,0.24040,-0.61425,0.00437,0.27160,-0.90897,-0.04773,0.24792,-0.77221,-0.08339,0.22568,-0.61042,-0.10167,0.15376,-0.66285,-0.00708,0.19189,-0.98142,-0.05316,0.17517,-0.81340,-0.07211,0.15871,-0.65702,-0.07513,0.06326,-0.66749,-0.02870,0.09657,-0.97408,-0.06411,0.09652,-0.82746,-0.05986,0.08603,-0.67358,-0.04905,-0.03493,-0.63226,-0.05646,0.01409,-0.86724,-0.08034,0.02937,-0.79779,-0.07734,0.02305,-0.67657,-0.07139
E,-0.00000,0.00000,0.00000,0.13532,-0.10158,-0.03977,0.20868,-0.38757,-0.05267,0.12986,-0.59247,-0.07096,0.00845,-0.60531,-0.07992,0.23775,-0.61878,0.00068,0.26302,-0.91235,-0.05181,0.24506,-0.78264,-0.08860,0.22749,-0.62693,-0.10825,0.15129,-0.66751,-0.00441,0.18704,-0.98235,-0.05123,0.17499,-0.81634,-0.07003,0.16064,-0.65761,-0.07204,0.06222,-0.67167,-0.02091,0.09168,-0.97642,-0.05803,0.09674,-0.83162,-0.05529,0.08884,-0.67880,-0.04472,-0.03502,-0.63702,-0.04443,0.01034,-0.87105,-0.07346,0.02756,-0.79824,-0.07480,0.02232,-0.67780,-0.07096
E,-0.00000,0.00000,0.00000,0.13200,-0.10180,-0.03758,0.20673,-0.38298,-0.05008,0.13439,-0.58711,-0.06881,0.01691,-0.60577,-0.07853,0.23345,-0.61601,0.00231,0.25913,-0.90985,-0.05088,0.23944,-0.78364,-0.08797,0.22115,-0.62610,-0.10751,0.14839,-0.66194,-0.00447,0.18454,-0.98283,-0.05411,0.17152,-0.82055,-0.07501,0.15754,-0.65848,-0.07782,0.05957,-0.66516,-0.02244,0.08970,-0.97026,-0.06249,0.09350,-0.82843,-0.06272,0.08575,-0.67418,-0.05337,-0.03683,-0.63031,-0.04699,0.00973,-0.85948,-0.07734,0.02466,-0.79366,-0.08089,0.01830,-0.67730,-0.07854
E,-0.00000,0.00000,0.00000,0.13265,-0.10342,-0.03762,0.20273,-0.38774,-0.04820,0.13212,-0.60422,-0.06289,0.02121,-0.61726,-0.06703,0.23223,-0.62137,0.00707,0.25990,-0.91961,-0.03913,0.24219,-0.79442,-0.07117,0.22758,-0.63766,-0.08784,0.14520,-0.67261,0.00433,0.18417,-0.98289,-0.03760,0.17072,-0.81855,-0.05308,0.15737,-0.67198,-0.05300,0.05818,-0.67721,-0.00941,0.09103,-0.97356,-0.04203,0.09562,-0.83748,-0.03559,0.08669,-0.69041,-0.02269,-0.04024,-0.63878,-0.02988,0.00671,-0.86494,-0.05417,0.02356,-0.80112,-0.05230,0.01808,-0.69094,-0.04608
E,-0.00000,0.00000,0.00000,0.13230,-0.10426,-0.04292,0.19824,-0.39001,-0.05529,0.12101,-0.59646,-0.07088,0.00760,-0.61345,-0.07728,0.23096,-0.61706,-0.00198,0.26042,-0.91277,-0.05420,0.24013,-0.78273,-0.09177,0.22220,-0.62622,-0.11168,0.14420,-0.66695,-0.00289,0.18142,-0.98341,-0.04939,0.16769,-0.82012,-0.06889,0.15247,-0.66895,-0.07175,0.05574,-0.67410,-0.01513,0.08639,-0.97362,-0.05225,0.09065,-0.83509,-0.05125,0.08197,-0.68898,-0.04198,-0.04094,-0.64072,-0.03427,0.00365,-0.86850,-0.06424,0.01811,-0.79618,-0.06752,0.01010,-0.68100,-0.06505
E,-0.00000,0.00000,0.00000,0.13022,-0.10732,-0.04012,0.19410,-0.39715,-0.04967,0.11774,-0.60363,-0.06214,0.00558,-0.61898,-0.06505,0.22561,-0.62653,0.00022,0.25552,-0.91701,-0.04907,0.23488,-0.78869,-0.08178,0.21811,-0.62780,-0.09815,0.13952,-0.67433,-0.00089,0.17659,-0.98428,-0.04706,0.16241,-0.81439,-0.06281,0.15058,-0.66184,-0.06211,0.05075,-0.67985,-0.01314,0.07971,-0.97125,-0.05228,0.08165,-0.82861,-0.04915,0.07410,-0.68104,-0.03716,-0.04810,-0.64459,-0.03170,-0.00404,-0.87683,-0.06490,0.00855,-0.80140,-0.06796,0.00175,-0.68507,-0.06421
E,-0.00000,0.00000,0.00000,0.12746,-0.09854,-0.04803,0.18728,-0.39910,-0.05999,0.09882,-0.59916,-0.07358,-0.02281,-0.62194,-0.07779,0.21828,-0.62878,-0.00524,0.24287,-0.92159,-0.05776,0.22648,-0.78957,-0.09373,0.20953,-0.63023,-0.11260,0.13149,-0.67495,-0.00315,0.16409,-0.98645,-0.05224,0.15831,-0.82256,-0.07113,0.14630,-0.66118,-0.07283,0.04212,-0.68045,-0.01320,0.06871,-0.97785,-0.05730,0.08013,-0.83230,-0.05887,0.07335,-0.68067,-0.04994,-0.05617,-0.64741,-0.03001,-0.00968,-0.86938,-0.06843,0.00788,-0.78237,-0.07589,-0.00185,-0.66295,-0.07543
E,-0.00000,0.00000,0.00000,0.12890,-0.09999,-0.04299,0.19154,-0.38392,-0.05519,0.11224,-0.59055,-0.06963,-0.00243,-0.62860,-0.07418,0.22109,-0.63642,-0.00178,0.24183,-0.92683,-0.05235,0.22193,-0.80024,-0.08741,0.20550,-0.63743,-0.10545,0.13316,-0.67873,-0.00208,0.16277,-0.98666,-0.04925,0.15216,-0.82628,-0.06898,0.14183,-0.66735,-0.07201,0.04382,-0.67908,-0.01347,0.06777,-0.97556,-0.05684,0.07389,-0.83236,-0.05692,0.06888,-0.67808,-0.04728,-0.05486,-0.63533,-0.03093,-0.01003,-0.86131,-0.06789,0.00427,-0.78154,-0.07211,-0.00211,-0.66347,-0.06908
E,-0.00000,0.00000,0.00000,0.12997,-0.10311,-0.03808,0.19157,-0.38194,-0.04764,0.10931,-0.58474,-0.06021,-0.00655,-0.60977,-0.06291,0.21739,-0.63871,0.00678,0.23656,-0.92639,-0.04178,0.21717,-0.80905,-0.07553,0.20244,-0.65300,-0.09242,0.12763,-0.67853,0.00491,0.15626,-0.98772,-0.03999,0.14484,-0.83626,-0.05824,0.13553,-0.68479,-0.05988,0.03778,-0.67584,-0.00812,0.06198,-0.96923,-0.04945,0.06576,-0.83956,-0.05032,0.06183,-0.69132,-0.04090,-0.06208,-0.62905,-0.02683,-0.01654,-0.86160,-0.06337,-0.00379,-0.79773,-0.06864,-0.00688,-0.68745,-0.06571
E,-0.00000,0.00000,0.00000,0.12574,-0.13051,-0.03333,0.17572,-0.38988,-0.04490,0.09098,-0.57351,-0.06009,-0.00775,-0.58078,-0.06626,0.20073,-0.63239,0.00263,0.21613,-0.93383,-0.04224,0.20253,-0.82356,-0.06889,0.19627,-0.67254,-0.08042,0.11253,-0.66880,-0.00183,0.13547,-0.99078,-0.04295,0.12741,-0.83034,-0.05349,0.12078,-0.68924,-0.04895,0.02624,-0.65463,-0.01590,0.04424,-0.94639,-0.05249,0.05217,-0.80854,-0.04117,0.04992,-0.66829,-0.02300,-0.07028,-0.58961,-0.03535,-0.03803,-0.83268,-0.06531,-0.02131,-0.76056,-0.05812,-0.02038,-0.64614,-0.04575
E,-0.00000,0.00000,0.00000,0.12435,-0.11118,-0.03956,0.16909,-0.39995,-0.04657,0.07450,-0.57535,-0.05652,-0.03548,-0.60169,-0.05844,0.20109,-0.64676,0.00833,0.21483,-0.93320,-0.04205,0.19376,-0.82112,-0.07529,0.17979,-0.66706,-0.09028,0.11000,-0.68003,0.00663,0.12776,-0.99181,-0.04271,0.11688,-0.83797,-0.06185,0.10930,-0.68114,-0.06078,0.01912,-0.66673,-0.00661,0.03150,-0.96290,-0.05586,0.03983,-0.81616,-0.05592,0.03798,-0.66376,-0.04266,-0.08057,-0.60770,-0.02512,-0.04763,-0.83810,-0.07190,-0.03398,-0.74662,-0.07656,-0.03889,-0.62324,-0.06978
E,-0.00000,0.00000,0.00000,0.14224,-0.06741,-0.05297,0.22802,-0.27050,-0.08590,0.15612,-0.44187,-0.11952,0.06264,-0.52322,-0.14188,0.25466,-0.64103,-0.02796,0.27607,-0.92073,-0.09273,0.24456,-0.73429,-0.13473,0.22940,-0.53542,-0.15672,0.15076,-0.69129,-0.03385,0.18087,-0.98351,-0.08841,0.15097,-0.75753,-0.11175,0.14261,-0.58530,-0.11916,0.05696,-0.68430,-0.05050,0.08248,-0.94190,-0.10531,0.06602,-0.73061,-0.09423,0.06400,-0.55872,-0.07810,-0.04500,-0.61037,-0.07313,-0.00634,-0.82191,-0.12465,-0.01075,-0.67197,-0.11606,-0.01007,-0.52631,-0.10112
E,-0.00000,0.00000,0.00000,0.15157,-0.08028,-0.05839,0.24259,-0.26257,-0.09834,0.19364,-0.42666,-0.13655,0.11822,-0.51105,-0.16068,0.26854,-0.63859,-0.04360,0.29240,-0.90740,-0.11554,0.26147,-0.70319,-0.15913,0.24564,-0.49722,-0.18067,0.16016,-0.69370,-0.04642,0.19323,-0.98115,-0.11715,0.16330,-0.71300,-0.13967,0.15528,-0.53129,-0.14266,0.06094,-0.68988,-0.05903,0.09140,-0.94219,-0.12187,0.07517,-0.70615,-0.09957,0.07375,-0.53263,-0.07302,-0.04390,-0.61798,-0.07807,-0.00649,-0.82434,-0.12376,-0.00697,-0.65742,-0.10075,-0.00150,-0.50929,-0.07491
E,-0.00000,0.00000,0.00000,0.13712,-0.13168,-0.04817,0.18601,-0.46723,-0.04537,0.08618,-0.62237,-0.04013,-0.01788,-0.52683,-0.02530,0.20585,-0.67111,0.00873,0.22667,-0.95666,-0.03123,0.21031,-0.89635,-0.05407,0.19774,-0.76896,-0.06236,0.11645,-0.69336,0.01782,0.14391,-0.98959,-0.02202,0.13710,-0.90656,-0.03024,0.13916,-0.76914,-0.02154,0.03024,-0.68116,0.01290,0.04616,-0.94994,-0.03241,0.05786,-0.86645,-0.03609,0.06769,-0.73391,-0.02289,-0.06561,-0.64734,0.00178,-0.02262,-0.88814,-0.05713,-0.00758,-0.83590,-0.07705,-0.00161,-0.72408,-0.07669
E,-0.00000,0.00000,0.00000,0.13334,-0.12813,-0.04342,0.17748,-0.45195,-0.04435,0.08193,-0.61094,-0.04470,-0.01895,-0.56682,-0.03696,0.20394,-0.65372,0.00070,0.22704,-0.93597,-0.04537,0.20583,-0.83204,-0.06628,0.19035,-0.68829,-0.07065,0.11874,-0.68688,0.00426,0.14951,-0.98876,-0.04171,0.13485,-0.84911,-0.04783,0.12881,-0.70324,-0.03500,0.03223,-0.68039,-0.00508,0.05500,-0.94707,-0.05640,0.05901,-0.80529,-0.05691,0.06150,-0.66715,-0.03988,-0.05961,-0.64567,-0.01909,-0.01424,-0.87489,-0.07398,-0.00525,-0.78061,-0.08521,-0.00645,-0.65977,-0.07898
E,-0.00000,0.00000,0.00000,0.13414,-0.07601,-0.07371,0.20732,-0.25524,-0.12866,0.14529,-0.38122,-0.18050,0.05173,-0.45466,-0.21986,0.24723,-0.63861,-0.07676,0.27764,-0.91011,-0.16611,0.24341,-0.68446,-0.21567,0.22285,-0.46853,-0.23861,0.13929,-0.68519,-0.07886,0.17467,-0.98463,-0.16684,0.13902,-0.69836,-0.19482,0.12488,-0.49260,-0.19792,0.03507,-0.67948,-0.09160,0.07054,-0.93851,-0.17402,0.04961,-0.66675,-0.16001,0.04131,-0.47811,-0.13500,-0.07617,-0.60912,-0.11063,-0.02955,-0.80093,-0.17556,-0.03802,-0.60330,-0.16168,-0.04396,-0.44292,-0.13898
E,-0.00000,0.00000,0.00000,0.13332,-0.12935,-0.04475,0.18317,-0.45621,-0.04789,0.09076,-0.61070,-0.04948,-0.01716,-0.55206,-0.04358,0.20818,-0.66645,-0.00340,0.23052,-0.94703,-0.04999,0.21332,-0.87607,-0.07186,0.20012,-0.74542,-0.07698,0.11975,-0.69299,-0.00034,0.14667,-0.98919,-0.04852,0.13546,-0.87798,-0.05805,0.13279,-0.73182,-0.04718,0.03021,-0.68025,-0.00966,0.05067,-0.94991,-0.06534,0.05607,-0.82383,-0.06937,0.06072,-0.68052,-0.05331,-0.06683,-0.64130,-0.02318,-0.01742,-0.87973,-0.08633,-0.01099,-0.79827,-0.10052,-0.01324,-0.67785,-0.09404
E,-0.00000,0.00000,0.00000,0.12936,-0.11781,-0.03887,0.18063,-0.43272,-0.04138,0.08938,-0.58639,-0.04372,-0.01044,-0.54561,-0.03871,0.20412,-0.65871,-0.00407,0.22285,-0.93787,-0.04990,0.19416,-0.83016,-0.06948,0.17856,-0.68552,-0.07362,0.11547,-0.68964,-0.00495,0.14266,-0.98977,-0.05173,0.12117,-0.83912,-0.05880,0.11780,-0.69461,-0.04787,0.02627,-0.67798,-0.01739,0.04704,-0.94868,-0.07141,0.04348,-0.80223,-0.07433,0.04884,-0.66565,-0.06042,-0.06595,-0.63338,-0.03316,-0.02434,-0.86406,-0.09231,-0.02220,-0.76377,-0.10405,-0.02248,-0.64325,-0.09888
E,-0.00000,0.00000,0.00000,0.12796,-0.12234,-0.05288,0.16853,-0.42157,-0.06156,0.07219,-0.57319,-0.06630,-0.02705,-0.53753,-0.06156,0.20660,-0.63505,-0.02706,0.23769,-0.92645,-0.07682,0.20110,-0.79930,-0.10481,0.18505,-0.64583,-0.11794,0.11820,-0.67450,-0.01914,0.16155,-0.98687,-0.07222,0.12875,-0.80831,-0.08701,0.12297,-0.65350,-0.08470,0.03118,-0.67676,-0.02210,0.06642,-0.95617,-0.07345,0.05374,-0.80895,-0.07981,0.05728,-0.66412,-0.07296,-0.05908,-0.64456,-0.03087,-0.01311,-0.86054,-0.08830,-0.01401,-0.76560,-0.10815,-0.01399,-0.64976,-0.11318
E,-0.00000,0.00000,0.00000,0.13333,-0.12413,-0.05022,0.17772,-0.43753,-0.05837,0.07935,-0.58796,-0.06102,-0.02733,-0.53870,-0.05404,0.21964,-0.62915,-0.03784,0.25345,-0.91437,-0.08705,0.20684,-0.76874,-0.11367,0.19077,-0.61421,-0.12726,0.12924,-0.67190,-0.03063,0.17337,-0.98486,-0.08141,0.13132,-0.79199,-0.09293,0.12523,-0.64115,-0.09103,0.04066,-0.67904,-0.03298,0.07460,-0.95437,-0.08007,0.05356,-0.79707,-0.08137,0.05561,-0.65980,-0.07461,-0.05082,-0.64924,-0.04091,-0.00552,-0.86120,-0.09746,-0.00970,-0.74642,-0.11463,-0.00931,-0.62758,-0.12010
E,-0.00000,0.00000,0.00000,0.13711,-0.08509,-0.05016,0.19858,-0.39413,-0.05442,0.10101,-0.56406,-0.05219,-0.01185,-0.54266,-0.03872,0.25207,-0.59824,-0.03036,0.27853,-0.88400,-0.07889,0.21984,-0.70987,-0.09916,0.20352,-0.55685,-0.10793,0.15102,-0.65886,-0.02272,0.19234,-0.98133,-0.07249,0.13585,-0.76168,-0.07756,0.12614,-0.61341,-0.06925,0.05545,-0.67721,-0.02560,0.08366,-0.94641,-0.08224,0.04170,-0.76012,-0.07888,0.03156,-0.62077,-0.06569,-0.04308,-0.65309,-0.03262,-0.00528,-0.86418,-0.09899,-0.02590,-0.72720,-0.11253,-0.03501,-0.60788,-0.11250
E,-0.00000,0.00000,0.00000,0.13598,-0.09281,-0.03558,0.19432,-0.42404,-0.02620,0.09987,-0.60702,-0.01201,-0.00940,-0.60633,0.01458,0.26548,-0.61718,0.00459,0.28228,-0.87997,-0.03045,0.21914,-0.72419,-0.04392,0.20177,-0.57794,-0.04794,0.17115,-0.68410,0.01087,0.20361,-0.97905,-0.01894,0.14454,-0.77176,-0.01426,0.13810,-0.63864,-0.00090,0.07879,-0.70244,0.00662,0.10020,-0.94595,-0.03320,0.06302,-0.75311,-0.01844,0.06106,-0.61738,0.00038,-0.02068,-0.67716,-0.00159,0.01338,-0.85649,-0.05508,-0.00883,-0.70958,-0.05863,-0.01919,-0.59908,-0.05175
E,-0.00000,0.00000,0.00000,0.14376,-0.12039,-0.05467,0.18352,-0.45929,-0.04973,0.07645,-0.63568,-0.03513,-0.03011,-0.61746,-0.00997,0.24537,-0.62105,-0.00870,0.25792,-0.90471,-0.04321,0.19784,-0.76315,-0.06373,0.18157,-0.60533,-0.07233,0.14674,-0.67295,0.00963,0.17190,-0.98511,-0.02449,0.12446,-0.81073,-0.03836,0.12027,-0.66187,-0.03729,0.05286,-0.67654,0.01734,0.06761,-0.93825,-0.02303,0.03406,-0.80605,-0.03837,0.02771,-0.67750,-0.04093,-0.04008,-0.64261,0.02075,-0.00873,-0.81845,-0.03573,-0.02460,-0.70543,-0.05994,-0.03452,-0.59193,-0.06905
E,-0.00000,0.00000,0.00000,0.13058,-0.14288,-0.04615,0.16784,-0.47001,-0.04546,0.06691,-0.62755,-0.04004,-0.03665,-0.59833,-0.02207,0.22405,-0.64192,-0.01269,0.23308,-0.92177,-0.05674,0.17943,-0.76039,-0.08067,0.17073,-0.60824,-0.09104,0.12788,-0.68185,-0.00351,0.15395,-0.98808,-0.04272,0.11183,-0.79279,-0.05237,0.11618,-0.65751,-0.05004,0.03725,-0.68000,-0.00529,0.06328,-0.93910,-0.03962,0.03846,-0.80147,-0.04079,0.04222,-0.68293,-0.03628,-0.05370,-0.64307,-0.01286,-0.01363,-0.83921,-0.05235,-0.02337,-0.75544,-0.06579,-0.02532,-0.66966,-0.07170
E,-0.00000,0.00000,0.00000,0.12636,-0.15422,-0.04628,0.15214,-0.47193,-0.03807,0.04673,-0.61746,-0.02324,-0.05512,-0.57830,0.00392,0.22290,-0.63534,0.00906,0.23115,-0.91643,-0.02390,0.17423,-0.77238,-0.04558,0.16084,-0.60916,-0.05487,0.12946,-0.67740,0.02507,0.16028,-0.98707,-0.00550,0.11174,-0.80880,-0.02042,0.10939,-0.66151,-0.02206,0.03989,-0.68321,0.03005,0.06735,-0.94903,-0.00166,0.03815,-0.80943,-0.01411,0.03985,-0.67075,-0.01664,-0.05145,-0.66094,0.02976,-0.01495,-0.84848,-0.01686,-0.03295,-0.74622,-0.04038,-0.03895,-0.63576,-0.05104
E,-0.00000,0.00000,0.00000,0.12211,-0.15505,-0.05180,0.13810,-0.48358,-0.04694,0.02220,-0.62626,-0.03348,-0.07999,-0.57829,-0.00754,0.21212,-0.64820,-0.00219,0.22259,-0.92897,-0.03946,0.16691,-0.76970,-0.06307,0.15587,-0.61270,-0.07385,0.11838,-0.68746,0.01653,0.14614,-0.98926,-0.01550,0.10344,-0.78799,-0.02304,0.10640,-0.65238,-0.01972,0.02997,-0.68916,0.02371,0.04775,-0.94669,-0.01008,0.02563,-0.78744,-0.00987,0.03264,-0.66024,-0.00378,-0.05887,-0.65852,0.02506,-0.03185,-0.84088,-0.02180,-0.04415,-0.70988,-0.03531,-0.04610,-0.59640,-0.03857
E,-0.00000,0.00000,0.00000,0.12958,-0.11440,-0.05942,0.15301,-0.45535,-0.05675,0.03834,-0.63036,-0.04409,-0.07124,-0.61317,-0.01892,0.21880,-0.63950,-0.01339,0.22322,-0.91240,-0.05289,0.16998,-0.76847,-0.07496,0.16012,-0.61277,-0.08445,0.12216,-0.68279,0.00675,0.14972,-0.98873,-0.03168,0.11082,-0.79697,-0.03814,0.11030,-0.65494,-0.03149,0.03124,-0.68677,0.01491,0.04907,-0.94488,-0.02990,0.03199,-0.78876,-0.02827,0.03756,-0.66000,-0.01749,-0.06305,-0.65540,0.01721,-0.02916,-0.84580,-0.03878,-0.03837,-0.71196,-0.05177,-0.04425,-0.59942,-0.05196
E,-0.00000,0.00000,0.00000,0.12824,-0.16131,-0.05652,0.14420,-0.49190,-0.05515,0.02566,-0.64733,-0.04606,-0.08124,-0.61759,-0.02458,0.20238,-0.66437,0.00391,0.20771,-0.94786,-0.03355,0.15641,-0.80444,-0.06006,0.14355,-0.64818,-0.07300,0.10705,-0.69039,0.02263,0.13124,-0.99135,-0.01314,0.09319,-0.81315,-0.02934,0.09360,-0.67230,-0.03120,0.01820,-0.67684,0.02897,0.03594,-0.94963,-0.00950,0.01623,-0.82095,-0.01972,0.02102,-0.68931,-0.01951,-0.07388,-0.62721,0.02929,-0.04646,-0.82266,-0.02098,-0.05752,-0.71491,-0.04096,-0.06144,-0.59887,-0.04807
E,-0.00000,0.00000,0.00000,0.12083,-0.12027,-0.04527,0.15011,-0.41709,-0.04758,0.05641,-0.61368,-0.04873,-0.03885,-0.68176,-0.03916,0.19620,-0.64265,0.01227,0.19440,-0.92891,-0.03142,0.14188,-0.84402,-0.06184,0.12391,-0.68975,-0.07611,0.09871,-0.66941,0.01533,0.12238,-0.99248,-0.02865,0.07814,-0.88865,-0.05863,0.06435,-0.74502,-0.06974,0.00865,-0.64917,0.00622,0.01882,-0.94646,-0.04772,-0.00114,-0.87962,-0.07316,-0.00022,-0.74162,-0.07990,-0.08777,-0.58191,-0.00703,-0.06783,-0.81388,-0.07175,-0.07507,-0.78043,-0.10180,-0.07354,-0.68691,-0.11327
E,-0.00000,0.00000,0.00000,0.12636,-0.08986,-0.06034,0.17421,-0.33320,-0.07811,0.09059,-0.53282,-0.09395,-0.00392,-0.61691,-0.10011,0.20899,-0.61999,-0.00695,0.21261,-0.91187,-0.06008,0.16000,-0.84107,-0.09848,0.13175,-0.68757,-0.11783,0.10817,-0.65928,-0.00113,0.13471,-0.99089,-0.05231,0.09083,-0.90083,-0.08857,0.07319,-0.74508,-0.10358,0.01395,-0.64711,-0.00806,0.03280,-0.94427,-0.06459,0.01551,-0.85390,-0.08943,0.01483,-0.70153,-0.09480,-0.08307,-0.59043,-0.02072,-0.05046,-0.83277,-0.08290,-0.05247,-0.77785,-0.10731,-0.04714,-0.65632,-0.11390
F,-0.00000,0.00000,0.00000,0.05780,-0.05982,-0.04089,0.09662,-0.17376,-0.07386,0.10599,-0.27076,-0.11132,0.07596,-0.34368,-0.14056,0.06271,-0.49570,-0.01219,0.09561,-0.61540,-0.07716,0.10498,-0.49606,-0.13005,0.09627,-0.39416,-0.15870,0.00149,-0.53031,-0.01953,0.03953,-0.73778,-0.05648,0.05936,-0.86243,-0.08824,0.07324,-0.99731,-0.11506,-0.05264,-0.50825,-0.03915,-0.05310,-0.72569,-0.07503,-0.05359,-0.85643,-0.09633,-0.05554,-0.97714,-0.11147,-0.10897,-0.44404,-0.06417,-0.15833,-0.58614,-0.07945,-0.19121,-0.67693,-0.08526,-0.22342,-0.77574,-0.09309
F,-0.00000,0.00000,0.00000,0.05184,-0.05382,-0.05341,0.09254,-0.16075,-0.09429,0.10426,-0.25827,-0.13765,0.07372,-0.32912,-0.17358,0.05269,-0.48123,-0.03074,0.08779,-0.59238,-0.09242,0.10668,-0.48783,-0.14379,0.10548,-0.39858,-0.17374,-0.00926,-0.51929,-0.03201,0.02722,-0.72314,-0.07178,0.04823,-0.86167,-0.10641,0.06586,-0.99783,-0.13610,-0.06060,-0.49650,-0.04441,-0.06901,-0.70087,-0.08017,-0.07445,-0.82777,-0.10073,-0.07744,-0.93820,-0.11593,-0.11195,-0.43428,-0.06317,-0.16232,-0.56827,-0.08036,-0.19726,-0.66363,-0.08749,-0.22889,-0.76763,-0.09673
F,-0.00000,0.00000,0.00000,0.05372,-0.06130,-0.04546,0.09615,-0.17602,-0.08193,0.10618,-0.28320,-0.12292,0.07401,-0.35993,-0.15590,0.05526,-0.50199,-0.01483,0.08689,-0.62201,-0.07773,0.10072,-0.50760,-0.13046,0.09459,-0.41004,-0.16028,-0.00563,-0.53738,-0.01985,0.03585,-0.74887,-0.05809,0.05630,-0.87197,-0.09169,0.07197,-0.99741,-0.11970,-0.05800,-0.51654,-0.03689,-0.05704,-0.72932,-0.07205,-0.06293,-0.86487,-0.09414,-0.06898,-0.98904,-0.11022,-0.11266,-0.45197,-0.05978,-0.16154,-0.59107,-0.07363,-0.19369,-0.68381,-0.07893,-0.22491,-0.78498,-0.08695
F,-0.00000,0.00000,0.00000,0.05203,-0.06986,-0.05366,0.09319,-0.18268,-0.09326,0.10442,-0.28440,-0.13578,0.08220,-0.38036,-0.17058,0.05115,-0.50733,-0.02446,0.08169,-0.64161,-0.08831,0.10022,-0.53765,-0.14130,0.09940,-0.44269,-0.17055,-0.00996,-0.54147,-0.02521,0.02635,-0.75470,-0.05909,0.04395,-0.87558,-0.08949,0.05741,-0.99835,-0.11597,-0.06175,-0.51919,-0.03877,-0.05556,-0.72910,-0.07153,-0.05681,-0.86815,-0.09428,-0.05798,-0.99444,-0.11138,-0.11479,-0.45381,-0.05896,-0.16137,-0.59471,-0.07311,-0.19029,-0.69120,-0.07968,-0.21720,-0.79085,-0.08862
F,-0.00000,0.00000,0.00000,0.05395,-0.07021,-0.04703,0.09442,-0.18218,-0.08262,0.10485,-0.28318,-0.12181,0.08433,-0.37528,-0.15378,0.06213,-0.49902,-0.01850,0.09338,-0.63045,-0.08052,0.10715,-0.53162,-0.13207,0.10328,-0.43423,-0.16050,0.00245,-0.53740,-0.02227,0.03949,-0.74700,-0.05521,0.05442,-0.87210,-0.08518,0.06564,-0.99784,-0.11141,-0.05138,-0.51752,-0.03841,-0.04996,-0.72449,-0.07115,-0.05465,-0.85652,-0.09413,-0.05907,-0.97828,-0.11133,-0.10610,-0.45408,-0.06047,-0.15337,-0.59316,-0.07664,-0.18291,-0.68853,-0.08412,-0.21072,-0.79035,-0.09324
F,-0.00000,0.00000,0.00000,0.06003,-0.07145,-0.03706,0.10032,-0.18119,-0.06932,0.11135,-0.27634,-0.10767,0.09550,-0.37197,-0.13809,0.07536,-0.48787,-0.00571,0.10623,-0.60845,-0.07117,0.11820,-0.50735,-0.12494,0.11272,-0.40421,-0.15283,0.02278,-0.53212,-0.01572,0.05350,-0.73767,-0.04909,0.06596,-0.86674,-0.07626,0.07279,-0.99735,-0.09882,-0.03062,-0.51664,-0.03872,-0.03288,-0.72862,-0.06921,-0.03614,-0.86325,-0.08768,-0.03800,-0.98646,-0.10130,-0.08831,-0.45716,-0.06761,-0.13604,-0.59497,-0.08042,-0.16536,-0.68975,-0.08491,-0.19014,-0.78786,-0.09121
F,-0.00000,0.00000,0.00000,0.05871,-0.06393,-0.04122,0.10199,-0.17565,-0.07291,0.10946,-0.27995,-0.10853,0.09472,-0.37843,-0.13731,0.07098,-0.47822,-0.01548,0.10155,-0.59680,-0.07675,0.11252,-0.49464,-0.12528,0.10581,-0.39675,-0.14926,0.01310,-0.52027,-0.02151,0.04164,-0.73151,-0.05513,0.05293,-0.86506,-0.08236,0.05873,-0.99827,-0.10360,-0.04225,-0.50059,-0.03930,-0.04102,-0.71476,-0.07409,-0.04624,-0.85401,-0.09817,-0.04971,-0.97700,-0.11318,-0.09942,-0.44223,-0.06198,-0.14706,-0.58711,-0.07767,-0.17769,-0.68256,-0.08395,-0.20411,-0.77779,-0.09036
F,-0.00000,0.00000,0.00000,0.05943,-0.06433,-0.04438,0.10717,-0.17657,-0.07949,0.12370,-0.28463,-0.11879,0.10606,-0.38305,-0.15111,0.06934,-0.48510,-0.01686,0.09936,-0.60616,-0.07704,0.11634,-0.50567,-0.12587,0.11470,-0.41345,-0.15124,0.01225,-0.52939,-0.02220,0.04294,-0.73766,-0.05624,0.05508,-0.86812,-0.08528,0.06368,-0.99797,-0.10872,-0.04154,-0.51375,-0.03955,-0.03547,-0.72569,-0.07309,-0.04018,-0.86769,-0.09882,-0.04283,-0.99498,-0.11630,-0.09903,-0.46014,-0.06219,-0.14681,-0.60531,-0.07690,-0.17673,-0.70293,-0.08482,-0.20186,-0.80282,-0.09349
F,-0.00000,0.00000,0.00000,0.06464,-0.06750,-0.04299,0.11009,-0.17779,-0.07747,0.12809,-0.28383,-0.11676,0.11861,-0.38130,-0.14924,0.07837,-0.48898,-0.01120,0.10737,-0.60863,-0.07123,0.12176,-0.51713,-0.12238,0.12081,-0.42517,-0.14984,0.02216,-0.53590,-0.01766,0.05560,-0.73854,-0.04848,0.07269,-0.87055,-0.07627,0.08711,-0.99620,-0.09961,-0.03209,-0.52173,-0.03683,-0.02801,-0.73472,-0.06629,-0.02986,-0.87373,-0.08799,-0.02932,-0.99507,-0.10384,-0.09059,-0.46757,-0.06191,-0.13943,-0.61312,-0.07459,-0.16842,-0.71016,-0.08039,-0.19200,-0.80848,-0.08780
F,-0.00000,0.00000,0.00000,0.06899,-0.06488,-0.03901,0.12101,-0.17324,-0.07346,0.14425,-0.27311,-0.11398,0.12689,-0.36836,-0.14707,0.09048,-0.48001,-0.00750,0.11751,-0.59112,-0.07366,0.12460,-0.48849,-0.12957,0.11550,-0.38966,-0.15970,0.03798,-0.52757,-0.01737,0.07502,-0.72617,-0.05277,0.10018,-0.86227,-0.08309,0.12108,-0.99264,-0.10850,-0.01770,-0.51518,-0.04056,-0.01794,-0.73226,-0.07289,-0.02067,-0.86712,-0.09453,-0.02287,-0.98670,-0.11081,-0.07757,-0.46124,-0.06952,-0.12428,-0.61335,-0.08333,-0.15406,-0.71058,-0.08928,-0.18127,-0.81018,-0.09723
F,-0.00000,0.00000,0.00000,0.07337,-0.06573,-0.04060,0.12955,-0.18223,-0.07339,0.15527,-0.29118,-0.11179,0.13744,-0.39404,-0.14244,0.09893,-0.48678,-0.00393,0.12749,-0.59358,-0.06769,0.13599,-0.48717,-0.12267,0.12828,-0.38782,-0.15309,0.04457,-0.53575,-0.01212,0.08445,-0.72948,-0.04692,0.11372,-0.86236,-0.07781,0.13830,-0.99039,-0.10407,-0.01206,-0.52369,-0.03392,-0.01265,-0.73949,-0.06682,-0.01313,-0.87515,-0.08881,-0.01434,-0.99571,-0.10542,-0.07285,-0.46941,-0.06150,-0.12022,-0.62244,-0.07681,-0.14985,-0.72311,-0.08352,-0.17764,-0.82767,-0.09200
F,-0.00000,0.00000,0.00000,0.07006,-0.06109,-0.04016,0.13191,-0.17096,-0.07464,0.15786,-0.27551,-0.11460,0.13621,-0.37743,-0.14696,0.09542,-0.48152,-0.00865,0.12984,-0.58458,-0.07032,0.13898,-0.47545,-0.12274,0.12904,-0.37897,-0.15169,0.03994,-0.52967,-0.01717,0.08447,-0.72653,-0.05151,0.11527,-0.85855,-0.08260,0.13876,-0.98852,-0.10896,-0.01723,-0.51662,-0.03830,-0.01436,-0.73638,-0.07246,-0.01355,-0.87493,-0.09650,-0.01297,-0.99992,-0.11394,-0.07775,-0.46308,-0.06455,-0.12409,-0.62030,-0.07965,-0.15311,-0.72203,-0.08602,-0.18049,-0.82954,-0.09416
F,-0.00000,0.00000,0.00000,0.07387,-0.04779,-0.05198,0.13928,-0.15572,-0.09237,0.16676,-0.26244,-0.13595,0.13527,-0.35393,-0.17061,0.09775,-0.47187,-0.01928,0.13299,-0.56853,-0.08444,0.14488,-0.45496,-0.13840,0.13736,-0.35981,-0.16818,0.04094,-0.52298,-0.02221,0.08440,-0.71653,-0.05984,0.11697,-0.84885,-0.09166,0.14182,-0.98420,-0.11821,-0.01735,-0.51378,-0.03880,-0.01245,-0.73182,-0.07606,-0.01007,-0.87278,-0.10160,-0.00835,-0.99997,-0.11958,-0.07901,-0.46284,-0.06142,-0.12350,-0.62004,-0.07750,-0.15020,-0.72352,-0.08584,-0.17538,-0.83170,-0.09566
F,-0.00000,0.00000,0.00000,0.07550,-0.06083,-0.04278,0.14277,-0.17336,-0.07731,0.16977,-0.28578,-0.11646,0.14331,-0.38084,-0.14778,0.09720,-0.48047,-0.00751,0.13401,-0.58097,-0.06271,0.14512,-0.47111,-0.10910,0.13895,-0.37527,-0.13467,0.04094,-0.53012,-0.01288,0.08691,-0.72278,-0.04241,0.12316,-0.84969,-0.06843,0.15380,-0.97686,-0.09106,-0.01570,-0.51884,-0.03104,-0.01205,-0.73452,-0.06273,-0.00723,-0.87486,-0.08512,-0.00298,-1.00000,-0.10144,-0.07489,-0.46585,-0.05455,-0.12020,-0.61881,-0.06885,-0.14551,-0.72169,-0.07556,-0.16857,-0.82908,-0.08407
F,-0.00000,0.00000,0.00000,0.08146,-0.05704,-0.03214,0.15361,-0.16486,-0.06139,0.18629,-0.27211,-0.09726,0.15858,-0.37091,-0.12581,0.11888,-0.47530,0.00514,0.14996,-0.57316,-0.05268,0.15590,-0.46632,-0.10484,0.14656,-0.36875,-0.13497,0.06458,-0.53106,-0.00629,0.11113,-0.72544,-0.03796,0.14623,-0.85014,-0.06827,0.17521,-0.96791,-0.09430,0.00396,-0.52702,-0.03035,0.00986,-0.74266,-0.06161,0.01145,-0.87950,-0.08513,0.01251,-0.99992,-0.10316,-0.06195,-0.48022,-0.05922,-0.10286,-0.63429,-0.07426,-0.12825,-0.73156,-0.08157,-0.15065,-0.83492,-0.09071
F,-0.00000,0.00000,0.00000,0.07760,-0.04557,-0.04146,0.15137,-0.14745,-0.07542,0.18592,-0.24514,-0.11423,0.15953,-0.34181,-0.14526,0.12183,-0.46699,-0.01005,0.15231,-0.56388,-0.07327,0.15434,-0.45043,-0.12681,0.14242,-0.35413,-0.15680,0.06711,-0.52578,-0.01815,0.11563,-0.71703,-0.05573,0.15064,-0.84016,-0.08819,0.17876,-0.96413,-0.11461,0.00556,-0.52384,-0.03922,0.01545,-0.73964,-0.07694,0.01760,-0.87717,-0.10434,0.01997,-0.99980,-0.12324,-0.06098,-0.47967,-0.06528,-0.10123,-0.63615,-0.08455,-0.12743,-0.73781,-0.09460,-0.14880,-0.84501,-0.10477
F,-0.00000,0.00000,0.00000,0.07566,-0.05045,-0.03698,0.14536,-0.15602,-0.06875,0.17518,-0.25722,-0.10617,0.14558,-0.35054,-0.13611,0.11483,-0.47700,-0.00419,0.15113,-0.57549,-0.06569,0.15805,-0.45657,-0.11723,0.14987,-0.35520,-0.14462,0.05830,-0.53153,-0.01375,0.10660,-0.72492,-0.04701,0.14069,-0.84860,-0.07596,0.16716,-0.97808,-0.09961,-0.00351,-0.52382,-0.03602,0.00737,-0.74266,-0.07083,0.01134,-0.87875,-0.09474,0.01457,-0.99989,-0.11068,-0.06969,-0.47528,-0.06300,-0.10755,-0.63947,-0.07916,-0.13252,-0.74254,-0.08493,-0.15520,-0.85011,-0.09153
F,-0.00000,0.00000,0.00000,0.08485,-0.04487,-0.04179,0.16047,-0.15000,-0.08036,0.19917,-0.25294,-0.12399,0.16896,-0.35363,-0.15836,0.14000,-0.46605,-0.00790,0.16552,-0.57031,-0.07926,0.16717,-0.44985,-0.13613,0.15605,-0.33771,-0.16394,0.08702,-0.52397,-0.01650,0.12299,-0.72299,-0.05331,0.14794,-0.85118,-0.08138,0.16597,-0.98613,-0.10190,0.02167,-0.51924,-0.03937,0.03217,-0.74231,-0.07283,0.03623,-0.87561,-0.09224,0.03939,-0.99417,-0.10431,-0.05295,-0.47240,-0.06797,-0.09162,-0.64058,-0.08145,-0.11631,-0.74254,-0.08535,-0.13723,-0.84217,-0.08923
F,-0.00000,0.00000,0.00000,0.07960,-0.05406,-0.04060,0.14625,-0.16786,-0.07318,0.17530,-0.26611,-0.11141,0.15100,-0.35349,-0.14114,0.12254,-0.47416,-0.00315,0.15023,-0.58147,-0.07321,0.15336,-0.46995,-0.12931,0.14269,-0.36610,-0.15767,0.07166,-0.53023,-0.01316,0.10762,-0.73269,-0.05302,0.13089,-0.86114,-0.08412,0.14961,-0.98874,-0.10651,0.00929,-0.52774,-0.03772,0.01978,-0.74201,-0.07585,0.02067,-0.87295,-0.10117,0.02300,-0.99381,-0.11616,-0.06134,-0.48241,-0.06799,-0.09831,-0.64228,-0.08563,-0.12135,-0.73971,-0.09366,-0.13784,-0.83884,-0.10046
F,-0.00000,0.00000,0.00000,0.08208,-0.06148,-0.04475,0.14968,-0.17765,-0.08040,0.18170,-0.28031,-0.12024,0.15704,-0.38351,-0.15192,0.12659,-0.48126,-0.00898,0.15528,-0.59215,-0.08397,0.15756,-0.48727,-0.14567,0.14801,-0.37846,-0.17704,0.07329,-0.53715,-0.01643,0.10347,-0.73791,-0.05598,0.11779,-0.86792,-0.08851,0.12899,-0.99165,-0.11238,0.00973,-0.53032,-0.03856,0.01850,-0.73749,-0.07548,0.01819,-0.86845,-0.09899,0.01790,-0.98850,-0.11336,-0.06010,-0.47582,-0.06688,-0.09553,-0.63065,-0.08452,-0.11697,-0.72693,-0.09071,-0.13452,-0.82134,-0.09562
F,-0.00000,0.00000,0.00000,0.08122,-0.07095,-0.04504,0.14284,-0.18672,-0.08047,0.17079,-0.28970,-0.12020,0.15240,-0.38805,-0.15265,0.11247,-0.48573,-0.01151,0.14580,-0.60296,-0.08735,0.15450,-0.51023,-0.14956,0.14802,-0.40449,-0.18096,0.05981,-0.53862,-0.01860,0.08752,-0.74237,-0.05879,0.09845,-0.87525,-0.09111,0.10769,-0.99418,-0.11488,-0.00049,-0.53251,-0.04022,0.00726,-0.73714,-0.07664,0.00713,-0.87019,-0.09941,0.00674,-0.98952,-0.11338,-0.06557,-0.47959,-0.06829,-0.10113,-0.63366,-0.08529,-0.12332,-0.72895,-0.09112,-0.14279,-0.82181,-0.09592
F,-0.00000,0.00000,0.00000,0.07892,-0.07098,-0.05057,0.14049,-0.19072,-0.08818,0.16819,-0.29772,-0.12829,0.15051,-0.40248,-0.16111,0.10773,-0.48984,-0.01974,0.13753,-0.61882,-0.09705,0.14669,-0.52977,-0.16059,0.14038,-0.42839,-0.19322,0.05501,-0.53911,-0.02386,0.07794,-0.74552,-0.06669,0.08392,-0.87513,-0.10259,0.08587,-0.99631,-0.12897,-0.00486,-0.52962,-0.04234,-0.00166,-0.73586,-0.08194,-0.00544,-0.87333,-0.10982,-0.01115,-0.99925,-0.12739,-0.06873,-0.47313,-0.06715,-0.10511,-0.62675,-0.08708,-0.12943,-0.71854,-0.09613,-0.15177,-0.80721,-0.10329
F,-0.00000,0.00000,0.00000,0.08197,-0.06554,-0.04618,0.14490,-0.18301,-0.08107,0.17301,-0.29128,-0.11876,0.15289,-0.39173,-0.14828,0.10888,-0.48500,-0.01390,0.12824,-0.62335,-0.08288,0.13795,-0.54032,-0.13929,0.13383,-0.44380,-0.16834,0.05651,-0.53333,-0.01929,0.07704,-0.74317,-0.05771,0.08246,-0.87340,-0.08952,0.08338,-0.99652,-0.11272,-0.00234,-0.52220,-0.03833,-0.00340,-0.72947,-0.07406,-0.01150,-0.86493,-0.09953,-0.02065,-0.98780,-0.11581,-0.06576,-0.46433,-0.06325,-0.10137,-0.61408,-0.08212,-0.12578,-0.70625,-0.09099,-0.14803,-0.79450,-0.09777
F,-0.00000,0.00000,0.00000,0.07600,-0.06518,-0.04726,0.13612,-0.18144,-0.08291,0.16137,-0.28579,-0.12160,0.14523,-0.38382,-0.15249,0.09471,-0.48460,-0.01864,0.11343,-0.60996,-0.08825,0.12518,-0.52262,-0.14487,0.12167,-0.42648,-0.17404,0.04239,-0.53247,-0.02398,0.06157,-0.73808,-0.06251,0.06836,-0.87244,-0.09347,0.07071,-0.99750,-0.11662,-0.01534,-0.51827,-0.04294,-0.01899,-0.72322,-0.07891,-0.02903,-0.85815,-0.10489,-0.03902,-0.97910,-0.12157,-0.07741,-0.45880,-0.06787,-0.12127,-0.60674,-0.08591,-0.14947,-0.70196,-0.09524,-0.17367,-0.79535,-0.10307
F,-0.00000,0.00000,0.00000,0.08274,-0.05977,-0.05186,0.14784,-0.18217,-0.08966,0.17864,-0.29374,-0.12961,0.15487,-0.38909,-0.16205,0.10564,-0.48218,-0.02225,0.12128,-0.61933,-0.09304,0.13437,-0.53746,-0.14990,0.13500,-0.43913,-0.17872,0.05102,-0.53122,-0.02580,0.06669,-0.73974,-0.06661,0.07417,-0.87187,-0.10016,0.07651,-0.99707,-0.12415,-0.01019,-0.51832,-0.04336,-0.01795,-0.72641,-0.08207,-0.02785,-0.86952,-0.11132,-0.03811,-0.99722,-0.12962,-0.07460,-0.46094,-0.06679,-0.12237,-0.61553,-0.08738,-0.15442,-0.71329,-0.09880,-0.18118,-0.80703,-0.10769
F,-0.00000,0.00000,0.00000,0.07319,-0.07145,-0.05027,0.13248,-0.19195,-0.08635,0.15674,-0.30529,-0.12482,0.13507,-0.40335,-0.15630,0.08259,-0.48957,-0.02078,0.10162,-0.62858,-0.08438,0.12143,-0.56374,-0.13810,0.12425,-0.48122,-0.16770,0.02642,-0.53268,-0.02463,0.04621,-0.74504,-0.05885,0.05405,-0.87824,-0.08975,0.05653,-0.99840,-0.11494,-0.03204,-0.51660,-0.04182,-0.03776,-0.72590,-0.07557,-0.04738,-0.86490,-0.10341,-0.05880,-0.98925,-0.12312,-0.09394,-0.45513,-0.06506,-0.13991,-0.60300,-0.08440,-0.17000,-0.69642,-0.09564,-0.19719,-0.78949,-0.10591
F,-0.00000,0.00000,0.00000,0.07155,-0.08182,-0.04374,0.12903,-0.20411,-0.07821,0.15351,-0.31540,-0.11688,0.12994,-0.41053,-0.14834,0.07702,-0.49689,-0.01212,0.09681,-0.62658,-0.07849,0.11647,-0.55008,-0.13492,0.11902,-0.45755,-0.16563,0.02224,-0.53810,-0.01956,0.04135,-0.74436,-0.05566,0.04831,-0.87909,-0.08767,0.05053,-0.99872,-0.11335,-0.03435,-0.52085,-0.04037,-0.04191,-0.72773,-0.07377,-0.05199,-0.86320,-0.09892,-0.06441,-0.98346,-0.11661,-0.09425,-0.45736,-0.06710,-0.13962,-0.60675,-0.08450,-0.16986,-0.70242,-0.09310,-0.19911,-0.79725,-0.10127
F,-0.00000,0.00000,0.00000,0.06585,-0.07283,-0.04562,0.11994,-0.19594,-0.07877,0.13937,-0.30189,-0.11523,0.11386,-0.38753,-0.14535,0.06858,-0.49082,-0.01684,0.08983,-0.62793,-0.07270,0.10962,-0.54854,-0.11960,0.11171,-0.46472,-0.14565,0.01175,-0.52791,-0.02160,0.03372,-0.73937,-0.05327,0.04501,-0.87261,-0.08387,0.05217,-0.99864,-0.10950,-0.04336,-0.50680,-0.03827,-0.05039,-0.71802,-0.07213,-0.06077,-0.86091,-0.10210,-0.07069,-0.98698,-0.12320,-0.09914,-0.44400,-0.05996,-0.14853,-0.58924,-0.07796,-0.18022,-0.68745,-0.08927,-0.20931,-0.78702,-0.10062
F,-0.00000,0.00000,0.00000,0.06524,-0.07276,-0.04405,0.12462,-0.19903,-0.07906,0.14933,-0.31970,-0.11853,0.12183,-0.40790,-0.15230,0.07821,-0.50444,-0.01454,0.10602,-0.63901,-0.07148,0.11890,-0.55176,-0.12046,0.11512,-0.45988,-0.14853,0.01807,-0.54635,-0.01949,0.05798,-0.75544,-0.04979,0.08274,-0.87796,-0.08082,0.10188,-0.99305,-0.10839,-0.04106,-0.52971,-0.03638,-0.04446,-0.73510,-0.06860,-0.05166,-0.87458,-0.09732,-0.05871,-0.99828,-0.11909,-0.09866,-0.46943,-0.05835,-0.15274,-0.61040,-0.07499,-0.18772,-0.70730,-0.08511,-0.22101,-0.81105,-0.09683
F,-0.00000,0.00000,0.00000,0.06841,-0.07425,-0.03631,0.12723,-0.19254,-0.06971,0.15050,-0.29965,-0.10887,0.12854,-0.38547,-0.14251,0.09013,-0.49476,-0.01035,0.12329,-0.61442,-0.06977,0.13657,-0.52098,-0.12156,0.13084,-0.42690,-0.15153,0.03054,-0.54019,-0.02030,0.07241,-0.74255,-0.05164,0.10226,-0.86895,-0.08230,0.12331,-0.99237,-0.11032,-0.02900,-0.52435,-0.04170,-0.03824,-0.73440,-0.07378,-0.04628,-0.87066,-0.09911,-0.05477,-0.99078,-0.11990,-0.08809,-0.46441,-0.06770,-0.14178,-0.60601,-0.08398,-0.17721,-0.69961,-0.09174,-0.21326,-0.80103,-0.10244
F,-0.00000,0.00000,0.00000,0.07071,-0.06896,-0.04052,0.12637,-0.18688,-0.07430,0.14539,-0.29097,-0.11319,0.12202,-0.36628,-0.14574,0.08758,-0.49101,-0.01427,0.11966,-0.60764,-0.07641,0.12994,-0.50138,-0.12940,0.12146,-0.39813,-0.15944,0.02531,-0.53484,-0.02257,0.06655,-0.73887,-0.05511,0.09367,-0.86789,-0.08545,0.11536,-0.99332,-0.11289,-0.03436,-0.52030,-0.04290,-0.04026,-0.73037,-0.07545,-0.04647,-0.86679,-0.09835,-0.05331,-0.99021,-0.11674,-0.09316,-0.46106,-0.06868,-0.14869,-0.60240,-0.08451,-0.18682,-0.69903,-0.09095,-0.22406,-0.80581,-0.10042
F,-0.00000,0.00000,0.00000,0.06801,-0.06901,-0.04426,0.12636,-0.18171,-0.08157,0.14840,-0.28356,-0.12358,0.12521,-0.36159,-0.15909,0.08989,-0.48976,-0.01833,0.12361,-0.61341,-0.08186,0.13475,-0.51325,-0.13518,0.12641,-0.41082,-0.16516,0.02964,-0.53528,-0.02545,0.06788,-0.73920,-0.05963,0.08967,-0.86743,-0.09072,0.10419,-0.99456,-0.11849,-0.03006,-0.52144,-0.04486,-0.03668,-0.73280,-0.07873,-0.04411,-0.87093,-0.10328,-0.05226,-0.99231,-0.12259,-0.08984,-0.46084,-0.06994,-0.14416,-0.60320,-0.08670,-0.18210,-0.70142,-0.09505,-0.21899,-0.80544,-0.10572
F,-0.00000,0.00000,0.00000,0.06897,-0.06589,-0.04650,0.12990,-0.17863,-0.08445,0.15305,-0.27973,-0.12641,0.12817,-0.35859,-0.16258,0.09259,-0.48633,-0.02206,0.12739,-0.61149,-0.08465,0.14030,-0.52149,-0.13774,0.13404,-0.42611,-0.16815,0.03214,-0.53239,-0.02848,0.06948,-0.73917,-0.06256,0.09119,-0.86793,-0.09529,0.10662,-0.99430,-0.12471,-0.02835,-0.52051,-0.04702,-0.03193,-0.73047,-0.08243,-0.03809,-0.86989,-0.11127,-0.04439,-0.99008,-0.13366,-0.08957,-0.46094,-0.07102,-0.14317,-0.60855,-0.09028,-0.18013,-0.70946,-0.10170,-0.21473,-0.81495,-0.11477
F,-0.00000,0.00000,0.00000,0.06709,-0.06629,-0.04800,0.12644,-0.17313,-0.08727,0.15140,-0.27218,-0.13032,0.12741,-0.35369,-0.16735,0.09055,-0.48354,-0.02455,0.12393,-0.61315,-0.08758,0.13646,-0.52074,-0.13994,0.12946,-0.42435,-0.16925,0.02881,-0.52956,-0.02997,0.06736,-0.73651,-0.06495,0.08924,-0.86628,-0.09774,0.10462,-0.99451,-0.12658,-0.03174,-0.51713,-0.04727,-0.03342,-0.72514,-0.08306,-0.03990,-0.86599,-0.11130,-0.04700,-0.98892,-0.13259,-0.09203,-0.45905,-0.07005,-0.14522,-0.60475,-0.08823,-0.18177,-0.70476,-0.09781,-0.21648,-0.80821,-0.10913
F,-0.00000,0.00000,0.00000,0.06586,-0.06463,-0.04743,0.12405,-0.17169,-0.08664,0.14828,-0.26974,-0.12979,0.12606,-0.35246,-0.16719,0.08639,-0.48048,-0.02719,0.11995,-0.61433,-0.08833,0.13440,-0.52597,-0.13912,0.12878,-0.43161,-0.16789,0.02480,-0.52764,-0.03295,0.06384,-0.73615,-0.06663,0.08540,-0.86809,-0.09843,0.10059,-0.99493,-0.12692,-0.03601,-0.51539,-0.05022,-0.03963,-0.72528,-0.08517,-0.04645,-0.86563,-0.11366,-0.05284,-0.98867,-0.13544,-0.09573,-0.45754,-0.07282,-0.15165,-0.60242,-0.09146,-0.18900,-0.70184,-0.10183,-0.22282,-0.80555,-0.11382
F,-0.00000,0.00000,0.00000,0.06828,-0.06661,-0.04465,0.12598,-0.17787,-0.08151,0.14887,-0.27725,-0.12283,0.12700,-0.36154,-0.15750,0.08987,-0.48184,-0.02163,0.12342,-0.61759,-0.08552,0.13630,-0.52369,-0.13838,0.12926,-0.42702,-0.16764,0.02954,-0.52834,-0.02855,0.06511,-0.73618,-0.06388,0.08330,-0.86784,-0.09584,0.09558,-0.99542,-0.12360,-0.03109,-0.51606,-0.04743,-0.03292,-0.72885,-0.08183,-0.03945,-0.86991,-0.10824,-0.04662,-0.99397,-0.12802,-0.09217,-0.45902,-0.07188,-0.14430,-0.60836,-0.08926,-0.17989,-0.71004,-0.09859,-0.21280,-0.81393,-0.10926
F,-0.00000,0.00000,0.00000,0.06993,-0.06922,-0.04358,0.12882,-0.18383,-0.07915,0.15140,-0.28681,-0.11952,0.12869,-0.37256,-0.15333,0.09015,-0.48566,-0.01801,0.12349,-0.61732,-0.08034,0.13792,-0.52367,-0.13250,0.13313,-0.42579,-0.16175,0.03141,-0.53523,-0.02493,0.06799,-0.73991,-0.05884,0.08778,-0.86957,-0.09025,0.10165,-0.99436,-0.11785,-0.02826,-0.52409,-0.04395,-0.02994,-0.73654,-0.07801,-0.03556,-0.87653,-0.10451,-0.04107,-0.99916,-0.12465,-0.08846,-0.46584,-0.06848,-0.14002,-0.60764,-0.08657,-0.17456,-0.70838,-0.09699,-0.20536,-0.81311,-0.10859
F,-0.00000,0.00000,0.00000,0.07291,-0.06539,-0.04487,0.13448,-0.18051,-0.08113,0.15840,-0.28286,-0.12101,0.13013,-0.36894,-0.15468,0.09381,-0.48091,-0.02231,0.12429,-0.61022,-0.08417,0.13836,-0.52498,-0.13589,0.13417,-0.43550,-0.16472,0.03370,-0.52644,-0.02941,0.06803,-0.73229,-0.06757,0.08939,-0.86881,-0.10214,0.10521,-0.99445,-0.13031,-0.02765,-0.51347,-0.04835,-0.02914,-0.72421,-0.08701,-0.03485,-0.87032,-0.11929,-0.04045,-0.99367,-0.14184,-0.09168,-0.45716,-0.07205,-0.14505,-0.61077,-0.09264,-0.17976,-0.71876,-0.10595,-0.21031,-0.83023,-0.11901
F,-0.00000,0.00000,0.00000,0.07504,-0.07001,-0.04338,0.13621,-0.19422,-0.07523,0.15700,-0.31060,-0.11052,0.12849,-0.39947,-0.13967,0.09720,-0.48245,-0.01518,0.12129,-0.62139,-0.07095,0.12626,-0.54572,-0.11900,0.11675,-0.46536,-0.14680,0.03668,-0.52791,-0.02123,0.07116,-0.73464,-0.05369,0.08821,-0.86912,-0.08637,0.10085,-0.99490,-0.11417,-0.02489,-0.51458,-0.03916,-0.02316,-0.72851,-0.07458,-0.02872,-0.87155,-0.10608,-0.03428,-0.99361,-0.12860,-0.09087,-0.45833,-0.06195,-0.14205,-0.60887,-0.08238,-0.17537,-0.71154,-0.09621,-0.20353,-0.81800,-0.10960
F,-0.00000,0.00000,0.00000,0.07334,-0.06310,-0.03903,0.13326,-0.19361,-0.06797,0.15605,-0.31473,-0.10101,0.13703,-0.41581,-0.12811,0.09315,-0.47240,-0.01392,0.12368,-0.61505,-0.07028,0.13380,-0.53774,-0.11904,0.12772,-0.45295,-0.14739,0.03350,-0.52045,-0.02090,0.07267,-0.73564,-0.05339,0.09104,-0.86830,-0.08739,0.10400,-0.99458,-0.11709,-0.02708,-0.51223,-0.03883,-0.02075,-0.72809,-0.07330,-0.02566,-0.87010,-0.10408,-0.03246,-0.99207,-0.12702,-0.09284,-0.45950,-0.06119,-0.13939,-0.61693,-0.08062,-0.17220,-0.71833,-0.09334,-0.20206,-0.82202,-0.10650
F,-0.00000,0.00000,0.00000,0.08403,-0.06363,-0.03667,0.14931,-0.18886,-0.06478,0.17752,-0.30429,-0.09760,0.15501,-0.40462,-0.12265,0.11586,-0.47101,-0.00380,0.13717,-0.60922,-0.06569,0.14212,-0.52443,-0.11829,0.13233,-0.43149,-0.14657,0.06103,-0.52205,-0.01227,0.09613,-0.72397,-0.04746,0.10833,-0.86102,-0.08099,0.11417,-0.99346,-0.10739,-0.00099,-0.51749,-0.03318,0.00005,-0.72637,-0.06927,-0.00770,-0.86649,-0.09823,-0.01646,-0.99200,-0.11757,-0.07020,-0.46943,-0.05858,-0.11749,-0.61725,-0.07857,-0.14915,-0.71242,-0.09016,-0.17690,-0.80807,-0.09984
F,-0.00000,0.00000,0.00000,0.07667,-0.07143,-0.03976,0.13432,-0.19260,-0.06899,0.15693,-0.30604,-0.10293,0.14064,-0.40849,-0.12839,0.10244,-0.48009,-0.00527,0.12266,-0.61328,-0.06902,0.12671,-0.52305,-0.12293,0.11665,-0.42672,-0.15207,0.04846,-0.52832,-0.01246,0.07650,-0.73143,-0.04823,0.09088,-0.86805,-0.08025,0.10245,-0.99474,-0.10620,-0.01070,-0.52143,-0.03284,-0.01290,-0.73150,-0.06676,-0.02090,-0.86810,-0.09149,-0.02923,-0.98529,-0.10859,-0.07725,-0.47207,-0.05882,-0.12661,-0.61949,-0.07622,-0.16140,-0.71372,-0.08622,-0.19255,-0.80696,-0.09557
F,-0.00000,0.00000,0.00000,0.07446,-0.06857,-0.03993,0.13022,-0.18813,-0.07173,0.15364,-0.29507,-0.10855,0.13622,-0.39808,-0.13683,0.09921,-0.48478,-0.00823,0.11719,-0.61757,-0.07768,0.12430,-0.51572,-0.13494,0.11780,-0.40906,-0.16447,0.04623,-0.53109,-0.01663,0.07235,-0.73320,-0.05509,0.08024,-0.86646,-0.08928,0.08411,-0.99646,-0.11582,-0.01398,-0.52250,-0.03834,-0.01820,-0.73577,-0.07525,-0.02860,-0.87134,-0.10214,-0.04002,-0.99316,-0.11980,-0.07980,-0.46965,-0.06530,-0.12873,-0.61912,-0.08353,-0.16380,-0.70967,-0.09295,-0.19664,-0.79831,-0.10111
F,-0.00000,0.00000,0.00000,0.06601,-0.06777,-0.04036,0.11335,-0.18802,-0.07212,0.12770,-0.29136,-0.10907,0.10426,-0.38513,-0.13818,0.07192,-0.48047,-0.00944,0.09094,-0.60333,-0.07883,0.10196,-0.51054,-0.13645,0.09793,-0.40898,-0.16708,0.01996,-0.52433,-0.01803,0.03759,-0.72349,-0.05867,0.04409,-0.86527,-0.09394,0.04619,-0.99893,-0.12138,-0.03662,-0.51109,-0.03965,-0.04923,-0.72307,-0.07741,-0.06270,-0.86125,-0.10400,-0.07655,-0.98397,-0.12169,-0.09780,-0.45485,-0.06677,-0.15291,-0.59874,-0.08530,-0.19229,-0.68810,-0.09531,-0.22905,-0.77710,-0.10439
F,-0.00000,0.00000,0.00000,0.07108,-0.07409,-0.04888,0.11433,-0.19356,-0.08684,0.12372,-0.29692,-0.12846,0.10466,-0.39808,-0.16195,0.07440,-0.48412,-0.02291,0.09317,-0.61384,-0.09893,0.10635,-0.51203,-0.15975,0.10533,-0.40219,-0.19092,0.02062,-0.52814,-0.02841,0.03407,-0.73550,-0.07179,0.03384,-0.87045,-0.10866,0.02968,-0.99956,-0.13747,-0.03890,-0.51408,-0.04756,-0.05229,-0.73065,-0.08722,-0.06707,-0.86737,-0.11570,-0.08145,-0.99014,-0.13489,-0.10290,-0.45546,-0.07277,-0.16009,-0.60013,-0.09072,-0.19987,-0.68913,-0.10124,-0.23537,-0.77486,-0.11118
F,-0.00000,0.00000,0.00000,0.05985,-0.06804,-0.05094,0.09805,-0.18641,-0.09223,0.10697,-0.28317,-0.13760,0.08368,-0.37557,-0.17596,0.04367,-0.48568,-0.02925,0.06681,-0.60535,-0.10218,0.09061,-0.50941,-0.16281,0.09912,-0.41135,-0.19542,-0.01148,-0.52741,-0.03513,0.00335,-0.73717,-0.07499,0.00288,-0.86761,-0.11112,-0.00081,-0.99329,-0.14074,-0.06805,-0.50515,-0.05384,-0.08305,-0.73549,-0.09123,-0.09559,-0.86817,-0.11775,-0.10664,-0.99430,-0.13616,-0.12754,-0.43927,-0.07880,-0.19075,-0.58976,-0.09516,-0.23123,-0.68498,-0.10299,-0.26715,-0.78663,-0.11170
F,-0.00000,0.00000,0.00000,0.06189,-0.06789,-0.05039,0.10254,-0.18001,-0.09132,0.11185,-0.27362,-0.13615,0.09372,-0.36926,-0.17357,0.05688,-0.48379,-0.02690,0.08107,-0.60862,-0.10420,0.09905,-0.51289,-0.16752,0.10209,-0.40980,-0.20092,0.00433,-0.52866,-0.03311,0.01952,-0.73782,-0.07610,0.02190,-0.87069,-0.11351,0.01994,-0.99737,-0.14355,-0.05467,-0.51008,-0.05276,-0.07242,-0.73868,-0.09164,-0.08746,-0.87287,-0.11903,-0.10204,-0.99478,-0.13787,-0.11797,-0.44613,-0.07889,-0.18050,-0.59772,-0.09593,-0.22305,-0.69355,-0.10483,-0.26302,-0.79202,-0.11409
F,-0.00000,0.00000,0.00000,0.06111,-0.06791,-0.04417,0.09842,-0.18213,-0.08149,0.10924,-0.27494,-0.12346,0.09988,-0.37624,-0.15882,0.06188,-0.47991,-0.02279,0.08684,-0.60232,-0.09625,0.10288,-0.51138,-0.15813,0.10561,-0.41096,-0.19184,0.00744,-0.52465,-0.03185,0.02234,-0.73223,-0.07231,0.02564,-0.87109,-0.10974,0.02595,-0.99966,-0.14101,-0.05176,-0.50878,-0.05341,-0.06699,-0.73103,-0.08972,-0.07934,-0.86695,-0.11621,-0.09237,-0.98649,-0.13588,-0.11558,-0.44812,-0.08104,-0.17606,-0.59433,-0.09815,-0.21901,-0.68877,-0.10748,-0.25914,-0.78358,-0.11776
F,-0.00000,0.00000,0.00000,0.07326,-0.06989,-0.04220,0.11533,-0.18691,-0.07567,0.12840,-0.28974,-0.11380,0.12568,-0.39555,-0.14509,0.08545,-0.47156,-0.01853,0.11183,-0.61019,-0.08676,0.12440,-0.52697,-0.14558,0.12502,-0.42600,-0.17800,0.03240,-0.52162,-0.02691,0.05541,-0.73380,-0.06409,0.06195,-0.87134,-0.10305,0.06359,-0.99798,-0.13644,-0.02685,-0.51464,-0.04717,-0.03451,-0.72892,-0.08084,-0.04178,-0.86048,-0.10992,-0.05153,-0.97612,-0.13249,-0.09164,-0.46326,-0.07319,-0.14592,-0.60465,-0.08779,-0.18433,-0.68940,-0.09803,-0.21902,-0.77179,-0.10991
F,-0.00000,0.00000,0.00000,0.06777,-0.07032,-0.04171,0.11162,-0.18628,-0.07469,0.12720,-0.28581,-0.11257,0.12406,-0.38636,-0.14434,0.08072,-0.47691,-0.01930,0.10876,-0.61416,-0.08890,0.12120,-0.53206,-0.14843,0.11950,-0.43551,-0.18151,0.02809,-0.52691,-0.02802,0.05324,-0.73643,-0.06656,0.06083,-0.86998,-0.10579,0.06474,-0.99479,-0.13931,-0.03147,-0.52053,-0.04880,-0.03669,-0.73881,-0.08577,-0.04398,-0.87742,-0.11844,-0.05226,-0.99863,-0.14270,-0.09705,-0.46934,-0.07494,-0.15481,-0.61610,-0.09436,-0.19636,-0.70756,-0.10846,-0.23359,-0.79795,-0.12244
F,-0.00000,0.00000,0.00000,0.07309,-0.06559,-0.04053,0.12438,-0.17376,-0.07317,0.14338,-0.27306,-0.11116,0.14122,-0.37164,-0.14200,0.10535,-0.47527,-0.01487,0.13132,-0.61555,-0.08217,0.13598,-0.52367,-0.13853,0.12771,-0.41775,-0.16918,0.05121,-0.52955,-0.02356,0.08164,-0.74369,-0.05985,0.09091,-0.87389,-0.09591,0.09546,-0.99543,-0.12701,-0.01145,-0.52730,-0.04464,-0.01307,-0.74447,-0.07977,-0.02079,-0.87930,-0.10905,-0.03047,-0.99678,-0.13096,-0.08168,-0.47941,-0.07123,-0.13396,-0.62968,-0.08929,-0.17332,-0.72050,-0.10136,-0.20875,-0.80840,-0.11368
F,-0.00000,0.00000,0.00000,0.07108,-0.04969,-0.04082,0.12564,-0.15637,-0.07327,0.14428,-0.25124,-0.11027,0.14282,-0.35146,-0.14072,0.10723,-0.47463,-0.01987,0.13160,-0.61346,-0.08043,0.13879,-0.52336,-0.13271,0.13259,-0.42642,-0.16306,0.04890,-0.52822,-0.02873,0.08813,-0.74058,-0.06161,0.11022,-0.86723,-0.09809,0.12656,-0.98458,-0.13113,-0.01554,-0.52312,-0.04865,-0.01778,-0.73728,-0.08308,-0.02079,-0.87792,-0.11400,-0.02570,-0.99967,-0.13824,-0.08599,-0.47488,-0.07335,-0.14113,-0.63072,-0.09262,-0.18031,-0.72726,-0.10481,-0.21610,-0.82407,-0.11799
F,-0.00000,0.00000,0.00000,0.06933,-0.05211,-0.03308,0.12193,-0.16189,-0.06280,0.13964,-0.25383,-0.09890,0.13598,-0.34329,-0.12953,0.09823,-0.47096,-0.01125,0.12644,-0.58633,-0.07035,0.13575,-0.48979,-0.12266,0.13011,-0.39356,-0.15284,0.04284,-0.52345,-0.02401,0.08680,-0.73354,-0.05532,0.11582,-0.86418,-0.08960,0.13869,-0.98551,-0.12053,-0.01904,-0.51779,-0.04746,-0.02110,-0.73585,-0.07985,-0.02478,-0.87617,-0.10842,-0.02835,-0.99960,-0.13090,-0.08625,-0.47072,-0.07516,-0.14133,-0.62878,-0.09181,-0.17819,-0.72569,-0.10084,-0.21182,-0.82661,-0.11181
F,-0.00000,0.00000,0.00000,0.06736,-0.04652,-0.04693,0.12170,-0.15249,-0.08190,0.14382,-0.25025,-0.12013,0.14734,-0.34766,-0.15132,0.10760,-0.46221,-0.02523,0.13944,-0.59139,-0.09294,0.14135,-0.49459,-0.14858,0.12843,-0.39779,-0.17935,0.05598,-0.51934,-0.03078,0.10053,-0.72184,-0.06961,0.12162,-0.84522,-0.10649,0.13545,-0.96709,-0.13799,-0.00536,-0.51914,-0.04861,-0.00400,-0.73304,-0.08838,-0.00852,-0.87157,-0.12184,-0.01446,-0.99990,-0.14596,-0.07316,-0.47456,-0.07158,-0.12454,-0.62724,-0.09286,-0.16012,-0.71816,-0.10692,-0.19210,-0.81166,-0.12054
F,-0.00000,0.00000,0.00000,0.07334,-0.04765,-0.03886,0.13035,-0.15930,-0.06989,0.15854,-0.26029,-0.10596,0.17506,-0.36089,-0.13501,0.12168,-0.45595,-0.01606,0.15474,-0.59047,-0.08569,0.15956,-0.49982,-0.14280,0.14871,-0.39988,-0.17327,0.07167,-0.51380,-0.02469,0.11755,-0.71553,-0.06575,0.14280,-0.83975,-0.10222,0.16147,-0.95998,-0.13133,0.00875,-0.51691,-0.04533,0.01127,-0.73945,-0.08521,0.01195,-0.87504,-0.11506,0.01005,-0.99995,-0.13562,-0.05968,-0.47585,-0.07067,-0.10797,-0.62922,-0.09038,-0.14065,-0.72144,-0.10223,-0.17133,-0.81515,-0.11340
F,-0.00000,0.00000,0.00000,0.07424,-0.04955,-0.03478,0.13136,-0.16404,-0.06275,0.15898,-0.26726,-0.09650,0.17605,-0.36273,-0.12368,0.12085,-0.45358,-0.01115,0.15001,-0.58809,-0.07730,0.15392,-0.49944,-0.13247,0.14382,-0.40315,-0.16252,0.06979,-0.51131,-0.02116,0.11470,-0.71437,-0.06026,0.14179,-0.83726,-0.09627,0.16326,-0.95560,-0.12535,0.00616,-0.51413,-0.04263,0.00781,-0.73822,-0.08124,0.00878,-0.87417,-0.11089,0.00772,-0.99997,-0.13156,-0.06280,-0.47301,-0.06844,-0.11183,-0.62602,-0.08778,-0.14471,-0.71833,-0.09946,-0.17538,-0.81277,-0.11069
F,-0.00000,0.00000,0.00000,0.07245,-0.05003,-0.03333,0.12743,-0.16204,-0.06145,0.15677,-0.26053,-0.09506,0.17533,-0.35581,-0.12332,0.11919,-0.45846,-0.00981,0.15802,-0.57816,-0.07263,0.16444,-0.49019,-0.12797,0.15691,-0.39240,-0.15907,0.06953,-0.51771,-0.02105,0.11784,-0.71939,-0.05671,0.15170,-0.84571,-0.09313,0.17875,-0.96025,-0.12356,0.00855,-0.51887,-0.04332,0.00958,-0.73969,-0.07950,0.01061,-0.87909,-0.11097,0.00920,-0.99996,-0.13397,-0.05828,-0.47671,-0.06963,-0.10793,-0.63164,-0.08790,-0.14027,-0.72673,-0.09938,-0.17000,-0.82384,-0.11152
F,-0.00000,0.00000,0.00000,0.07081,-0.04992,-0.03172,0.12838,-0.16535,-0.05817,0.15792,-0.26572,-0.09035,0.17560,-0.36351,-0.11715,0.11762,-0.46246,-0.00714,0.15908,-0.58973,-0.06431,0.16499,-0.49771,-0.11451,0.15616,-0.40280,-0.14310,0.06843,-0.52127,-0.01812,0.12486,-0.71419,-0.05127,0.15926,-0.83136,-0.08608,0.18396,-0.94096,-0.11617,0.00863,-0.52462,-0.03978,0.01588,-0.73566,-0.07495,0.01877,-0.87722,-0.10706,0.01830,-0.99983,-0.13102,-0.05773,-0.48803,-0.06511,-0.10301,-0.64609,-0.08349,-0.13535,-0.74269,-0.09566,-0.16538,-0.84063,-0.10859
F,-0.00000,0.00000,0.00000,0.07192,-0.04950,-0.03376,0.13083,-0.16568,-0.06064,0.16041,-0.26666,-0.09226,0.17708,-0.36958,-0.11770,0.12211,-0.45498,-0.00964,0.15933,-0.58454,-0.06618,0.16418,-0.49442,-0.11440,0.15434,-0.40257,-0.14157,0.07406,-0.51241,-0.02022,0.12549,-0.70922,-0.05524,0.16139,-0.82949,-0.09001,0.18672,-0.94141,-0.11908,0.01510,-0.51557,-0.04158,0.02034,-0.73148,-0.07894,0.02497,-0.87582,-0.11158,0.02475,-0.99969,-0.13518,-0.05213,-0.47914,-0.06656,-0.09876,-0.64057,-0.08605,-0.13138,-0.74028,-0.09912,-0.16196,-0.84162,-0.11247
F,-0.00000,0.00000,0.00000,0.07484,-0.04771,-0.03487,0.13196,-0.16431,-0.06198,0.15990,-0.26781,-0.09404,0.17602,-0.36373,-0.12069,0.12050,-0.45673,-0.01206,0.15696,-0.58517,-0.07219,0.16420,-0.50780,-0.12446,0.15703,-0.41475,-0.15414,0.07023,-0.51564,-0.02182,0.11779,-0.72012,-0.05687,0.15291,-0.84831,-0.09130,0.18206,-0.95868,-0.12002,0.00866,-0.51660,-0.04255,0.01266,-0.73037,-0.07721,0.01757,-0.87411,-0.10722,0.01962,-0.99981,-0.12962,-0.05791,-0.47658,-0.06763,-0.10463,-0.63238,-0.08623,-0.13449,-0.73121,-0.09844,-0.16186,-0.83277,-0.11119
A,-0.00000,0.00000,0.00000,0.17685,-0.10669,-0.05770,0.30200,-0.38786,-0.07377,0.35614,-0.70269,-0.09145,0.38211,-0.92412,-0.08964,0.25461,-0.67116,0.02222,0.26912,-0.91023,-0.04268,0.24203,-0.67886,-0.06599,0.22690,-0.57732,-0.07004,0.16569,-0.71029,0.02558,0.18294,-0.93565,-0.04193,0.16011,-0.65331,-0.04390,0.15441,-0.58956,-0.02662,0.07624,-0.72892,0.01089,0.09200,-0.95130,-0.06263,0.07970,-0.68440,-0.02968,0.07804,-0.59208,0.01348,-0.01392,-0.72936,-0.01073,0.00206,-0.89892,-0.04754,0.00336,-0.71734,-0.02046,0.00193,-0.62400,0.01106
A,-0.00000,0.00000,0.00000,0.17618,-0.11217,-0.05470,0.29997,-0.39356,-0.06835,0.35382,-0.70590,-0.08463,0.37700,-0.92621,-0.08150,0.25088,-0.67190,0.02818,0.26671,-0.91044,-0.03655,0.24093,-0.67960,-0.06161,0.22591,-0.57985,-0.06703,0.16246,-0.71023,0.03065,0.18057,-0.93418,-0.03657,0.15840,-0.65091,-0.03951,0.15176,-0.58670,-0.02293,0.07331,-0.72851,0.01499,0.08913,-0.95031,-0.05721,0.07904,-0.68323,-0.02465,0.07781,-0.59135,0.01830,-0.01666,-0.72847,-0.00750,-0.00142,-0.90079,-0.04163,0.00194,-0.72344,-0.01381,0.00102,-0.63188,0.01795
A,-0.00000,0.00000,0.00000,0.17450,-0.09897,-0.05121,0.30024,-0.39043,-0.06073,0.35218,-0.71255,-0.07312,0.38006,-0.92496,-0.06645,0.25205,-0.67159,0.03648,0.26496,-0.90660,-0.02680,0.24100,-0.67229,-0.05092,0.22666,-0.57324,-0.05585,0.16401,-0.71024,0.03797,0.17942,-0.93288,-0.02896,0.15925,-0.64338,-0.03140,0.15352,-0.57858,-0.01314,0.07418,-0.72775,0.02108,0.08663,-0.94546,-0.05264,0.07817,-0.67144,-0.02110,0.07703,-0.58049,0.02245,-0.01786,-0.72701,-0.00218,-0.00460,-0.88840,-0.03829,-0.00012,-0.70544,-0.01245,-0.00251,-0.61783,0.01857
A,-0.00000,0.00000,0.00000,0.17328,-0.10164,-0.05257,0.29880,-0.38836,-0.06504,0.35020,-0.70913,-0.08125,0.37720,-0.92613,-0.07882,0.24955,-0.67782,0.03942,0.26511,-0.90530,-0.02973,0.24124,-0.67331,-0.05904,0.22474,-0.56998,-0.06593,0.16164,-0.71618,0.03987,0.17993,-0.93738,-0.03346,0.16082,-0.64737,-0.03981,0.15347,-0.57522,-0.02218,0.07178,-0.73467,0.02114,0.08587,-0.95720,-0.05780,0.07872,-0.68137,-0.02713,0.07646,-0.58094,0.01797,-0.02108,-0.73247,-0.00418,-0.00551,-0.90326,-0.04420,0.00029,-0.71541,-0.01862,-0.00280,-0.61841,0.01390
A,-0.00000,0.00000,0.00000,0.17241,-0.10337,-0.05467,0.29567,-0.38944,-0.06837,0.34862,-0.70938,-0.08431,0.37581,-0.92670,-0.08126,0.24928,-0.67472,0.02933,0.26184,-0.90383,-0.03299,0.23633,-0.67522,-0.05528,0.22299,-0.57655,-0.05892,0.16102,-0.71443,0.03192,0.17684,-0.93438,-0.03399,0.15557,-0.65095,-0.03580,0.15103,-0.58602,-0.01782,0.07098,-0.73189,0.01651,0.08467,-0.94862,-0.05594,0.07375,-0.68142,-0.02436,0.07370,-0.58848,0.01848,-0.01982,-0.73054,-0.00548,-0.00613,-0.89803,-0.04126,-0.00403,-0.71855,-0.01528,-0.00509,-0.62660,0.01561
A,-0.00000,0.00000,0.00000,0.17667,-0.10823,-0.05071,0.30305,-0.39280,-0.06364,0.35817,-0.70338,-0.08046,0.38069,-0.92470,-0.07830,0.25449,-0.67099,0.03110,0.27323,-0.91151,-0.03673,0.24521,-0.67850,-0.06421,0.22875,-0.57735,-0.07065,0.16746,-0.71314,0.03034,0.18678,-0.93807,-0.04006,0.16271,-0.65403,-0.04521,0.15636,-0.58605,-0.02913,0.07791,-0.73385,0.01156,0.09446,-0.95887,-0.06259,0.08201,-0.68820,-0.03024,0.07990,-0.59242,0.01330,-0.01370,-0.73471,-0.01384,0.00319,-0.90343,-0.04963,0.00570,-0.72308,-0.02219,0.00366,-0.63100,0.00982
A,-0.00000,0.00000,0.00000,0.18635,-0.10868,-0.04762,0.31480,-0.38505,-0.05678,0.37060,-0.69584,-0.06945,0.38673,-0.92219,-0.06289,0.26630,-0.66301,0.03854,0.28258,-0.90805,-0.02657,0.25381,-0.67248,-0.05515,0.24109,-0.57314,-0.06282,0.17566,-0.70407,0.03856,0.19253,-0.93557,-0.03046,0.16594,-0.65150,-0.04148,0.16268,-0.57734,-0.02970,0.08395,-0.72609,0.02148,0.10080,-0.95320,-0.05080,0.08676,-0.67971,-0.02277,0.08649,-0.58095,0.01793,-0.00840,-0.73129,-0.00152,0.00820,-0.89616,-0.03386,0.00891,-0.71461,-0.00640,0.00740,-0.62266,0.02543
A,-0.00000,0.00000,0.00000,0.18326,-0.10552,-0.04446,0.31036,-0.38541,-0.04924,0.36367,-0.70471,-0.05768,0.39242,-0.91978,-0.04714,0.26302,-0.65726,0.04924,0.27858,-0.90070,-0.01212,0.24828,-0.66793,-0.03913,0.23327,-0.55949,-0.04573,0.17285,-0.69718,0.05042,0.19128,-0.92839,-0.01544,0.16402,-0.64152,-0.02643,0.15883,-0.56463,-0.01450,0.08201,-0.71888,0.03435,0.09988,-0.94838,-0.03615,0.08536,-0.67381,-0.01045,0.08300,-0.57063,0.02861,-0.01041,-0.72369,0.01265,0.00671,-0.88509,-0.02104,0.00660,-0.70167,0.00278,0.00154,-0.60857,0.03226
A,-0.00000,0.00000,0.00000,0.18485,-0.11119,-0.05495,0.31178,-0.38078,-0.06946,0.36595,-0.69619,-0.08597,0.38587,-0.92255,-0.08278,0.26156,-0.66066,0.02442,0.28087,-0.90682,-0.04020,0.25120,-0.67298,-0.06370,0.23618,-0.56698,-0.06782,0.17103,-0.70242,0.02707,0.19180,-0.93428,-0.04282,0.16633,-0.65025,-0.04917,0.16246,-0.57564,-0.03468,0.08086,-0.72491,0.01248,0.09883,-0.95213,-0.06204,0.08449,-0.68199,-0.03165,0.08484,-0.58144,0.01037,-0.00932,-0.72875,-0.00869,0.00604,-0.89974,-0.04514,0.00592,-0.71772,-0.01878,0.00564,-0.62118,0.01233
A,-0.00000,0.00000,0.00000,0.18070,-0.10568,-0.05117,0.30853,-0.37710,-0.06246,0.36243,-0.70037,-0.07753,0.38711,-0.92203,-0.07400,0.26493,-0.66254,0.04557,0.27903,-0.90980,-0.01887,0.24766,-0.68296,-0.04685,0.23174,-0.56392,-0.05277,0.17359,-0.70191,0.04773,0.19248,-0.93199,-0.02276,0.16442,-0.65428,-0.03625,0.16173,-0.56577,-0.02447,0.08244,-0.72207,0.03157,0.09882,-0.95057,-0.04325,0.08335,-0.68455,-0.02050,0.08478,-0.57190,0.01832,-0.01070,-0.72244,0.00927,0.00479,-0.89593,-0.02884,0.00348,-0.71382,-0.00787,0.00106,-0.61020,0.02084
A,-0.00000,0.00000,0.00000,0.17828,-0.12083,-0.05099,0.30030,-0.39082,-0.06263,0.34883,-0.70883,-0.07812,0.37115,-0.92857,-0.07478,0.24956,-0.66537,0.04884,0.26418,-0.90407,-0.01673,0.23794,-0.67966,-0.04745,0.22122,-0.56512,-0.05535,0.15928,-0.70166,0.05118,0.17920,-0.92981,-0.02071,0.15565,-0.65209,-0.03562,0.14946,-0.56782,-0.02443,0.06893,-0.71982,0.03506,0.08622,-0.94363,-0.03910,0.07597,-0.67798,-0.01653,0.07514,-0.57215,0.02220,-0.02380,-0.71818,0.01262,-0.00627,-0.89040,-0.02285,-0.00296,-0.71027,-0.00053,-0.00642,-0.61076,0.02899
A,-0.00000,0.00000,0.00000,0.17754,-0.11902,-0.04849,0.30464,-0.39499,-0.05940,0.35370,-0.70952,-0.07333,0.36778,-0.92991,-0.06709,0.24892,-0.66852,0.03859,0.26204,-0.89827,-0.03074,0.23477,-0.65721,-0.06157,0.21617,-0.55226,-0.07029,0.15564,-0.69907,0.03885,0.17382,-0.91935,-0.03073,0.14870,-0.62869,-0.03840,0.13909,-0.56335,-0.02447,0.05988,-0.71381,0.02068,0.07533,-0.93782,-0.05150,0.06601,-0.66169,-0.02104,0.06228,-0.57150,0.02050,-0.03832,-0.71071,-0.00374,-0.02101,-0.87559,-0.03660,-0.01500,-0.69358,-0.01002,-0.01887,-0.61224,0.02085
A,-0.00000,0.00000,0.00000,0.17806,-0.10346,-0.06241,0.30616,-0.39137,-0.07953,0.35391,-0.71329,-0.09691,0.35300,-0.93562,-0.09284,0.24473,-0.66190,0.01982,0.25629,-0.89918,-0.04875,0.23139,-0.65062,-0.07291,0.21821,-0.54797,-0.07696,0.15046,-0.68980,0.02570,0.16357,-0.90691,-0.04301,0.13962,-0.62002,-0.04572,0.13892,-0.56451,-0.02927,0.05426,-0.70008,0.01268,0.06238,-0.92913,-0.06026,0.05202,-0.65631,-0.02653,0.05639,-0.56461,0.01659,-0.04410,-0.69266,-0.00742,-0.03313,-0.87063,-0.04520,-0.03169,-0.68898,-0.01986,-0.03141,-0.60410,0.01090
A,-0.00000,0.00000,0.00000,0.18308,-0.11272,-0.05741,0.31073,-0.39314,-0.07225,0.35131,-0.71377,-0.08835,0.34164,-0.93983,-0.08320,0.22726,-0.66895,0.02908,0.25067,-0.90523,-0.04134,0.23157,-0.65909,-0.07092,0.20764,-0.55397,-0.07899,0.13482,-0.69503,0.03413,0.15705,-0.91716,-0.03635,0.13775,-0.63203,-0.04035,0.12127,-0.57231,-0.02419,0.04213,-0.70567,0.01980,0.05931,-0.94069,-0.05361,0.05545,-0.66848,-0.02012,0.04439,-0.57442,0.02358,-0.05630,-0.69481,-0.00159,-0.03564,-0.87612,-0.03872,-0.02755,-0.69531,-0.01400,-0.03883,-0.60988,0.01685
A,-0.00000,0.00000,0.00000,0.18198,-0.12735,-0.05615,0.30209,-0.39577,-0.07379,0.33915,-0.71004,-0.09465,0.33755,-0.94131,-0.09572,0.22490,-0.69029,0.03319,0.24919,-0.91111,-0.03715,0.22810,-0.67478,-0.07184,0.20290,-0.56280,-0.08356,0.13353,-0.72249,0.03491,0.15659,-0.94460,-0.03689,0.13827,-0.65863,-0.04533,0.12206,-0.57816,-0.03167,0.04111,-0.73808,0.01733,0.05718,-0.98414,-0.05362,0.05518,-0.71863,-0.02151,0.04699,-0.60681,0.02105,-0.05588,-0.72546,-0.00811,-0.03758,-0.92885,-0.04323,-0.02401,-0.75618,-0.01766,-0.02895,-0.65237,0.01362
A,-0.00000,0.00000,0.00000,0.17991,-0.10964,-0.06498,0.29725,-0.38736,-0.08290,0.33426,-0.70662,-0.10203,0.33982,-0.93539,-0.10089,0.22082,-0.67437,0.03262,0.24596,-0.90029,-0.03411,0.22297,-0.67380,-0.06728,0.19731,-0.56918,-0.07838,0.13312,-0.71489,0.04051,0.15728,-0.94842,-0.02802,0.13804,-0.67716,-0.03599,0.12192,-0.60266,-0.02174,0.04568,-0.73510,0.02825,0.06095,-0.99814,-0.03818,0.05826,-0.75070,-0.00878,0.05195,-0.64406,0.03131,-0.04629,-0.72944,0.00697,-0.03208,-0.93500,-0.02568,-0.01812,-0.77716,-0.00381,-0.02002,-0.67550,0.02425
A,-0.00000,0.00000,0.00000,0.17984,-0.11379,-0.06537,0.29664,-0.39109,-0.08395,0.33484,-0.70629,-0.10368,0.34291,-0.93209,-0.10255,0.22327,-0.67640,0.03213,0.24885,-0.90532,-0.03363,0.22552,-0.67578,-0.06595,0.20015,-0.57720,-0.07682,0.13707,-0.71535,0.04011,0.16263,-0.94844,-0.02817,0.14290,-0.67828,-0.03581,0.12634,-0.61044,-0.02128,0.04962,-0.73527,0.02798,0.06588,-0.99783,-0.03682,0.06182,-0.75749,-0.00702,0.05327,-0.66001,0.03297,-0.04279,-0.73227,0.00671,-0.02596,-0.94094,-0.02399,-0.01240,-0.78649,-0.00087,-0.01601,-0.68623,0.02790
A,-0.00000,0.00000,0.00000,0.17348,-0.08786,-0.07964,0.30052,-0.36103,-0.10844,0.34441,-0.68702,-0.13406,0.35283,-0.92045,-0.13762,0.23251,-0.67035,-0.00370,0.26743,-0.91556,-0.07647,0.23860,-0.67594,-0.10442,0.21219,-0.57384,-0.11110,0.14206,-0.71383,0.01113,0.17625,-0.95884,-0.06176,0.14966,-0.67703,-0.06190,0.13408,-0.61713,-0.04292,0.05252,-0.74027,0.00626,0.07404,-0.99726,-0.06603,0.06616,-0.73700,-0.03211,0.05987,-0.64575,0.01070,-0.03870,-0.74661,-0.00798,-0.01957,-0.94544,-0.04613,-0.01215,-0.77445,-0.02416,-0.01523,-0.67717,0.00412
A,-0.00000,0.00000,0.00000,0.17935,-0.09585,-0.07180,0.30334,-0.36664,-0.09547,0.34552,-0.69533,-0.11726,0.35552,-0.92774,-0.11735,0.23516,-0.67832,0.01209,0.26260,-0.91949,-0.05656,0.23750,-0.68212,-0.08539,0.21349,-0.57628,-0.09303,0.14484,-0.72032,0.02554,0.17221,-0.95650,-0.04111,0.15121,-0.67552,-0.04282,0.13845,-0.61640,-0.02621,0.05550,-0.74296,0.01962,0.07203,-0.99740,-0.04591,0.06831,-0.73891,-0.01211,0.06369,-0.64579,0.02915,-0.03530,-0.74392,0.00480,-0.01922,-0.93956,-0.02639,-0.00851,-0.77233,-0.00233,-0.01091,-0.67719,0.02631
A,-0.00000,0.00000,0.00000,0.18325,-0.09188,-0.06922,0.30933,-0.36280,-0.08983,0.34908,-0.69364,-0.10925,0.35648,-0.93303,-0.10778,0.24052,-0.68046,0.01715,0.25993,-0.93133,-0.05040,0.23881,-0.68539,-0.07935,0.21852,-0.57112,-0.08705,0.14585,-0.71775,0.02879,0.16677,-0.96060,-0.03872,0.14708,-0.67540,-0.04521,0.13563,-0.60265,-0.03150,0.05294,-0.73458,0.02155,0.06784,-0.99770,-0.04727,0.06261,-0.72834,-0.01707,0.05837,-0.62117,0.02264,-0.04171,-0.73017,0.00619,-0.02584,-0.93158,-0.03051,-0.01808,-0.75201,-0.00835,-0.02196,-0.64830,0.02013
A,-0.00000,0.00000,0.00000,0.17710,-0.08272,-0.07219,0.30649,-0.36746,-0.09495,0.35013,-0.70126,-0.11608,0.35439,-0.93510,-0.11624,0.23522,-0.68451,0.00592,0.26000,-0.93642,-0.06628,0.23521,-0.68404,-0.09361,0.20876,-0.56825,-0.09912,0.13892,-0.72004,0.01710,0.16332,-0.95860,-0.05568,0.14167,-0.66393,-0.05684,0.12706,-0.58759,-0.03781,0.04499,-0.73120,0.00882,0.05876,-0.97656,-0.06895,0.05524,-0.69526,-0.03590,0.05102,-0.58795,0.00863,-0.05159,-0.71920,-0.00733,-0.03744,-0.92082,-0.05117,-0.02765,-0.73011,-0.02824,-0.02998,-0.62239,0.00248
A,-0.00000,0.00000,0.00000,0.17285,-0.08452,-0.06704,0.30512,-0.37469,-0.08736,0.35123,-0.70861,-0.10663,0.35592,-0.93451,-0.10487,0.23809,-0.68167,0.00617,0.26507,-0.94174,-0.06836,0.23845,-0.69070,-0.09579,0.21294,-0.56992,-0.10082,0.14122,-0.71356,0.01411,0.16921,-0.96090,-0.06159,0.14383,-0.65623,-0.06089,0.12840,-0.57143,-0.03958,0.04741,-0.72006,0.00288,0.06350,-0.95742,-0.07840,0.06040,-0.66965,-0.04205,0.05528,-0.56220,0.00573,-0.05197,-0.70001,-0.01567,-0.03452,-0.89646,-0.06042,-0.02262,-0.70019,-0.03450,-0.02496,-0.59467,-0.00170
A,-0.00000,0.00000,0.00000,0.17929,-0.08670,-0.06217,0.31565,-0.37430,-0.07930,0.36312,-0.70570,-0.09595,0.36747,-0.93003,-0.09208,0.24782,-0.66797,0.01287,0.27641,-0.92598,-0.06077,0.24576,-0.68657,-0.09047,0.21950,-0.56112,-0.09707,0.14988,-0.69807,0.01874,0.17951,-0.94500,-0.05753,0.14993,-0.65039,-0.06284,0.13782,-0.55459,-0.04569,0.05565,-0.70554,0.00609,0.07358,-0.94554,-0.07379,0.06544,-0.66222,-0.04118,0.06160,-0.54477,0.00387,-0.04501,-0.68551,-0.01349,-0.02398,-0.87603,-0.05863,-0.01795,-0.68422,-0.03549,-0.02210,-0.58094,-0.00464
A,-0.00000,0.00000,0.00000,0.18059,-0.07806,-0.06967,0.32321,-0.36722,-0.09631,0.37330,-0.69941,-0.11999,0.37446,-0.92724,-0.12415,0.24600,-0.65195,-0.02436,0.27187,-0.90193,-0.10368,0.23278,-0.66184,-0.13009,0.20692,-0.50016,-0.13284,0.14092,-0.67358,-0.01717,0.16881,-0.92554,-0.10679,0.13416,-0.62230,-0.11594,0.12079,-0.47911,-0.09889,0.03927,-0.67829,-0.02575,0.06285,-0.91083,-0.11479,0.05278,-0.61220,-0.08436,0.04986,-0.46184,-0.03947,-0.06621,-0.65255,-0.04113,-0.03472,-0.82794,-0.09926,-0.02938,-0.62525,-0.08224,-0.03348,-0.50849,-0.05393
A,-0.00000,0.00000,0.00000,0.18856,-0.09530,-0.07613,0.33980,-0.35687,-0.11428,0.40377,-0.68840,-0.14892,0.38529,-0.92280,-0.16355,0.26145,-0.65417,-0.03170,0.27726,-0.89386,-0.12336,0.23801,-0.66230,-0.16012,0.21021,-0.47850,-0.16793,0.15424,-0.67645,-0.02268,0.17639,-0.89658,-0.12804,0.14221,-0.58641,-0.14829,0.12646,-0.42608,-0.13577,0.04832,-0.68187,-0.02914,0.06815,-0.88070,-0.12975,0.05959,-0.57615,-0.10067,0.05349,-0.41319,-0.05232,-0.05958,-0.65101,-0.04270,-0.02874,-0.80937,-0.10722,-0.02259,-0.59434,-0.08742,-0.02637,-0.46540,-0.05368
A,-0.00000,0.00000,0.00000,0.19410,-0.10377,-0.07909,0.35064,-0.36572,-0.11656,0.41550,-0.69489,-0.14920,0.39202,-0.91996,-0.16198,0.27099,-0.65614,-0.03489,0.28437,-0.89183,-0.11808,0.24537,-0.66117,-0.14952,0.21737,-0.46548,-0.15533,0.16032,-0.67805,-0.02440,0.18018,-0.89438,-0.12498,0.14535,-0.58724,-0.14566,0.12820,-0.40631,-0.13490,0.05355,-0.67824,-0.02849,0.07355,-0.86869,-0.12928,0.06177,-0.56580,-0.10283,0.05402,-0.37816,-0.05649,-0.05572,-0.63668,-0.03970,-0.02569,-0.80404,-0.11131,-0.01657,-0.58349,-0.09410,-0.01621,-0.42979,-0.06132
A,-0.00000,0.00000,0.00000,0.19283,-0.09636,-0.08506,0.35688,-0.37180,-0.12456,0.41491,-0.71426,-0.15574,0.37281,-0.92791,-0.16598,0.26592,-0.63464,-0.04605,0.27456,-0.86461,-0.12743,0.23188,-0.63273,-0.15749,0.20361,-0.43079,-0.16443,0.14904,-0.66202,-0.03200,0.17169,-0.88686,-0.13561,0.13371,-0.57153,-0.16082,0.11843,-0.38503,-0.15594,0.04376,-0.67413,-0.03155,0.06539,-0.86981,-0.13661,0.04996,-0.55332,-0.11297,0.04368,-0.35151,-0.07018,-0.06279,-0.64339,-0.03828,-0.02911,-0.80064,-0.11687,-0.02800,-0.57022,-0.10440,-0.02805,-0.41236,-0.07592
A,-0.00000,0.00000,0.00000,0.19076,-0.09076,-0.08945,0.36421,-0.38736,-0.13163,0.42827,-0.72338,-0.16497,0.37281,-0.92791,-0.17789,0.26319,-0.64697,-0.06124,0.28118,-0.86611,-0.14859,0.23396,-0.62599,-0.18049,0.19834,-0.42538,-0.18841,0.14627,-0.67121,-0.04959,0.17599,-0.89515,-0.16434,0.13147,-0.56764,-0.19035,0.10628,-0.36727,-0.18290,0.03891,-0.67874,-0.05139,0.06713,-0.86335,-0.16978,0.04706,-0.53172,-0.14628,0.03786,-0.32208,-0.09935,-0.06473,-0.64872,-0.06014,-0.02974,-0.80568,-0.14943,-0.02747,-0.55905,-0.13704,-0.02760,-0.39118,-0.10596
A,-0.00000,0.00000,0.00000,0.20974,-0.09470,-0.08514,0.39236,-0.37682,-0.12426,0.46172,-0.72459,-0.15538,0.39007,-0.92079,-0.16463,0.28720,-0.65216,-0.03459,0.30698,-0.85542,-0.11554,0.26111,-0.61065,-0.14559,0.22776,-0.41792,-0.15330,0.16551,-0.68832,-0.02127,0.20199,-0.89437,-0.12639,0.15988,-0.55695,-0.14880,0.13640,-0.37374,-0.14080,0.05272,-0.69968,-0.02244,0.08686,-0.87716,-0.13266,0.06978,-0.54614,-0.10333,0.06133,-0.34793,-0.05431,-0.05864,-0.66370,-0.03055,-0.01949,-0.81167,-0.10938,-0.01473,-0.56381,-0.09015,-0.01361,-0.40344,-0.05570
A,-0.00000,0.00000,0.00000,0.20907,-0.07864,-0.08733,0.39811,-0.38716,-0.12864,0.46987,-0.73692,-0.16261,0.38592,-0.92253,-0.17648,0.28543,-0.65015,-0.04701,0.31449,-0.85352,-0.13682,0.26560,-0.60333,-0.17170,0.22439,-0.41688,-0.18241,0.16205,-0.68679,-0.03478,0.20397,-0.89839,-0.14396,0.15590,-0.55853,-0.16315,0.12493,-0.37691,-0.15223,0.04466,-0.70238,-0.03802,0.08625,-0.88179,-0.15076,0.06420,-0.54665,-0.12061,0.05124,-0.35398,-0.07030,-0.06769,-0.67520,-0.04869,-0.02342,-0.82268,-0.12875,-0.02030,-0.57461,-0.11139,-0.02300,-0.41845,-0.07831
A,-0.00000,0.00000,0.00000,0.20520,-0.08275,-0.08960,0.39147,-0.38846,-0.13198,0.46566,-0.73800,-0.16696,0.38321,-0.92366,-0.18086,0.28814,-0.66794,-0.04745,0.31343,-0.87122,-0.13772,0.26319,-0.61697,-0.16999,0.22471,-0.42895,-0.17755,0.16436,-0.70334,-0.03454,0.20131,-0.90910,-0.14588,0.15273,-0.56191,-0.16326,0.12536,-0.38097,-0.14877,0.04633,-0.71810,-0.03753,0.08373,-0.88832,-0.15316,0.06186,-0.54907,-0.12268,0.05314,-0.35701,-0.06987,-0.06413,-0.69262,-0.04797,-0.02385,-0.82928,-0.12895,-0.02218,-0.58325,-0.11143,-0.02332,-0.42919,-0.07667
A,-0.00000,0.00000,0.00000,0.20243,-0.08950,-0.08683,0.38769,-0.40602,-0.12919,0.46150,-0.74643,-0.16523,0.37971,-0.92510,-0.18086,0.27248,-0.67682,-0.04819,0.30732,-0.87054,-0.14396,0.26337,-0.60878,-0.18279,0.22095,-0.42657,-0.19523,0.15216,-0.70142,-0.03832,0.19811,-0.90535,-0.15352,0.15359,-0.55413,-0.17372,0.12154,-0.37613,-0.16203,0.03786,-0.70825,-0.04452,0.08205,-0.88786,-0.16066,0.06254,-0.54434,-0.12990,0.04961,-0.35547,-0.07798,-0.06773,-0.67741,-0.05816,-0.02132,-0.82890,-0.13648,-0.01852,-0.58282,-0.11688,-0.02399,-0.43294,-0.08202
A,-0.00000,0.00000,0.00000,0.19567,-0.07842,-0.08977,0.37753,-0.40061,-0.13581,0.45049,-0.74299,-0.17439,0.37211,-0.92819,-0.19313,0.26346,-0.66975,-0.06585,0.30467,-0.86446,-0.16142,0.25808,-0.60187,-0.19562,0.21291,-0.42480,-0.20543,0.14407,-0.69133,-0.05601,0.19419,-0.89534,-0.17038,0.14701,-0.55058,-0.18600,0.11367,-0.38059,-0.17199,0.03058,-0.69863,-0.06156,0.07583,-0.88423,-0.17699,0.05481,-0.54204,-0.14410,0.04186,-0.36072,-0.09243,-0.07291,-0.66931,-0.07472,-0.02781,-0.82273,-0.15642,-0.02663,-0.57117,-0.13844,-0.03273,-0.41989,-0.10505
A,-0.00000,0.00000,0.00000,0.18985,-0.05966,-0.08082,0.38268,-0.36779,-0.11447,0.46482,-0.71263,-0.14338,0.39429,-0.91898,-0.15256,0.29135,-0.65585,-0.02790,0.31856,-0.86516,-0.12108,0.26865,-0.61548,-0.16002,0.22415,-0.42619,-0.17118,0.17404,-0.68460,-0.01850,0.20844,-0.89964,-0.13232,0.16072,-0.56104,-0.15222,0.12888,-0.36945,-0.13586,0.06055,-0.69132,-0.02584,0.08974,-0.87072,-0.14159,0.06857,-0.53294,-0.10859,0.05301,-0.33726,-0.05180,-0.05401,-0.66332,-0.04027,-0.01671,-0.80698,-0.11946,-0.01074,-0.55888,-0.09951,-0.01550,-0.40626,-0.06232
A,-0.00000,0.00000,0.00000,0.19700,-0.07717,-0.07459,0.38336,-0.38480,-0.10570,0.45795,-0.72073,-0.13342,0.38858,-0.92142,-0.14222,0.28972,-0.65525,-0.02053,0.31707,-0.86072,-0.11269,0.26423,-0.61947,-0.15198,0.21838,-0.43155,-0.16257,0.17319,-0.68268,-0.01356,0.20678,-0.89002,-0.12266,0.15573,-0.56455,-0.14268,0.12417,-0.37927,-0.12798,0.06063,-0.69663,-0.02346,0.09121,-0.86929,-0.13512,0.06758,-0.53975,-0.10573,0.05193,-0.34650,-0.05264,-0.05107,-0.67609,-0.04015,-0.01246,-0.81565,-0.11589,-0.00817,-0.57183,-0.09718,-0.01259,-0.41986,-0.06182
A,-0.00000,0.00000,0.00000,0.19874,-0.08321,-0.07809,0.38211,-0.37640,-0.11226,0.46123,-0.71450,-0.14111,0.39925,-0.91684,-0.14932,0.28800,-0.65612,-0.02733,0.32004,-0.85820,-0.11655,0.27263,-0.60782,-0.15388,0.23249,-0.41711,-0.16455,0.17116,-0.68468,-0.01840,0.21137,-0.89385,-0.12607,0.16422,-0.56423,-0.14845,0.13675,-0.38666,-0.13780,0.06067,-0.69757,-0.02498,0.09526,-0.87938,-0.13456,0.07559,-0.54947,-0.10435,0.06327,-0.36051,-0.05341,-0.04768,-0.67230,-0.03846,-0.00779,-0.81793,-0.11402,-0.00362,-0.57951,-0.09385,-0.00833,-0.43256,-0.05824
A,-0.00000,0.00000,0.00000,0.19020,-0.07407,-0.07871,0.37586,-0.36666,-0.11177,0.45857,-0.70447,-0.14131,0.40094,-0.91610,-0.15188,0.29114,-0.64145,-0.01475,0.32188,-0.84942,-0.10648,0.26951,-0.61438,-0.14914,0.22426,-0.42198,-0.16253,0.17758,-0.67263,-0.00583,0.21670,-0.88601,-0.11521,0.16372,-0.56608,-0.14038,0.13095,-0.37927,-0.12952,0.06886,-0.68920,-0.01442,0.10050,-0.87236,-0.12695,0.07619,-0.54409,-0.10182,0.06063,-0.34682,-0.05156,-0.03954,-0.66939,-0.03015,-0.00280,-0.81455,-0.10807,0.00056,-0.57777,-0.09196,-0.00553,-0.42545,-0.05795
A,-0.00000,0.00000,0.00000,0.19285,-0.09729,-0.07594,0.37791,-0.38490,-0.11237,0.46633,-0.70560,-0.14394,0.41466,-0.90998,-0.15480,0.28526,-0.66680,-0.02728,0.31767,-0.87698,-0.11596,0.27183,-0.62692,-0.15555,0.22991,-0.42369,-0.16782,0.16899,-0.68915,-0.01959,0.21205,-0.89504,-0.13063,0.16316,-0.56250,-0.15800,0.13197,-0.36460,-0.14977,0.06008,-0.69064,-0.02626,0.09533,-0.87479,-0.13647,0.07116,-0.54500,-0.10710,0.05502,-0.33540,-0.05614,-0.04867,-0.65262,-0.03955,-0.01238,-0.81320,-0.11881,-0.00890,-0.57297,-0.09855,-0.01506,-0.41205,-0.06129
A,-0.00000,0.00000,0.00000,0.19333,-0.10500,-0.07781,0.37349,-0.39044,-0.11642,0.45535,-0.71502,-0.14969,0.39890,-0.91699,-0.16141,0.28055,-0.67201,-0.03385,0.31647,-0.88283,-0.12797,0.26744,-0.62963,-0.16760,0.22623,-0.43216,-0.17902,0.16248,-0.70097,-0.02612,0.20788,-0.90352,-0.13920,0.15589,-0.56553,-0.16366,0.12561,-0.38272,-0.15401,0.05293,-0.71146,-0.03350,0.09220,-0.88704,-0.14420,0.06638,-0.55607,-0.11235,0.04886,-0.35993,-0.06066,-0.05577,-0.67873,-0.04799,-0.01553,-0.83477,-0.12495,-0.01236,-0.59623,-0.10342,-0.01876,-0.44412,-0.06614
A,-0.00000,0.00000,0.00000,0.19450,-0.09861,-0.07418,0.37599,-0.37152,-0.10202,0.46414,-0.70771,-0.12538,0.40716,-0.91336,-0.12677,0.30507,-0.66855,-0.00521,0.33133,-0.85549,-0.08990,0.27960,-0.62399,-0.12353,0.24202,-0.44415,-0.13182,0.19055,-0.71692,0.00377,0.22425,-0.88817,-0.10340,0.17334,-0.56360,-0.12466,0.14728,-0.38814,-0.10985,0.07946,-0.72920,-0.00353,0.10823,-0.85561,-0.11173,0.08519,-0.53617,-0.07877,0.07430,-0.35797,-0.02248,-0.03215,-0.69533,-0.01770,0.00105,-0.80326,-0.09188,0.00481,-0.56444,-0.06994,0.00311,-0.42527,-0.03028
A,-0.00000,0.00000,0.00000,0.19760,-0.11274,-0.07081,0.37298,-0.39294,-0.09974,0.45517,-0.71303,-0.12444,0.39800,-0.91739,-0.12696,0.29839,-0.67514,-0.01018,0.32805,-0.86787,-0.09143,0.27647,-0.63580,-0.11970,0.24019,-0.46304,-0.12441,0.18353,-0.71228,-0.00462,0.21974,-0.88701,-0.11231,0.16598,-0.56464,-0.13128,0.13757,-0.39712,-0.11494,0.07148,-0.71748,-0.01414,0.10523,-0.85506,-0.12130,0.07927,-0.53696,-0.08390,0.06563,-0.36615,-0.02566,-0.04091,-0.68135,-0.03016,0.00071,-0.79921,-0.10199,0.00181,-0.55768,-0.07595,-0.00180,-0.42413,-0.03418
A,-0.00000,0.00000,0.00000,0.19173,-0.10080,-0.07684,0.36896,-0.38825,-0.11034,0.45122,-0.70651,-0.13881,0.39523,-0.91858,-0.14633,0.28719,-0.67825,-0.02299,0.32030,-0.87067,-0.11013,0.26880,-0.63972,-0.14311,0.22882,-0.45759,-0.15018,0.17093,-0.70399,-0.01619,0.21387,-0.88765,-0.12914,0.16189,-0.57133,-0.15238,0.13034,-0.39085,-0.13820,0.05745,-0.70531,-0.02462,0.09686,-0.85630,-0.13824,0.07150,-0.53601,-0.10546,0.05695,-0.35301,-0.04878,-0.05639,-0.67084,-0.03970,-0.01020,-0.80101,-0.12048,-0.00684,-0.55360,-0.09930,-0.01062,-0.40577,-0.05923
A,-0.00000,0.00000,0.00000,0.19191,-0.10966,-0.07746,0.36799,-0.39573,-0.11138,0.44909,-0.71028,-0.14088,0.39135,-0.92024,-0.14912,0.28834,-0.68602,-0.01898,0.31956,-0.88055,-0.10653,0.26706,-0.64302,-0.14049,0.22700,-0.46248,-0.14791,0.17188,-0.71311,-0.01281,0.21023,-0.89682,-0.12757,0.15781,-0.57434,-0.15165,0.12560,-0.38921,-0.13662,0.05932,-0.71417,-0.02244,0.09274,-0.85978,-0.13832,0.06803,-0.53382,-0.10683,0.05428,-0.34450,-0.04937,-0.05282,-0.67973,-0.03883,-0.01330,-0.79968,-0.11995,-0.00939,-0.55048,-0.09907,-0.01180,-0.39950,-0.05835
A,-0.00000,0.00000,0.00000,0.19118,-0.11812,-0.07246,0.36217,-0.40529,-0.10430,0.43715,-0.71686,-0.13281,0.38100,-0.92457,-0.14079,0.27711,-0.68033,-0.01403,0.30411,-0.87944,-0.09769,0.25627,-0.64335,-0.13018,0.21931,-0.45919,-0.13680,0.16337,-0.69984,-0.00955,0.19939,-0.89415,-0.12202,0.15207,-0.57986,-0.14725,0.12162,-0.39380,-0.13342,0.05371,-0.69751,-0.01998,0.08713,-0.85665,-0.13317,0.06487,-0.53884,-0.10324,0.04985,-0.35058,-0.04753,-0.05723,-0.66086,-0.03668,-0.01700,-0.79599,-0.11542,-0.01166,-0.55373,-0.09400,-0.01457,-0.40317,-0.05355
A,-0.00000,0.00000,0.00000,0.19083,-0.08826,-0.07470,0.36665,-0.37198,-0.10063,0.44930,-0.69963,-0.12121,0.40391,-0.91480,-0.11989,0.29161,-0.67108,-0.00111,0.31862,-0.85800,-0.08867,0.26446,-0.62285,-0.12616,0.22856,-0.45198,-0.13604,0.17557,-0.71110,0.00742,0.20919,-0.89797,-0.10190,0.15848,-0.56911,-0.12326,0.13360,-0.40068,-0.10624,0.06687,-0.71145,-0.00078,0.09157,-0.84304,-0.11290,0.07110,-0.52046,-0.07734,0.06019,-0.35438,-0.01717,-0.04715,-0.66925,-0.01528,-0.01566,-0.77758,-0.08634,-0.01101,-0.53793,-0.05816,-0.01397,-0.41599,-0.01384
A,-0.00000,0.00000,0.00000,0.18440,-0.07083,-0.07757,0.35332,-0.36598,-0.10250,0.42614,-0.69813,-0.12147,0.38840,-0.92149,-0.12077,0.27773,-0.66306,-0.01147,0.29622,-0.85021,-0.09476,0.25236,-0.61466,-0.12671,0.22187,-0.44146,-0.13288,0.16305,-0.69431,-0.00143,0.18874,-0.86894,-0.10459,0.14903,-0.54653,-0.12174,0.12797,-0.37564,-0.10301,0.05257,-0.69432,-0.00820,0.07198,-0.81696,-0.11940,0.05932,-0.49697,-0.08916,0.05275,-0.33008,-0.03332,-0.06046,-0.65884,-0.02086,-0.03491,-0.76317,-0.09444,-0.02448,-0.52506,-0.07191,-0.02263,-0.39892,-0.03212
A,-0.00000,0.00000,0.00000,0.17385,-0.11913,-0.07215,0.30905,-0.39155,-0.09942,0.36535,-0.69544,-0.12163,0.36772,-0.92994,-0.12522,0.24547,-0.66869,-0.01543,0.25811,-0.86507,-0.09283,0.23474,-0.63527,-0.12087,0.21758,-0.45649,-0.12347,0.13799,-0.68203,-0.00471,0.16045,-0.84455,-0.10423,0.13828,-0.54139,-0.12497,0.12061,-0.37744,-0.11221,0.03512,-0.66517,-0.00829,0.05386,-0.79878,-0.11159,0.05180,-0.50419,-0.08582,0.04678,-0.33685,-0.03727,-0.06623,-0.61794,-0.01735,-0.03927,-0.72273,-0.08863,-0.02210,-0.50006,-0.07082,-0.01814,-0.37565,-0.03595
A,-0.00000,0.00000,0.00000,0.17217,-0.10467,-0.07031,0.30392,-0.39040,-0.09515,0.35464,-0.70063,-0.11500,0.35775,-0.93382,-0.11759,0.23837,-0.67275,-0.02325,0.25196,-0.87511,-0.10340,0.23782,-0.64418,-0.13078,0.22363,-0.47068,-0.13218,0.13360,-0.68851,-0.01328,0.15622,-0.83856,-0.10975,0.14098,-0.53376,-0.12356,0.12243,-0.37821,-0.10587,0.03125,-0.67167,-0.01810,0.05254,-0.77969,-0.12080,0.05292,-0.48457,-0.09460,0.04246,-0.32630,-0.04561,-0.07126,-0.62296,-0.02794,-0.03853,-0.71799,-0.09932,-0.02089,-0.49298,-0.08266,-0.02273,-0.36930,-0.04841
A,-0.00000,0.00000,0.00000,0.17015,-0.09807,-0.07409,0.30354,-0.39323,-0.09945,0.35293,-0.70336,-0.11954,0.35291,-0.93566,-0.12250,0.23387,-0.67237,-0.02371,0.24715,-0.87774,-0.10589,0.23204,-0.64703,-0.13556,0.21686,-0.46901,-0.13837,0.12835,-0.68023,-0.01330,0.15154,-0.84127,-0.11178,0.13614,-0.53843,-0.12787,0.11845,-0.38030,-0.11092,0.02484,-0.65923,-0.01841,0.04764,-0.78528,-0.12244,0.04922,-0.48835,-0.09713,0.04112,-0.32919,-0.04834,-0.07939,-0.60744,-0.02897,-0.04414,-0.71317,-0.10254,-0.02525,-0.48837,-0.08684,-0.02689,-0.36432,-0.05282
A,-0.00000,0.00000,0.00000,0.16413,-0.09058,-0.08001,0.29870,-0.38120,-0.10952,0.35022,-0.70205,-0.13259,0.34751,-0.93768,-0.13743,0.23090,-0.66457,-0.03448,0.24259,-0.86720,-0.11619,0.22282,-0.62145,-0.14460,0.20736,-0.43741,-0.14826,0.12137,-0.66895,-0.02142,0.14296,-0.83134,-0.12160,0.12544,-0.52000,-0.13919,0.11447,-0.36221,-0.12591,0.01863,-0.65042,-0.02343,0.03291,-0.78989,-0.13030,0.03472,-0.48699,-0.10334,0.03491,-0.31974,-0.05543,-0.08249,-0.60055,-0.03157,-0.06065,-0.71044,-0.11077,-0.03833,-0.48175,-0.09656,-0.03111,-0.34725,-0.06426
A,-0.00000,0.00000,0.00000,0.16509,-0.08577,-0.08262,0.29999,-0.38139,-0.11361,0.34797,-0.69780,-0.13909,0.34807,-0.93747,-0.14718,0.22842,-0.67005,-0.03218,0.24531,-0.87405,-0.12417,0.22548,-0.63218,-0.16120,0.20537,-0.44753,-0.16804,0.12109,-0.67406,-0.01978,0.14435,-0.84490,-0.12532,0.12738,-0.53326,-0.14315,0.11204,-0.36704,-0.12685,0.01793,-0.65822,-0.02488,0.03710,-0.79318,-0.13612,0.03870,-0.48755,-0.11245,0.03307,-0.31866,-0.06352,-0.08675,-0.61323,-0.03663,-0.05848,-0.72567,-0.11576,-0.03624,-0.49954,-0.10316,-0.03344,-0.36539,-0.07082
A,-0.00000,0.00000,0.00000,0.16549,-0.08990,-0.08157,0.30086,-0.38251,-0.11166,0.34901,-0.70235,-0.13529,0.34751,-0.93768,-0.14137,0.23250,-0.67770,-0.03329,0.24225,-0.86761,-0.11860,0.22249,-0.63070,-0.15093,0.20727,-0.45160,-0.15651,0.12426,-0.68510,-0.02015,0.14260,-0.84338,-0.12103,0.12651,-0.53427,-0.13836,0.11517,-0.37464,-0.12346,0.02025,-0.66586,-0.02301,0.03610,-0.78334,-0.13080,0.03884,-0.48054,-0.10680,0.03758,-0.31848,-0.05917,-0.08302,-0.61229,-0.03208,-0.05609,-0.71031,-0.10975,-0.03478,-0.48271,-0.09674,-0.02960,-0.35329,-0.06491
A,-0.00000,0.00000,0.00000,0.16495,-0.09308,-0.08023,0.29975,-0.38545,-0.11074,0.34681,-0.70795,-0.13502,0.33615,-0.94181,-0.14115,0.22481,-0.67918,-0.03358,0.23596,-0.87346,-0.11711,0.21805,-0.63254,-0.14794,0.20226,-0.44962,-0.15276,0.11622,-0.68186,-0.02007,0.13803,-0.83327,-0.11980,0.12020,-0.52216,-0.13699,0.10678,-0.35905,-0.12302,0.01390,-0.66352,-0.02226,0.03080,-0.78529,-0.12895,0.03230,-0.48208,-0.10513,0.03052,-0.30896,-0.05869,-0.08705,-0.61450,-0.03078,-0.06169,-0.71182,-0.10999,-0.03831,-0.48355,-0.09882,-0.03206,-0.34379,-0.06823
A,-0.00000,0.00000,0.00000,0.16290,-0.09008,-0.08043,0.29996,-0.38757,-0.11063,0.34964,-0.70370,-0.13550,0.34103,-0.94005,-0.14269,0.22324,-0.68429,-0.02766,0.24060,-0.87629,-0.11595,0.22011,-0.63253,-0.15103,0.20067,-0.44504,-0.15740,0.11466,-0.68663,-0.01599,0.14127,-0.83984,-0.11894,0.12223,-0.53143,-0.13848,0.10610,-0.36469,-0.12433,0.01164,-0.66842,-0.02137,0.03410,-0.79315,-0.13220,0.03235,-0.48879,-0.11160,0.02523,-0.31586,-0.06527,-0.09184,-0.61992,-0.03304,-0.06055,-0.72391,-0.11575,-0.03935,-0.49346,-0.10626,-0.03780,-0.35112,-0.07539
A,-0.00000,0.00000,0.00000,0.16375,-0.08502,-0.08055,0.30024,-0.38637,-0.11103,0.34843,-0.70064,-0.13572,0.34385,-0.93903,-0.14350,0.22439,-0.67851,-0.03304,0.24410,-0.86961,-0.12261,0.22172,-0.62725,-0.15873,0.20013,-0.44438,-0.16571,0.11730,-0.68179,-0.02146,0.14285,-0.84043,-0.12418,0.12283,-0.53299,-0.14224,0.10493,-0.36556,-0.12680,0.01564,-0.66267,-0.02663,0.03826,-0.78273,-0.13690,0.03641,-0.47837,-0.11543,0.02916,-0.30864,-0.06846,-0.08702,-0.61403,-0.03799,-0.05539,-0.71374,-0.11834,-0.03474,-0.48348,-0.10714,-0.03304,-0.34436,-0.07561
A,-0.00000,0.00000,0.00000,0.16544,-0.08616,-0.07657,0.30038,-0.38534,-0.10491,0.35029,-0.70148,-0.12859,0.34538,-0.93846,-0.13538,0.22652,-0.66930,-0.02477,0.24588,-0.86671,-0.11238,0.22291,-0.63124,-0.14813,0.20129,-0.44841,-0.15500,0.11914,-0.67637,-0.01378,0.14510,-0.84116,-0.11408,0.12274,-0.53579,-0.13232,0.10530,-0.36860,-0.11806,0.01731,-0.66246,-0.01954,0.03929,-0.79272,-0.12594,0.03541,-0.49209,-0.10436,0.02827,-0.32129,-0.05858,-0.08612,-0.61988,-0.03153,-0.05671,-0.72862,-0.10788,-0.03570,-0.50495,-0.09636,-0.03262,-0.36781,-0.06583
A,-0.00000,0.00000,0.00000,0.16765,-0.08696,-0.08159,0.31591,-0.38107,-0.11523,0.37333,-0.69893,-0.14229,0.36001,-0.93295,-0.15139,0.24686,-0.68169,-0.04108,0.26329,-0.88310,-0.12839,0.24080,-0.64812,-0.15890,0.21986,-0.46703,-0.16247,0.13729,-0.69387,-0.02904,0.16397,-0.86237,-0.13112,0.14318,-0.54952,-0.14510,0.12518,-0.38109,-0.12658,0.02976,-0.68251,-0.03311,0.05542,-0.80826,-0.14346,0.05249,-0.49367,-0.12001,0.04630,-0.32086,-0.07133,-0.07505,-0.64092,-0.04308,-0.03650,-0.74087,-0.12503,-0.01856,-0.50455,-0.11478,-0.01822,-0.36628,-0.08353
A,-0.00000,0.00000,0.00000,0.16279,-0.03068,-0.08445,0.33352,-0.34489,-0.11624,0.40102,-0.67160,-0.14215,0.39317,-0.91947,-0.15121,0.26517,-0.64527,-0.04124,0.29223,-0.85767,-0.13386,0.25610,-0.61290,-0.16982,0.22615,-0.42304,-0.17581,0.15630,-0.66137,-0.03019,0.18223,-0.84816,-0.13770,0.14881,-0.52832,-0.15261,0.12695,-0.34624,-0.13182,0.04808,-0.65942,-0.03673,0.07068,-0.80630,-0.15209,0.05688,-0.48439,-0.12687,0.04649,-0.30727,-0.07468,-0.06316,-0.63586,-0.04933,-0.03017,-0.75743,-0.13094,-0.02343,-0.51246,-0.11655,-0.02755,-0.37023,-0.08204
A,-0.00000,0.00000,0.00000,0.17253,-0.03649,-0.07448,0.35431,-0.31550,-0.10476,0.43796,-0.63595,-0.13258,0.44875,-0.89366,-0.14571,0.30704,-0.60925,-0.03068,0.34660,-0.79527,-0.12939,0.28470,-0.56125,-0.17543,0.23240,-0.36456,-0.18723,0.19479,-0.65214,-0.02488,0.23558,-0.81334,-0.13633,0.17338,-0.51108,-0.16037,0.13032,-0.31306,-0.14637,0.08179,-0.68176,-0.03609,0.11854,-0.78898,-0.15402,0.07987,-0.46798,-0.13654,0.05310,-0.26986,-0.08864,-0.03245,-0.68378,-0.05289,0.01682,-0.75563,-0.13688,0.00720,-0.50387,-0.12728,-0.01070,-0.34543,-0.09497
A,-0.00000,0.00000,0.00000,0.19366,-0.03245,-0.07925,0.39269,-0.29497,-0.11408,0.49434,-0.60075,-0.14606,0.50676,-0.86209,-0.16006,0.34214,-0.63030,-0.03050,0.39805,-0.83650,-0.12933,0.34200,-0.57716,-0.16719,0.28748,-0.38843,-0.17266,0.22247,-0.67660,-0.02565,0.28642,-0.84074,-0.13997,0.22199,-0.51797,-0.15613,0.17191,-0.34329,-0.13409,0.10347,-0.70686,-0.03935,0.16546,-0.83007,-0.16116,0.11582,-0.49192,-0.13482,0.07337,-0.30762,-0.07904,-0.01973,-0.70875,-0.05898,0.05669,-0.79847,-0.14510,0.03875,-0.53910,-0.13058,0.00753,-0.39217,-0.09320
B,-0.00000,0.00000,0.00000,0.08800,-0.07499,-0.04753,0.12250,-0.22737,-0.06410,0.07182,-0.36726,-0.07749,0.02039,-0.45906,-0.08846,0.15324,-0.47496,-0.01594,0.17858,-0.66770,-0.04302,0.19087,-0.78746,-0.07016,0.19987,-0.89068,-0.09264,0.09715,-0.51720,-0.01430,0.13049,-0.72680,-0.03982,0.15137,-0.86550,-0.06665,0.17114,-0.98525,-0.08709,0.04394,-0.51555,-0.02063,0.07287,-0.71465,-0.04834,0.09284,-0.84038,-0.07214,0.11148,-0.95420,-0.08897,-0.01114,-0.47570,-0.03240,0.00765,-0.63602,-0.05972,0.02419,-0.73724,-0.07515,0.04097,-0.83069,-0.08559
B,-0.00000,0.00000,0.00000,0.08599,-0.07128,-0.04901,0.11934,-0.22539,-0.06595,0.06539,-0.36600,-0.07897,0.01334,-0.46119,-0.08920,0.14842,-0.48366,-0.01590,0.17141,-0.67207,-0.04206,0.18100,-0.79030,-0.06946,0.18862,-0.89316,-0.09241,0.09337,-0.52458,-0.01298,0.12442,-0.73174,-0.03685,0.14291,-0.86726,-0.06291,0.16076,-0.98699,-0.08309,0.04343,-0.52203,-0.01815,0.07126,-0.71558,-0.04420,0.08932,-0.83747,-0.06627,0.10669,-0.94764,-0.08247,-0.00907,-0.47935,-0.02904,0.00922,-0.63579,-0.05369,0.02519,-0.72922,-0.06681,0.04158,-0.81688,-0.07625
B,-0.00000,0.00000,0.00000,0.08460,-0.07385,-0.04732,0.11793,-0.22789,-0.06497,0.06231,-0.36019,-0.07931,0.00757,-0.44720,-0.09087,0.14226,-0.48330,-0.01746,0.16337,-0.67295,-0.04433,0.17104,-0.79149,-0.07173,0.17697,-0.89476,-0.09468,0.08737,-0.52294,-0.01606,0.11645,-0.73252,-0.04053,0.13289,-0.86881,-0.06619,0.14911,-0.98882,-0.08625,0.03777,-0.52033,-0.02253,0.06328,-0.71594,-0.04806,0.07933,-0.83953,-0.06961,0.09522,-0.95055,-0.08577,-0.01403,-0.47747,-0.03469,0.00206,-0.63245,-0.05856,0.01646,-0.72771,-0.07137,0.03137,-0.81619,-0.08090
B,-0.00000,0.00000,0.00000,0.08370,-0.07327,-0.04651,0.11347,-0.23029,-0.06195,0.05827,-0.36541,-0.07387,0.00550,-0.45072,-0.08328,0.13682,-0.48203,-0.01564,0.15390,-0.67212,-0.04116,0.16078,-0.79071,-0.06739,0.16600,-0.89306,-0.08958,0.08037,-0.51828,-0.01411,0.10592,-0.72803,-0.03839,0.12028,-0.86746,-0.06424,0.13493,-0.99086,-0.08395,0.02948,-0.51025,-0.02035,0.05263,-0.71037,-0.04723,0.06670,-0.83578,-0.06977,0.08106,-0.94951,-0.08593,-0.02291,-0.46213,-0.03187,-0.00869,-0.61880,-0.05835,0.00451,-0.71692,-0.07267,0.01786,-0.80952,-0.08258
B,-0.00000,0.00000,0.00000,0.08297,-0.08394,-0.04373,0.11384,-0.23972,-0.06014,0.05841,-0.36410,-0.07422,0.00332,-0.44749,-0.08576,0.13230,-0.49482,-0.01280,0.14805,-0.67755,-0.03845,0.15414,-0.79147,-0.06516,0.15915,-0.89264,-0.08837,0.07688,-0.53010,-0.01451,0.10036,-0.73690,-0.03896,0.11376,-0.87060,-0.06536,0.12738,-0.99185,-0.08619,0.02702,-0.52055,-0.02394,0.04753,-0.71777,-0.05113,0.06070,-0.84123,-0.07414,0.07395,-0.95570,-0.09123,-0.02445,-0.46739,-0.03855,-0.01166,-0.62115,-0.06468,0.00003,-0.71957,-0.07898,0.01170,-0.81345,-0.08955
B,-0.00000,0.00000,0.00000,0.08191,-0.08564,-0.04454,0.11072,-0.24119,-0.06250,0.05445,-0.36123,-0.07833,-0.00223,-0.43933,-0.09183,0.12027,-0.49954,-0.01517,0.13292,-0.68700,-0.04298,0.13613,-0.80568,-0.07118,0.13799,-0.90972,-0.09495,0.06575,-0.53070,-0.01672,0.08197,-0.74195,-0.04216,0.08984,-0.87566,-0.06843,0.09921,-0.99507,-0.08900,0.01678,-0.51838,-0.02614,0.03083,-0.71857,-0.05284,0.04030,-0.84247,-0.07429,0.05123,-0.95632,-0.09029,-0.03326,-0.46581,-0.04107,-0.02427,-0.62282,-0.06617,-0.01541,-0.72281,-0.07936,-0.00588,-0.81780,-0.08920
B,-0.00000,0.00000,0.00000,0.07832,-0.09168,-0.04922,0.10291,-0.23691,-0.07109,0.04467,-0.34989,-0.08982,-0.00851,-0.43403,-0.10590,0.10665,-0.50095,-0.02476,0.11031,-0.69167,-0.05485,0.10742,-0.80817,-0.08370,0.10313,-0.90956,-0.10761,0.04962,-0.52800,-0.02465,0.05763,-0.74441,-0.05212,0.05990,-0.87800,-0.07955,0.06244,-0.99805,-0.10157,-0.00044,-0.51371,-0.03239,0.00428,-0.71775,-0.06064,0.00788,-0.84232,-0.08368,0.01316,-0.95713,-0.10139,-0.05001,-0.46067,-0.04582,-0.04830,-0.61779,-0.07240,-0.04356,-0.71843,-0.08743,-0.03745,-0.81283,-0.09907
B,-0.00000,0.00000,0.00000,0.07382,-0.09704,-0.04688,0.09498,-0.23652,-0.06898,0.03386,-0.33684,-0.08848,-0.02010,-0.41110,-0.10532,0.08662,-0.50237,-0.02483,0.07988,-0.69330,-0.05494,0.07097,-0.81044,-0.08406,0.06140,-0.91195,-0.10799,0.02856,-0.52396,-0.02570,0.02359,-0.74446,-0.05190,0.01884,-0.87978,-0.07821,0.01571,-0.99988,-0.09953,-0.02149,-0.50452,-0.03392,-0.02790,-0.71071,-0.05932,-0.03118,-0.83508,-0.07981,-0.03146,-0.94734,-0.09606,-0.07083,-0.44513,-0.04786,-0.07688,-0.60273,-0.07121,-0.07599,-0.70380,-0.08343,-0.07277,-0.79686,-0.09318
B,-0.00000,0.00000,0.00000,0.06978,-0.09803,-0.05494,0.08441,-0.23813,-0.07985,0.02067,-0.33614,-0.10044,-0.03902,-0.40484,-0.11814,0.07300,-0.50413,-0.03268,0.06067,-0.69512,-0.06490,0.04647,-0.81359,-0.09524,0.03217,-0.91690,-0.12023,0.01556,-0.52410,-0.03002,0.00333,-0.74363,-0.05887,-0.00733,-0.87727,-0.08720,-0.01627,-0.99987,-0.10989,-0.03176,-0.50150,-0.03520,-0.04433,-0.70564,-0.06335,-0.05314,-0.82906,-0.08612,-0.05900,-0.94311,-0.10374,-0.07620,-0.43864,-0.04661,-0.08658,-0.59422,-0.07149,-0.08983,-0.69364,-0.08538,-0.09136,-0.78716,-0.09652
B,-0.00000,0.00000,0.00000,0.06294,-0.09503,-0.05988,0.07207,-0.22163,-0.08860,0.00641,-0.30696,-0.11172,-0.05357,-0.37061,-0.13178,0.06306,-0.49697,-0.03996,0.04787,-0.69245,-0.07327,0.03346,-0.81220,-0.10352,0.01912,-0.91588,-0.12782,0.00739,-0.51197,-0.03486,-0.00623,-0.73075,-0.06603,-0.01928,-0.87146,-0.09617,-0.03131,-0.99951,-0.11932,-0.03924,-0.48557,-0.03755,-0.05381,-0.68948,-0.06741,-0.06581,-0.81672,-0.09264,-0.07565,-0.93587,-0.11094,-0.08146,-0.42295,-0.04641,-0.09259,-0.58257,-0.07339,-0.09766,-0.68669,-0.08914,-0.10293,-0.78434,-0.10045
B,-0.00000,0.00000,0.00000,0.05842,-0.09026,-0.06643,0.06042,-0.22276,-0.09386,-0.00257,-0.32453,-0.11328,-0.05879,-0.40327,-0.12912,0.06538,-0.49376,-0.04503,0.04414,-0.68812,-0.07713,0.02896,-0.80706,-0.10533,0.01680,-0.90958,-0.12767,0.00974,-0.50829,-0.03460,-0.01043,-0.72711,-0.06549,-0.02355,-0.86946,-0.09477,-0.03314,-0.99945,-0.11653,-0.03733,-0.48093,-0.03220,-0.06021,-0.68923,-0.06344,-0.07500,-0.81593,-0.08972,-0.08564,-0.93345,-0.10775,-0.07928,-0.41849,-0.03592,-0.09585,-0.57571,-0.06463,-0.10403,-0.68032,-0.08194,-0.11090,-0.77814,-0.09361
B,-0.00000,0.00000,0.00000,0.06019,-0.08787,-0.07433,0.06863,-0.21157,-0.10811,0.00476,-0.30126,-0.13253,-0.05676,-0.37064,-0.15331,0.06015,-0.49457,-0.05745,0.04230,-0.69082,-0.09234,0.02713,-0.81249,-0.12304,0.01376,-0.91483,-0.14758,0.00480,-0.50728,-0.04414,-0.01317,-0.72544,-0.07725,-0.02720,-0.87065,-0.10850,-0.03737,-0.99930,-0.13237,-0.04090,-0.47715,-0.03910,-0.06131,-0.68014,-0.07059,-0.07705,-0.80742,-0.09889,-0.08944,-0.92479,-0.11939,-0.08076,-0.41215,-0.04099,-0.09567,-0.56419,-0.07029,-0.10361,-0.66922,-0.09002,-0.11142,-0.76804,-0.10426
B,-0.00000,0.00000,0.00000,0.05934,-0.08924,-0.06939,0.06688,-0.21880,-0.10076,0.00610,-0.31671,-0.12356,-0.05365,-0.38929,-0.14291,0.06417,-0.49665,-0.05387,0.04560,-0.69267,-0.08855,0.03140,-0.81405,-0.11841,0.01956,-0.91850,-0.14192,0.00837,-0.50954,-0.04307,-0.01035,-0.72756,-0.07565,-0.02307,-0.87101,-0.10533,-0.03191,-0.99949,-0.12754,-0.03851,-0.47930,-0.04016,-0.06007,-0.68702,-0.07176,-0.07547,-0.81596,-0.09820,-0.08670,-0.93428,-0.11660,-0.07956,-0.41385,-0.04362,-0.09586,-0.57262,-0.07290,-0.10440,-0.67945,-0.09060,-0.11138,-0.77762,-0.10254
B,-0.00000,0.00000,0.00000,0.06090,-0.09290,-0.06514,0.06828,-0.22594,-0.09397,0.00608,-0.32616,-0.11545,-0.05258,-0.40198,-0.13318,0.06589,-0.49624,-0.04445,0.05027,-0.69146,-0.07787,0.03581,-0.81051,-0.10738,0.02225,-0.91302,-0.13074,0.01241,-0.51048,-0.03521,0.00031,-0.72567,-0.06717,-0.01088,-0.86874,-0.09664,-0.02042,-0.99979,-0.11862,-0.03396,-0.48455,-0.03402,-0.04953,-0.68657,-0.06492,-0.06240,-0.81238,-0.08955,-0.07346,-0.93143,-0.10675,-0.07572,-0.42405,-0.03926,-0.08608,-0.58010,-0.06710,-0.09251,-0.68205,-0.08308,-0.10048,-0.77800,-0.09398
B,-0.00000,0.00000,0.00000,0.07027,-0.08219,-0.06093,0.08796,-0.20992,-0.09064,0.02404,-0.30309,-0.11490,-0.03609,-0.36524,-0.13633,0.08568,-0.48767,-0.04367,0.07842,-0.68505,-0.07903,0.06883,-0.80750,-0.11008,0.05862,-0.91231,-0.13518,0.02793,-0.50787,-0.03918,0.02430,-0.72774,-0.07279,0.01847,-0.87066,-0.10357,0.01340,-0.99991,-0.12712,-0.02295,-0.48508,-0.04250,-0.02833,-0.69176,-0.07474,-0.03332,-0.82211,-0.10053,-0.03714,-0.94435,-0.11921,-0.07088,-0.42533,-0.05208,-0.07393,-0.58553,-0.08228,-0.07373,-0.69137,-0.09990,-0.07367,-0.79046,-0.11231
B,-0.00000,0.00000,0.00000,0.07275,-0.08892,-0.05712,0.09212,-0.21979,-0.08329,0.02963,-0.32524,-0.10468,-0.02863,-0.40058,-0.12286,0.09867,-0.49317,-0.03222,0.09830,-0.69379,-0.06381,0.09290,-0.81732,-0.09376,0.08626,-0.92433,-0.11877,0.04164,-0.51603,-0.02827,0.04628,-0.73604,-0.05762,0.04495,-0.87236,-0.08691,0.04264,-0.99909,-0.11061,-0.00890,-0.49860,-0.03238,-0.00745,-0.70244,-0.06156,-0.00867,-0.82759,-0.08462,-0.01017,-0.94634,-0.10239,-0.05961,-0.44282,-0.04284,-0.05738,-0.60295,-0.06939,-0.05460,-0.70439,-0.08395,-0.05266,-0.80107,-0.09522
B,-0.00000,0.00000,0.00000,0.07340,-0.09516,-0.05007,0.09243,-0.23888,-0.07102,0.03435,-0.35279,-0.08836,-0.02178,-0.43171,-0.10253,0.10349,-0.49937,-0.02101,0.10673,-0.69324,-0.04943,0.10400,-0.81138,-0.07699,0.10114,-0.91500,-0.09981,0.04828,-0.52346,-0.01896,0.05491,-0.73809,-0.04567,0.05626,-0.87450,-0.07266,0.05855,-0.99828,-0.09388,-0.00077,-0.50785,-0.02487,0.00370,-0.70944,-0.05203,0.00461,-0.83338,-0.07381,0.00641,-0.94970,-0.08995,-0.04955,-0.45691,-0.03653,-0.04680,-0.61213,-0.06123,-0.04397,-0.71280,-0.07453,-0.04213,-0.80740,-0.08435
B,-0.00000,0.00000,0.00000,0.07134,-0.10481,-0.04237,0.09232,-0.24867,-0.05844,0.03813,-0.36186,-0.07235,-0.01493,-0.43951,-0.08318,0.10633,-0.51460,-0.00794,0.11221,-0.70087,-0.03235,0.11067,-0.81410,-0.05804,0.10687,-0.91235,-0.07940,0.05140,-0.53775,-0.00811,0.05967,-0.74724,-0.03061,0.06168,-0.88211,-0.05406,0.06514,-0.99788,-0.07192,0.00022,-0.51731,-0.01615,0.00702,-0.71493,-0.04027,0.00871,-0.83720,-0.05988,0.01195,-0.94857,-0.07361,-0.05233,-0.45740,-0.02935,-0.04851,-0.61234,-0.05274,-0.04211,-0.71480,-0.06422,-0.03546,-0.81131,-0.07166
B,-0.00000,0.00000,0.00000,0.07902,-0.09017,-0.04412,0.10063,-0.23197,-0.06177,0.04290,-0.34249,-0.07759,-0.01100,-0.41659,-0.09114,0.11296,-0.49423,-0.01329,0.11806,-0.68999,-0.04109,0.11694,-0.81043,-0.06851,0.11302,-0.91326,-0.09112,0.05461,-0.52133,-0.01536,0.06561,-0.73341,-0.04254,0.07001,-0.87378,-0.07106,0.07407,-0.99725,-0.09206,0.00171,-0.50418,-0.02516,0.00964,-0.70833,-0.05423,0.01475,-0.83720,-0.07873,0.02010,-0.95572,-0.09521,-0.05004,-0.44753,-0.04001,-0.04493,-0.61182,-0.06897,-0.03667,-0.71853,-0.08466,-0.02779,-0.81869,-0.09441
B,-0.00000,0.00000,0.00000,0.07938,-0.09186,-0.04363,0.09852,-0.23650,-0.06186,0.03843,-0.34082,-0.07788,-0.01765,-0.41053,-0.09178,0.10922,-0.49522,-0.01652,0.11242,-0.69007,-0.04415,0.10950,-0.80847,-0.07102,0.10450,-0.91098,-0.09322,0.05096,-0.51840,-0.01834,0.06095,-0.73138,-0.04420,0.06444,-0.87265,-0.07145,0.06870,-0.99764,-0.09217,-0.00057,-0.49850,-0.02764,0.00574,-0.70242,-0.05464,0.00919,-0.82985,-0.07801,0.01376,-0.94513,-0.09458,-0.05044,-0.44162,-0.04193,-0.04610,-0.59997,-0.06901,-0.03965,-0.70505,-0.08414,-0.03286,-0.80295,-0.09413
B,-0.00000,0.00000,0.00000,0.07319,-0.09465,-0.04583,0.09129,-0.24130,-0.06352,0.03345,-0.35580,-0.07859,-0.01970,-0.43484,-0.09141,0.10318,-0.49590,-0.01890,0.10403,-0.69041,-0.04697,0.10070,-0.80868,-0.07389,0.09537,-0.91223,-0.09615,0.04486,-0.51684,-0.01924,0.05261,-0.73112,-0.04654,0.05440,-0.87251,-0.07380,0.05718,-0.99836,-0.09435,-0.00710,-0.49588,-0.02710,-0.00251,-0.70085,-0.05578,-0.00112,-0.82994,-0.07880,0.00135,-0.94865,-0.09484,-0.05764,-0.43811,-0.04006,-0.05349,-0.59985,-0.06842,-0.04876,-0.70599,-0.08340,-0.04417,-0.80486,-0.09312
B,-0.00000,0.00000,0.00000,0.06620,-0.10533,-0.04955,0.08273,-0.24199,-0.06846,0.02370,-0.34321,-0.08385,-0.03345,-0.41374,-0.09658,0.09167,-0.50401,-0.01791,0.09016,-0.69774,-0.04465,0.08409,-0.81455,-0.07114,0.07678,-0.91524,-0.09308,0.03655,-0.52052,-0.01542,0.03901,-0.73718,-0.04172,0.03705,-0.87768,-0.06869,0.03704,-0.99931,-0.08891,-0.01230,-0.49408,-0.02101,-0.00997,-0.69767,-0.04996,-0.01063,-0.82722,-0.07457,-0.01046,-0.94495,-0.09121,-0.06105,-0.42968,-0.03193,-0.06183,-0.58783,-0.06028,-0.05930,-0.69577,-0.07658,-0.05764,-0.79889,-0.08730
B,-0.00000,0.00000,0.00000,0.06447,-0.10549,-0.04886,0.08017,-0.24263,-0.06804,0.02202,-0.34511,-0.08365,-0.03476,-0.41616,-0.09654,0.08938,-0.50826,-0.01918,0.08662,-0.70276,-0.04579,0.08006,-0.82044,-0.07184,0.07254,-0.92211,-0.09342,0.03429,-0.52423,-0.01655,0.03555,-0.74046,-0.04251,0.03196,-0.87920,-0.06847,0.02962,-0.99956,-0.08802,-0.01438,-0.49669,-0.02173,-0.01135,-0.70215,-0.04996,-0.01277,-0.83043,-0.07316,-0.01437,-0.94774,-0.08892,-0.06247,-0.43051,-0.03213,-0.06276,-0.59128,-0.05954,-0.05981,-0.69853,-0.07462,-0.05891,-0.80117,-0.08453
B,-0.00000,0.00000,0.00000,0.06478,-0.10026,-0.05236,0.08058,-0.23598,-0.07413,0.02418,-0.34018,-0.09192,-0.03196,-0.41499,-0.10668,0.09222,-0.49997,-0.02467,0.09126,-0.69308,-0.05423,0.08389,-0.81069,-0.08203,0.07522,-0.91295,-0.10468,0.03854,-0.51976,-0.02126,0.04102,-0.73613,-0.05006,0.03681,-0.87640,-0.07754,0.03391,-0.99942,-0.09829,-0.01043,-0.49669,-0.02590,-0.00815,-0.69962,-0.05619,-0.00990,-0.82666,-0.08012,-0.01083,-0.94407,-0.09638,-0.06002,-0.43700,-0.03612,-0.06026,-0.59378,-0.06485,-0.05889,-0.70000,-0.08101,-0.05915,-0.80121,-0.09178
B,-0.00000,0.00000,0.00000,0.06994,-0.10193,-0.05264,0.08711,-0.24487,-0.07428,0.03113,-0.35143,-0.09191,-0.02320,-0.42973,-0.10637,0.09693,-0.50515,-0.02404,0.09717,-0.69461,-0.05285,0.09188,-0.80899,-0.08055,0.08553,-0.91065,-0.10347,0.04299,-0.52582,-0.02056,0.04750,-0.73996,-0.04824,0.04543,-0.87586,-0.07568,0.04376,-0.99904,-0.09681,-0.00557,-0.50477,-0.02510,-0.00218,-0.70789,-0.05434,-0.00275,-0.82985,-0.07761,-0.00240,-0.94582,-0.09404,-0.05352,-0.44628,-0.03524,-0.05120,-0.60323,-0.06250,-0.04867,-0.70456,-0.07731,-0.04808,-0.80215,-0.08765
B,-0.00000,0.00000,0.00000,0.07599,-0.09064,-0.05039,0.09374,-0.23090,-0.07150,0.03500,-0.33289,-0.08923,-0.02113,-0.40142,-0.10412,0.09714,-0.49162,-0.02449,0.09881,-0.68182,-0.05415,0.09480,-0.79846,-0.08171,0.08817,-0.90016,-0.10447,0.04047,-0.51428,-0.02340,0.04645,-0.72975,-0.05189,0.04605,-0.87123,-0.07949,0.04546,-0.99897,-0.10037,-0.00946,-0.49293,-0.03009,-0.00750,-0.69554,-0.05941,-0.00798,-0.82139,-0.08263,-0.00802,-0.93770,-0.09891,-0.05870,-0.43307,-0.04230,-0.05711,-0.58788,-0.07009,-0.05421,-0.69144,-0.08515,-0.05165,-0.78926,-0.09533
B,-0.00000,0.00000,0.00000,0.07323,-0.10232,-0.04116,0.09521,-0.24448,-0.05777,0.03847,-0.34543,-0.07347,-0.01681,-0.41241,-0.08737,0.09284,-0.50122,-0.01289,0.09682,-0.69234,-0.03920,0.09368,-0.81156,-0.06548,0.08718,-0.91382,-0.08798,0.03654,-0.52191,-0.01593,0.04205,-0.74117,-0.04171,0.04150,-0.88016,-0.06870,0.04061,-0.99917,-0.08987,-0.01444,-0.49645,-0.02631,-0.01259,-0.70366,-0.05452,-0.01177,-0.83258,-0.07911,-0.01052,-0.94860,-0.09677,-0.06513,-0.43077,-0.04150,-0.06471,-0.58934,-0.06956,-0.06101,-0.69902,-0.08647,-0.05735,-0.80038,-0.09846
B,-0.00000,0.00000,0.00000,0.06958,-0.10628,-0.04194,0.09143,-0.24722,-0.05836,0.04004,-0.34977,-0.07383,-0.01286,-0.42196,-0.08700,0.09064,-0.50839,-0.01002,0.09259,-0.69280,-0.03562,0.08738,-0.80821,-0.06194,0.08005,-0.91014,-0.08441,0.03520,-0.53054,-0.01242,0.03898,-0.74730,-0.03640,0.03593,-0.88288,-0.06178,0.03329,-0.99945,-0.08202,-0.01514,-0.50570,-0.02271,-0.01392,-0.71120,-0.04981,-0.01585,-0.83581,-0.07293,-0.01676,-0.95047,-0.08973,-0.06515,-0.44106,-0.03811,-0.06618,-0.59677,-0.06459,-0.06342,-0.70262,-0.08000,-0.06129,-0.80211,-0.09126
B,-0.00000,0.00000,0.00000,0.07052,-0.10396,-0.04568,0.09317,-0.24717,-0.06358,0.04081,-0.35350,-0.07961,-0.01232,-0.42705,-0.09297,0.08805,-0.50737,-0.01582,0.09249,-0.68926,-0.04242,0.08748,-0.80520,-0.06903,0.08001,-0.90808,-0.09180,0.03347,-0.53063,-0.01621,0.03878,-0.74617,-0.04114,0.03486,-0.88167,-0.06580,0.03067,-0.99953,-0.08548,-0.01632,-0.50658,-0.02461,-0.01248,-0.71048,-0.05220,-0.01454,-0.83556,-0.07464,-0.01605,-0.95256,-0.09106,-0.06643,-0.44244,-0.03847,-0.06523,-0.59543,-0.06502,-0.06227,-0.69929,-0.08033,-0.06038,-0.79729,-0.09160
B,-0.00000,0.00000,0.00000,0.07188,-0.10649,-0.04170,0.09349,-0.25297,-0.05797,0.04027,-0.36219,-0.07311,-0.01019,-0.44199,-0.08588,0.08891,-0.50266,-0.01218,0.09011,-0.68772,-0.03836,0.08624,-0.80177,-0.06507,0.08068,-0.90539,-0.08785,0.03310,-0.52427,-0.01438,0.03517,-0.74186,-0.03848,0.03411,-0.87782,-0.06413,0.03309,-0.99945,-0.08500,-0.01666,-0.50185,-0.02417,-0.01807,-0.70699,-0.05022,-0.01898,-0.83118,-0.07274,-0.01825,-0.94669,-0.08989,-0.06593,-0.44035,-0.03917,-0.06840,-0.59452,-0.06428,-0.06509,-0.69877,-0.07904,-0.06064,-0.79635,-0.09043
B,-0.00000,0.00000,0.00000,0.07274,-0.11015,-0.04073,0.09192,-0.25758,-0.05661,0.03781,-0.36594,-0.07150,-0.01311,-0.44511,-0.08391,0.08703,-0.50446,-0.01142,0.08797,-0.69319,-0.03698,0.08433,-0.80786,-0.06290,0.07900,-0.91130,-0.08503,0.03046,-0.52483,-0.01397,0.03148,-0.74311,-0.03744,0.03078,-0.87860,-0.06257,0.03037,-0.99954,-0.08315,-0.02002,-0.50161,-0.02401,-0.02304,-0.70782,-0.04928,-0.02338,-0.83354,-0.07124,-0.02210,-0.94823,-0.08822,-0.06985,-0.44027,-0.03922,-0.07248,-0.59520,-0.06373,-0.06882,-0.70100,-0.07817,-0.06409,-0.79833,-0.08940
B,-0.00000,0.00000,0.00000,0.07108,-0.10373,-0.04404,0.09178,-0.24740,-0.06203,0.03807,-0.35193,-0.07852,-0.01270,-0.43063,-0.09283,0.08710,-0.50042,-0.01702,0.08780,-0.68676,-0.04480,0.08396,-0.80261,-0.07223,0.07824,-0.90623,-0.09538,0.03096,-0.52206,-0.01888,0.03232,-0.74282,-0.04456,0.03034,-0.87922,-0.07125,0.02828,-0.99960,-0.09276,-0.01911,-0.49919,-0.02830,-0.02065,-0.70662,-0.05590,-0.02149,-0.83322,-0.07982,-0.02147,-0.94831,-0.09768,-0.06898,-0.43721,-0.04293,-0.07052,-0.59535,-0.06945,-0.06775,-0.70255,-0.08543,-0.06453,-0.80076,-0.09749
B,-0.00000,0.00000,0.00000,0.07466,-0.10002,-0.04450,0.09673,-0.24237,-0.06365,0.04168,-0.34510,-0.08100,-0.01346,-0.41878,-0.09614,0.09069,-0.50034,-0.01823,0.09083,-0.68824,-0.04678,0.08554,-0.80610,-0.07455,0.07877,-0.90962,-0.09785,0.03342,-0.52135,-0.02026,0.03469,-0.73663,-0.04723,0.03320,-0.87562,-0.07538,0.03241,-0.99947,-0.09765,-0.01649,-0.49861,-0.02973,-0.01770,-0.70099,-0.05774,-0.01848,-0.82809,-0.08190,-0.01809,-0.94494,-0.09985,-0.06454,-0.43706,-0.04434,-0.06494,-0.59555,-0.07083,-0.06282,-0.70030,-0.08630,-0.06125,-0.79731,-0.09776
B,-0.00000,0.00000,0.00000,0.07416,-0.09795,-0.04264,0.09543,-0.24370,-0.06103,0.04137,-0.34804,-0.07809,-0.01164,-0.42402,-0.09292,0.09083,-0.50340,-0.01492,0.09009,-0.69007,-0.04234,0.08510,-0.80474,-0.06978,0.07834,-0.90652,-0.09329,0.03445,-0.52307,-0.01828,0.03666,-0.73717,-0.04522,0.03563,-0.87442,-0.07407,0.03484,-0.99939,-0.09678,-0.01530,-0.49773,-0.02902,-0.01565,-0.70419,-0.05841,-0.01399,-0.83228,-0.08327,-0.01121,-0.94949,-0.10149,-0.06426,-0.43254,-0.04467,-0.06581,-0.58853,-0.07326,-0.06268,-0.69472,-0.08989,-0.05861,-0.79372,-0.10204
B,-0.00000,0.00000,0.00000,0.07423,-0.10148,-0.04215,0.09808,-0.24631,-0.05902,0.04737,-0.35414,-0.07464,-0.00295,-0.42984,-0.08777,0.09233,-0.50463,-0.01247,0.09369,-0.69280,-0.03797,0.08900,-0.80864,-0.06437,0.08166,-0.91106,-0.08726,0.03544,-0.52636,-0.01473,0.03913,-0.74247,-0.03889,0.03784,-0.87780,-0.06526,0.03548,-0.99937,-0.08676,-0.01533,-0.50370,-0.02450,-0.01600,-0.70755,-0.05063,-0.01678,-0.83382,-0.07369,-0.01640,-0.95015,-0.09135,-0.06564,-0.44074,-0.03941,-0.06660,-0.59653,-0.06464,-0.06280,-0.70112,-0.07950,-0.05862,-0.79866,-0.09097
B,-0.00000,0.00000,0.00000,0.07572,-0.09310,-0.04768,0.10428,-0.23036,-0.06935,0.05760,-0.33144,-0.08863,0.00536,-0.40401,-0.10478,0.09522,-0.50321,-0.02123,0.09519,-0.68853,-0.04901,0.08994,-0.80385,-0.07597,0.08274,-0.90481,-0.09875,0.03891,-0.52681,-0.02159,0.04231,-0.74118,-0.04741,0.03979,-0.87874,-0.07276,0.03788,-0.99928,-0.09274,-0.01170,-0.50465,-0.02977,-0.01010,-0.70656,-0.05642,-0.01190,-0.83228,-0.07807,-0.01220,-0.94741,-0.09415,-0.06199,-0.44344,-0.04347,-0.06020,-0.59745,-0.06846,-0.05719,-0.69988,-0.08232,-0.05567,-0.79586,-0.09246
B,-0.00000,0.00000,0.00000,0.07499,-0.09090,-0.04579,0.10472,-0.22608,-0.06749,0.06171,-0.32632,-0.08700,0.00873,-0.39335,-0.10336,0.09404,-0.50315,-0.02155,0.09236,-0.68970,-0.04876,0.08579,-0.80366,-0.07430,0.07750,-0.90196,-0.09576,0.03752,-0.52471,-0.02258,0.03757,-0.74053,-0.04761,0.03339,-0.87964,-0.07150,0.03036,-0.99954,-0.09022,-0.01344,-0.50003,-0.03110,-0.01403,-0.70118,-0.05632,-0.01718,-0.82887,-0.07693,-0.01796,-0.94365,-0.09234,-0.06320,-0.43647,-0.04494,-0.06335,-0.58719,-0.06837,-0.06167,-0.69101,-0.08145,-0.06041,-0.78715,-0.09103
B,-0.00000,0.00000,0.00000,0.07382,-0.08727,-0.04746,0.10451,-0.22387,-0.06947,0.06437,-0.32640,-0.08857,0.01233,-0.39043,-0.10460,0.09206,-0.50168,-0.02434,0.09054,-0.68880,-0.05137,0.08480,-0.80502,-0.07702,0.07662,-0.90583,-0.09876,0.03623,-0.52313,-0.02399,0.03588,-0.73801,-0.04936,0.03201,-0.87730,-0.07419,0.02873,-0.99959,-0.09352,-0.01353,-0.49839,-0.03088,-0.01449,-0.69895,-0.05652,-0.01792,-0.82644,-0.07851,-0.01887,-0.94308,-0.09472,-0.06267,-0.43477,-0.04302,-0.06305,-0.58456,-0.06699,-0.06071,-0.68817,-0.08104,-0.05822,-0.78570,-0.09121
B,-0.00000,0.00000,0.00000,0.07477,-0.08834,-0.04461,0.10303,-0.23184,-0.06267,0.05983,-0.33776,-0.07836,0.01123,-0.40494,-0.09118,0.09241,-0.50516,-0.01800,0.09185,-0.68952,-0.04260,0.08587,-0.80355,-0.06673,0.07768,-0.90213,-0.08739,0.03616,-0.52698,-0.01830,0.03596,-0.74033,-0.04123,0.03207,-0.87939,-0.06467,0.02942,-0.99957,-0.08293,-0.01369,-0.50226,-0.02596,-0.01481,-0.70171,-0.05030,-0.01725,-0.82985,-0.07223,-0.01736,-0.94630,-0.08831,-0.06231,-0.43833,-0.03872,-0.06346,-0.58797,-0.06218,-0.06118,-0.69064,-0.07623,-0.05923,-0.78678,-0.08638
B,-0.00000,0.00000,0.00000,0.07465,-0.08793,-0.04426,0.10334,-0.23055,-0.06276,0.05970,-0.33585,-0.07876,0.01043,-0.40566,-0.09196,0.09096,-0.50497,-0.01887,0.09063,-0.68757,-0.04368,0.08550,-0.80066,-0.06807,0.07852,-0.89976,-0.08895,0.03494,-0.52570,-0.01950,0.03414,-0.73907,-0.04286,0.03093,-0.87760,-0.06664,0.02869,-0.99959,-0.08513,-0.01442,-0.49957,-0.02731,-0.01553,-0.70017,-0.05247,-0.01771,-0.82803,-0.07472,-0.01796,-0.94534,-0.09090,-0.06317,-0.43374,-0.04004,-0.06503,-0.58465,-0.06402,-0.06269,-0.68673,-0.07801,-0.06067,-0.78313,-0.08808
B,-0.00000,0.00000,0.00000,0.07652,-0.08572,-0.04848,0.10543,-0.22452,-0.06997,0.06150,-0.33155,-0.08804,0.01325,-0.40704,-0.10320,0.09617,-0.50048,-0.02603,0.09508,-0.68688,-0.05400,0.08934,-0.80334,-0.08029,0.08130,-0.90520,-0.10233,0.03919,-0.52184,-0.02546,0.03911,-0.73617,-0.05147,0.03588,-0.87617,-0.07668,0.03341,-0.99944,-0.09625,-0.01083,-0.49759,-0.03227,-0.01288,-0.69887,-0.05896,-0.01596,-0.82656,-0.08143,-0.01671,-0.94390,-0.09783,-0.06030,-0.43408,-0.04432,-0.06164,-0.58580,-0.06975,-0.05930,-0.68891,-0.08445,-0.05657,-0.78641,-0.09485
B,-0.00000,0.00000,0.00000,0.07444,-0.10187,-0.04488,0.09942,-0.24034,-0.06484,0.04837,-0.34360,-0.08317,-0.00345,-0.42057,-0.09957,0.09326,-0.49845,-0.01969,0.09493,-0.68348,-0.04881,0.08960,-0.80038,-0.07750,0.08151,-0.90415,-0.10168,0.03635,-0.52033,-0.02187,0.03944,-0.73703,-0.04915,0.03694,-0.87591,-0.07765,0.03401,-0.99942,-0.10046,-0.01441,-0.49729,-0.03152,-0.01409,-0.70191,-0.06020,-0.01543,-0.82925,-0.08527,-0.01550,-0.94618,-0.10393,-0.06417,-0.43560,-0.04630,-0.06419,-0.59200,-0.07380,-0.06184,-0.69731,-0.09033,-0.05983,-0.79503,-0.10266
B,-0.00000,0.00000,0.00000,0.07292,-0.10826,-0.04107,0.09370,-0.25498,-0.05832,0.03685,-0.35545,-0.07488,-0.02019,-0.42173,-0.08897,0.08531,-0.50268,-0.01334,0.08933,-0.68740,-0.04059,0.08673,-0.80010,-0.06753,0.08145,-0.90224,-0.09045,0.03111,-0.52433,-0.01664,0.03564,-0.74554,-0.04201,0.03478,-0.88018,-0.06698,0.03350,-0.99944,-0.08706,-0.01858,-0.50082,-0.02753,-0.01651,-0.70761,-0.05492,-0.01570,-0.83521,-0.07680,-0.01443,-0.95193,-0.09318,-0.06968,-0.43748,-0.04366,-0.06996,-0.59349,-0.06928,-0.06550,-0.70076,-0.08368,-0.06069,-0.80028,-0.09475
B,-0.00000,0.00000,0.00000,0.07015,-0.09604,-0.04921,0.08773,-0.22855,-0.07224,0.02799,-0.32129,-0.09237,-0.02984,-0.39041,-0.11024,0.08550,-0.49305,-0.02604,0.08741,-0.68527,-0.05718,0.08442,-0.80604,-0.08635,0.07890,-0.90955,-0.11045,0.02825,-0.51532,-0.02620,0.03232,-0.73536,-0.05598,0.03208,-0.87605,-0.08553,0.03183,-0.99949,-0.10845,-0.02160,-0.49204,-0.03384,-0.02119,-0.69892,-0.06415,-0.02064,-0.82838,-0.08988,-0.01920,-0.94612,-0.10854,-0.06939,-0.43046,-0.04676,-0.07057,-0.58623,-0.07566,-0.06790,-0.69428,-0.09302,-0.06468,-0.79447,-0.10539
B,-0.00000,0.00000,0.00000,0.06865,-0.09280,-0.05196,0.08603,-0.22447,-0.07627,0.02371,-0.32248,-0.09693,-0.03499,-0.39611,-0.11499,0.08649,-0.48912,-0.02904,0.08921,-0.68347,-0.06007,0.08731,-0.80479,-0.08908,0.08368,-0.90978,-0.11299,0.02977,-0.51409,-0.02733,0.03553,-0.73709,-0.05616,0.03617,-0.87624,-0.08492,0.03665,-0.99933,-0.10760,-0.02029,-0.49451,-0.03314,-0.01721,-0.70272,-0.06230,-0.01592,-0.83154,-0.08707,-0.01435,-0.94889,-0.10555,-0.06965,-0.43674,-0.04458,-0.07006,-0.59308,-0.07174,-0.06706,-0.69906,-0.08798,-0.06373,-0.79763,-0.10005
B,-0.00000,0.00000,0.00000,0.07016,-0.09068,-0.05392,0.08725,-0.22091,-0.07940,0.02407,-0.31749,-0.10088,-0.03485,-0.38537,-0.11953,0.08813,-0.48797,-0.03175,0.08976,-0.68118,-0.06287,0.08862,-0.80133,-0.09242,0.08610,-0.90712,-0.11701,0.03027,-0.51283,-0.02924,0.03600,-0.73231,-0.05783,0.03908,-0.87145,-0.08689,0.04220,-0.99911,-0.11030,-0.02050,-0.49393,-0.03421,-0.02029,-0.69861,-0.06230,-0.01982,-0.82370,-0.08632,-0.01734,-0.94101,-0.10487,-0.06937,-0.43684,-0.04514,-0.07044,-0.59060,-0.07096,-0.06632,-0.69294,-0.08608,-0.06087,-0.78970,-0.09770
B,-0.00000,0.00000,0.00000,0.06704,-0.09329,-0.05241,0.08221,-0.21816,-0.07655,0.01943,-0.31116,-0.09662,-0.03990,-0.37276,-0.11405,0.08646,-0.49219,-0.02662,0.08860,-0.68642,-0.05549,0.08759,-0.80905,-0.08425,0.08430,-0.91433,-0.10871,0.02760,-0.51604,-0.02449,0.03380,-0.73274,-0.05184,0.03588,-0.87211,-0.08132,0.03806,-0.99928,-0.10485,-0.02333,-0.49598,-0.02982,-0.02132,-0.69912,-0.05790,-0.02013,-0.82776,-0.08288,-0.01817,-0.94834,-0.10166,-0.07252,-0.43509,-0.04080,-0.07204,-0.59440,-0.06720,-0.06805,-0.69946,-0.08252,-0.06356,-0.80073,-0.09389
B,-0.00000,0.00000,0.00000,0.06636,-0.09467,-0.05207,0.08349,-0.22362,-0.07578,0.02272,-0.32184,-0.09539,-0.03626,-0.38859,-0.11237,0.09032,-0.49347,-0.02780,0.09469,-0.68803,-0.05701,0.09353,-0.80924,-0.08457,0.09005,-0.91154,-0.10748,0.03275,-0.51497,-0.02567,0.03914,-0.73500,-0.05352,0.04125,-0.87558,-0.08152,0.04337,-0.99906,-0.10323,-0.01953,-0.49062,-0.03105,-0.01543,-0.69724,-0.06046,-0.01282,-0.82982,-0.08573,-0.01056,-0.95153,-0.10384,-0.07069,-0.42650,-0.04182,-0.07062,-0.58794,-0.06946,-0.06639,-0.69689,-0.08551,-0.06235,-0.80037,-0.09690
B,-0.00000,0.00000,0.00000,0.07330,-0.08540,-0.05676,0.08841,-0.22153,-0.08113,0.02256,-0.32281,-0.10031,-0.03864,-0.38839,-0.11592,0.09772,-0.48974,-0.02926,0.09979,-0.68787,-0.05788,0.09797,-0.80794,-0.08486,0.09559,-0.91267,-0.10745,0.03959,-0.51479,-0.02419,0.04837,-0.73066,-0.05141,0.05188,-0.87020,-0.07923,0.05648,-0.99840,-0.10061,-0.01076,-0.49668,-0.02698,-0.00693,-0.70026,-0.05453,-0.00502,-0.82519,-0.07776,-0.00154,-0.94153,-0.09469,-0.05896,-0.44197,-0.03576,-0.05665,-0.59368,-0.06082,-0.05310,-0.69384,-0.07479,-0.05015,-0.78922,-0.08469
B,-0.00000,0.00000,0.00000,0.07222,-0.08143,-0.05632,0.08745,-0.21546,-0.08090,0.02236,-0.32225,-0.10012,-0.03806,-0.39310,-0.11569,0.10170,-0.49211,-0.02846,0.10557,-0.68978,-0.05664,0.10445,-0.80977,-0.08388,0.10254,-0.91353,-0.10654,0.04359,-0.51766,-0.02353,0.05378,-0.73113,-0.04958,0.05817,-0.87070,-0.07701,0.06357,-0.99798,-0.09814,-0.00717,-0.49930,-0.02646,-0.00149,-0.70114,-0.05293,0.00139,-0.82663,-0.07560,0.00517,-0.94312,-0.09220,-0.05614,-0.44305,-0.03540,-0.05317,-0.59686,-0.05973,-0.04871,-0.69599,-0.07289,-0.04467,-0.79021,-0.08209
B,-0.00000,0.00000,0.00000,0.07052,-0.07914,-0.05532,0.08664,-0.20831,-0.08040,0.02379,-0.31031,-0.10039,-0.03673,-0.37631,-0.11710,0.10002,-0.48333,-0.03123,0.10486,-0.68173,-0.06013,0.10547,-0.80272,-0.08714,0.10451,-0.90553,-0.10966,0.04210,-0.51040,-0.02709,0.05368,-0.72748,-0.05466,0.05906,-0.86929,-0.08282,0.06523,-0.99787,-0.10442,-0.00917,-0.49367,-0.03040,-0.00260,-0.69782,-0.05800,0.00146,-0.82532,-0.08182,0.00656,-0.94429,-0.09922,-0.05790,-0.43895,-0.03938,-0.05341,-0.59405,-0.06471,-0.04837,-0.69477,-0.07885,-0.04409,-0.79127,-0.08883
B,-0.00000,0.00000,0.00000,0.07021,-0.07801,-0.05477,0.08741,-0.20780,-0.07922,0.02492,-0.31324,-0.09884,-0.03196,-0.38018,-0.11551,0.10169,-0.47832,-0.03198,0.10766,-0.67660,-0.06193,0.10799,-0.79956,-0.08998,0.10590,-0.90508,-0.11333,0.04366,-0.50708,-0.02850,0.05634,-0.72338,-0.05731,0.06149,-0.86677,-0.08681,0.06689,-0.99776,-0.10946,-0.00723,-0.49218,-0.03235,0.00127,-0.69264,-0.06110,0.00551,-0.82296,-0.08621,0.01031,-0.94576,-0.10450,-0.05640,-0.43930,-0.04188,-0.05159,-0.59759,-0.06850,-0.04613,-0.70078,-0.08378,-0.04108,-0.79959,-0.09458
B,-0.00000,0.00000,0.00000,0.06483,-0.07885,-0.05537,0.08458,-0.20431,-0.07950,0.02447,-0.30846,-0.09866,-0.03398,-0.37042,-0.11539,0.10226,-0.47461,-0.03645,0.10582,-0.67533,-0.06821,0.10298,-0.80160,-0.09604,0.09860,-0.90661,-0.11876,0.04382,-0.50105,-0.03356,0.05272,-0.72139,-0.06461,0.05538,-0.86813,-0.09271,0.05769,-0.99833,-0.11334,-0.00869,-0.48223,-0.03802,-0.00145,-0.68666,-0.07001,0.00301,-0.81783,-0.09442,0.00596,-0.94296,-0.11082,-0.05860,-0.42212,-0.04806,-0.05445,-0.58881,-0.07857,-0.04865,-0.69319,-0.09424,-0.04470,-0.79486,-0.10419
B,-0.00000,0.00000,0.00000,0.06067,-0.08498,-0.05708,0.07698,-0.21463,-0.08056,0.01577,-0.32031,-0.09839,-0.04042,-0.39197,-0.11343,0.09825,-0.47285,-0.03688,0.10045,-0.67498,-0.06782,0.09600,-0.79766,-0.09433,0.09052,-0.90101,-0.11542,0.04246,-0.49904,-0.03121,0.04806,-0.72566,-0.06147,0.04761,-0.87249,-0.08855,0.04702,-0.99889,-0.10817,-0.00927,-0.48172,-0.03306,-0.00314,-0.69242,-0.06481,-0.00137,-0.82494,-0.09016,0.00008,-0.94717,-0.10677,-0.06084,-0.42472,-0.04052,-0.06022,-0.59051,-0.06943,-0.05623,-0.69657,-0.08547,-0.05233,-0.79631,-0.09580
B,-0.00000,0.00000,0.00000,0.06737,-0.07833,-0.05879,0.08495,-0.20188,-0.08546,0.01986,-0.30157,-0.10619,-0.03967,-0.36013,-0.12442,0.09973,-0.47261,-0.04150,0.09860,-0.67319,-0.07469,0.09350,-0.79687,-0.10439,0.08670,-0.90095,-0.12847,0.03894,-0.49955,-0.03718,0.04427,-0.71984,-0.06865,0.04498,-0.86603,-0.09831,0.04491,-0.99899,-0.12060,-0.01414,-0.48226,-0.04018,-0.01099,-0.68458,-0.07177,-0.00741,-0.81552,-0.09667,-0.00430,-0.93948,-0.11397,-0.06435,-0.42189,-0.04907,-0.06309,-0.59005,-0.07866,-0.05750,-0.69311,-0.09377,-0.05276,-0.79299,-0.10364
B,-0.00000,0.00000,0.00000,0.06254,-0.08180,-0.06228,0.07831,-0.20505,-0.09010,0.01448,-0.30900,-0.11099,-0.04455,-0.37789,-0.12915,0.09937,-0.47564,-0.04592,0.09778,-0.68165,-0.07922,0.09158,-0.80778,-0.10804,0.08349,-0.91195,-0.13125,0.03904,-0.50086,-0.03840,0.04386,-0.72580,-0.07023,0.04206,-0.87013,-0.09894,0.03898,-0.99924,-0.12043,-0.01518,-0.48252,-0.03842,-0.01116,-0.68917,-0.07068,-0.00996,-0.81962,-0.09649,-0.00926,-0.94287,-0.11420,-0.06789,-0.42337,-0.04441,-0.06596,-0.59033,-0.07497,-0.06060,-0.69484,-0.09209,-0.05593,-0.79682,-0.10335
B,-0.00000,0.00000,0.00000,0.06543,-0.08966,-0.05806,0.08020,-0.21624,-0.08295,0.01496,-0.31372,-0.10200,-0.04340,-0.37477,-0.11769,0.09476,-0.47599,-0.03818,0.09022,-0.68366,-0.06837,0.08405,-0.80868,-0.09485,0.07788,-0.91398,-0.11612,0.03722,-0.50061,-0.03143,0.03778,-0.72991,-0.06018,0.03483,-0.87302,-0.08653,0.03213,-0.99948,-0.10636,-0.01478,-0.48359,-0.03198,-0.01610,-0.69463,-0.06071,-0.01702,-0.82196,-0.08339,-0.01614,-0.93929,-0.09901,-0.06822,-0.42657,-0.03853,-0.07063,-0.59095,-0.06424,-0.06723,-0.69500,-0.07803,-0.06214,-0.79308,-0.08718
B,-0.00000,0.00000,0.00000,0.06693,-0.08600,-0.06094,0.08525,-0.20897,-0.08949,0.02175,-0.31123,-0.11191,-0.03883,-0.38236,-0.13096,0.09681,-0.49023,-0.03751,0.09151,-0.69024,-0.06832,0.08467,-0.81012,-0.09816,0.07650,-0.91425,-0.12295,0.03703,-0.51378,-0.03084,0.03811,-0.73177,-0.05920,0.03500,-0.86981,-0.08992,0.03156,-0.99950,-0.11459,-0.01507,-0.49532,-0.03192,-0.01508,-0.69670,-0.06010,-0.01557,-0.82138,-0.08621,-0.01443,-0.94049,-0.10590,-0.06515,-0.43757,-0.03924,-0.06692,-0.60146,-0.06537,-0.06494,-0.70402,-0.08169,-0.06238,-0.80312,-0.09391
B,-0.00000,0.00000,0.00000,0.06671,-0.06524,-0.07775,0.08803,-0.17701,-0.11851,0.02560,-0.26673,-0.14957,-0.03566,-0.33207,-0.17824,0.09893,-0.45240,-0.08106,0.09194,-0.66580,-0.12421,0.08331,-0.79595,-0.15668,0.07475,-0.90525,-0.18131,0.03829,-0.48315,-0.06916,0.03425,-0.71483,-0.10922,0.02953,-0.86624,-0.14038,0.02525,-0.99968,-0.16312,-0.01765,-0.46524,-0.06455,-0.02066,-0.67776,-0.10192,-0.02379,-0.81428,-0.12985,-0.02479,-0.94335,-0.14891,-0.07008,-0.40808,-0.06667,-0.07466,-0.57683,-0.10137,-0.07271,-0.68452,-0.12075,-0.06891,-0.78698,-0.13319
B,-0.00000,0.00000,0.00000,0.06509,-0.08526,-0.05650,0.07980,-0.20470,-0.08193,0.01769,-0.31185,-0.10148,-0.04098,-0.38667,-0.11820,0.09624,-0.48276,-0.03448,0.08999,-0.68185,-0.06434,0.08279,-0.80534,-0.09245,0.07331,-0.90763,-0.11566,0.03495,-0.50669,-0.02978,0.03625,-0.72609,-0.05800,0.03262,-0.86894,-0.08774,0.02800,-0.99961,-0.11045,-0.01772,-0.48656,-0.03233,-0.01767,-0.68982,-0.06118,-0.01766,-0.81762,-0.08676,-0.01788,-0.93807,-0.10488,-0.06756,-0.42146,-0.04038,-0.06650,-0.59397,-0.06803,-0.06286,-0.69840,-0.08388,-0.05954,-0.79911,-0.09451
C,-0.00000,0.00000,0.00000,0.18959,-0.06921,0.07393,0.30761,-0.18592,0.07968,0.40870,-0.23990,0.04791,0.48549,-0.32372,0.00995,0.28244,-0.60335,0.12627,0.35755,-0.85295,0.10039,0.44377,-0.81239,0.06582,0.49353,-0.72993,0.04056,0.23635,-0.63408,0.04111,0.31674,-0.94851,0.00926,0.43049,-0.88931,-0.03421,0.48316,-0.77928,-0.06268,0.19146,-0.62383,-0.05008,0.25717,-0.92237,-0.07339,0.38100,-0.88767,-0.10539,0.44382,-0.78254,-0.12794,0.15217,-0.57420,-0.13945,0.23349,-0.80406,-0.15173,0.33709,-0.81204,-0.16549,0.39973,-0.75241,-0.17993
C,-0.00000,0.00000,0.00000,0.19477,-0.06139,0.10224,0.31044,-0.18542,0.12920,0.40762,-0.23606,0.11218,0.48454,-0.31603,0.08748,0.28705,-0.61141,0.18000,0.35134,-0.84563,0.16754,0.43079,-0.81387,0.13984,0.48056,-0.74057,0.11879,0.24059,-0.64266,0.08107,0.31163,-0.95020,0.05681,0.42158,-0.89756,0.01550,0.47639,-0.78633,-0.00898,0.19696,-0.63559,-0.02429,0.25996,-0.91465,-0.04768,0.37706,-0.87161,-0.07891,0.43944,-0.76808,-0.09786,0.15898,-0.59394,-0.12591,0.23863,-0.80838,-0.14046,0.33982,-0.80891,-0.15432,0.40472,-0.75219,-0.16699
C,-0.00000,0.00000,0.00000,0.18945,-0.06990,0.08014,0.30416,-0.19569,0.09222,0.40318,-0.25279,0.06664,0.47770,-0.33142,0.03498,0.27421,-0.61570,0.13030,0.34522,-0.86153,0.10372,0.43238,-0.82038,0.07220,0.48281,-0.73196,0.05121,0.22786,-0.64034,0.04479,0.30701,-0.95171,0.01038,0.42232,-0.88408,-0.02654,0.47477,-0.76744,-0.04653,0.18286,-0.62407,-0.04678,0.25049,-0.92266,-0.07460,0.37272,-0.88169,-0.10059,0.43483,-0.77313,-0.11500,0.14416,-0.57230,-0.13575,0.22402,-0.80531,-0.15226,0.32463,-0.81382,-0.16391,0.38661,-0.75335,-0.17369
C,-0.00000,0.00000,0.00000,0.19594,-0.05958,0.06777,0.31951,-0.18737,0.07734,0.42097,-0.24240,0.05189,0.49618,-0.31724,0.02386,0.28692,-0.60902,0.13386,0.35036,-0.85537,0.10693,0.43427,-0.82486,0.07253,0.48678,-0.74457,0.05045,0.24452,-0.63998,0.05594,0.31474,-0.94918,0.02571,0.42503,-0.89941,-0.01184,0.47825,-0.79252,-0.03202,0.20032,-0.62696,-0.02993,0.26033,-0.92219,-0.05386,0.38047,-0.88972,-0.07885,0.44471,-0.78644,-0.09152,0.16057,-0.57386,-0.11503,0.23089,-0.80813,-0.12715,0.33106,-0.82485,-0.13613,0.39711,-0.77073,-0.14277
C,-0.00000,0.00000,0.00000,0.18785,-0.09443,0.05886,0.30900,-0.21611,0.05964,0.41259,-0.26703,0.02645,0.49351,-0.32924,-0.01148,0.27277,-0.62054,0.11218,0.34942,-0.86112,0.07596,0.43800,-0.81888,0.03346,0.49267,-0.73776,0.00587,0.22871,-0.64760,0.03861,0.30729,-0.95162,0.00284,0.42216,-0.89233,-0.03891,0.47682,-0.77983,-0.06469,0.18532,-0.63415,-0.04244,0.24764,-0.93291,-0.06677,0.36997,-0.89731,-0.09220,0.43276,-0.78822,-0.10831,0.14853,-0.58898,-0.12343,0.22202,-0.82151,-0.13504,0.32400,-0.83105,-0.14319,0.38865,-0.77065,-0.15132
C,-0.00000,0.00000,0.00000,0.18772,-0.09289,0.05003,0.31906,-0.22422,0.05076,0.43474,-0.25983,0.01946,0.53113,-0.27320,-0.01446,0.27738,-0.63630,0.12050,0.34191,-0.86296,0.08514,0.42516,-0.83968,0.04321,0.48120,-0.76943,0.01658,0.23836,-0.66670,0.05347,0.31220,-0.95002,0.01926,0.41802,-0.89546,-0.01782,0.47307,-0.78081,-0.03830,0.19737,-0.66141,-0.02341,0.26598,-0.93643,-0.04808,0.38239,-0.89631,-0.06811,0.44654,-0.78699,-0.07826,0.16003,-0.62583,-0.10166,0.23954,-0.84240,-0.11142,0.33970,-0.85019,-0.11565,0.40695,-0.79534,-0.11970
C,-0.00000,0.00000,0.00000,0.19617,-0.09165,0.05680,0.33233,-0.22604,0.06598,0.45014,-0.25719,0.04170,0.54736,-0.25502,0.01442,0.29115,-0.62964,0.13945,0.35398,-0.85438,0.11143,0.43453,-0.84030,0.07436,0.48994,-0.77705,0.05064,0.25275,-0.66931,0.07075,0.32450,-0.94567,0.04430,0.42609,-0.90468,0.01167,0.48233,-0.79918,-0.00647,0.21049,-0.67345,-0.00850,0.27967,-0.94184,-0.03148,0.39182,-0.90424,-0.05104,0.45609,-0.79635,-0.06048,0.17019,-0.64889,-0.08865,0.25265,-0.85453,-0.09839,0.35084,-0.85345,-0.10245,0.41746,-0.79180,-0.10606
C,-0.00000,0.00000,0.00000,0.18265,-0.09370,0.04715,0.31898,-0.23197,0.05164,0.43626,-0.27495,0.02646,0.53146,-0.27877,-0.00101,0.27672,-0.62967,0.11926,0.33664,-0.85280,0.09000,0.41805,-0.84060,0.05280,0.47584,-0.78487,0.02824,0.24216,-0.66743,0.05754,0.31427,-0.94126,0.03125,0.41660,-0.90909,0.00023,0.47683,-0.81771,-0.01890,0.20351,-0.67093,-0.01401,0.27470,-0.93615,-0.03665,0.38520,-0.90643,-0.05497,0.45222,-0.81080,-0.06575,0.16448,-0.64885,-0.08669,0.24976,-0.85013,-0.09567,0.34333,-0.84734,-0.09821,0.40800,-0.78867,-0.10205
C,-0.00000,0.00000,0.00000,0.18030,-0.08662,0.03466,0.31882,-0.22238,0.03298,0.44315,-0.26335,0.00418,0.54632,-0.28123,-0.02530,0.27280,-0.62693,0.10377,0.33517,-0.86607,0.06438,0.42028,-0.85038,0.02140,0.47719,-0.78116,-0.00417,0.24062,-0.66569,0.04980,0.31972,-0.94751,0.01441,0.42352,-0.90378,-0.02244,0.48177,-0.80074,-0.04261,0.20355,-0.67285,-0.01464,0.28698,-0.94239,-0.04276,0.39837,-0.89860,-0.06450,0.46345,-0.78962,-0.07472,0.16722,-0.65233,-0.08084,0.26452,-0.84012,-0.09109,0.35961,-0.83284,-0.09510,0.42281,-0.77025,-0.09801
C,-0.00000,0.00000,0.00000,0.17425,-0.07377,0.03201,0.31588,-0.21356,0.03173,0.43955,-0.26092,0.00419,0.54106,-0.28420,-0.02501,0.27432,-0.62055,0.09851,0.33954,-0.86235,0.05689,0.42653,-0.83519,0.01351,0.48430,-0.75683,-0.01211,0.24212,-0.65805,0.04505,0.32519,-0.94565,0.00400,0.43273,-0.88426,-0.03531,0.49066,-0.76748,-0.05556,0.20387,-0.66627,-0.01881,0.28533,-0.94374,-0.05357,0.39907,-0.88584,-0.07982,0.46255,-0.76682,-0.09100,0.16527,-0.64840,-0.08398,0.26105,-0.85641,-0.10009,0.35738,-0.83562,-0.10680,0.41961,-0.75351,-0.11048
C,-0.00000,0.00000,0.00000,0.18135,-0.05315,0.04342,0.32492,-0.18991,0.05078,0.44747,-0.24018,0.02832,0.54737,-0.27467,0.00518,0.28575,-0.61059,0.13162,0.35198,-0.84586,0.10434,0.43012,-0.84193,0.06779,0.48991,-0.78613,0.04525,0.25031,-0.65199,0.07241,0.33492,-0.93646,0.04351,0.43264,-0.90157,0.00733,0.49319,-0.79456,-0.01048,0.21038,-0.66287,0.00239,0.30034,-0.93502,-0.02316,0.40661,-0.89262,-0.04659,0.47274,-0.77758,-0.05612,0.17339,-0.64526,-0.06899,0.27745,-0.83232,-0.08208,0.36980,-0.81650,-0.08910,0.43187,-0.74218,-0.09233
C,-0.00000,0.00000,0.00000,0.19596,-0.04715,0.09561,0.33937,-0.18224,0.12778,0.46236,-0.22747,0.11690,0.56562,-0.26820,0.10032,0.29073,-0.59542,0.20957,0.36365,-0.82173,0.21137,0.43999,-0.81987,0.19028,0.49865,-0.77386,0.17405,0.25224,-0.64363,0.12143,0.33998,-0.92913,0.11435,0.44275,-0.89665,0.08377,0.50596,-0.78758,0.06752,0.21316,-0.65903,0.02419,0.30644,-0.93019,0.01155,0.41598,-0.88370,-0.00904,0.48458,-0.77029,-0.01920,0.18295,-0.64570,-0.07091,0.29498,-0.83169,-0.07774,0.39192,-0.80158,-0.08162,0.45725,-0.72184,-0.08477
C,-0.00000,0.00000,0.00000,0.19254,-0.05702,0.10261,0.33481,-0.19140,0.13646,0.45562,-0.24039,0.12503,0.55651,-0.28370,0.10614,0.29107,-0.59254,0.20926,0.36667,-0.82429,0.20638,0.44506,-0.81242,0.18073,0.50341,-0.75705,0.16072,0.25135,-0.63969,0.11529,0.34210,-0.93107,0.10307,0.44720,-0.89443,0.06585,0.51046,-0.78145,0.04321,0.21202,-0.65371,0.01283,0.30697,-0.92983,-0.00408,0.41981,-0.88098,-0.03105,0.48810,-0.76514,-0.04726,0.18285,-0.64254,-0.08659,0.29682,-0.83380,-0.09802,0.39827,-0.80448,-0.10705,0.46470,-0.72447,-0.11545
C,-0.00000,0.00000,0.00000,0.19343,-0.04270,0.08829,0.34053,-0.17824,0.11510,0.46488,-0.22475,0.09933,0.56614,-0.27189,0.07790,0.29251,-0.59433,0.19451,0.37424,-0.83056,0.18626,0.45237,-0.81126,0.15851,0.50601,-0.74349,0.13865,0.25263,-0.64198,0.10751,0.34704,-0.93785,0.09096,0.45040,-0.89028,0.05269,0.50800,-0.76747,0.03144,0.21156,-0.65676,0.01120,0.31123,-0.93528,-0.00825,0.42152,-0.87350,-0.03582,0.48405,-0.74546,-0.05035,0.18081,-0.64162,-0.08322,0.29839,-0.82996,-0.09508,0.39488,-0.79258,-0.10388,0.45388,-0.70226,-0.11053
C,-0.00000,0.00000,0.00000,0.18783,-0.04287,0.07882,0.33549,-0.18134,0.10196,0.45705,-0.22981,0.08571,0.55345,-0.27938,0.06538,0.29625,-0.58962,0.17166,0.37586,-0.83824,0.15377,0.45586,-0.80697,0.12261,0.50764,-0.72606,0.10239,0.25695,-0.63327,0.09036,0.34752,-0.93767,0.06594,0.45223,-0.88302,0.02766,0.50565,-0.75277,0.00797,0.21617,-0.64435,-0.00032,0.31113,-0.92107,-0.02311,0.42296,-0.85551,-0.05033,0.48128,-0.72645,-0.06364,0.18418,-0.62716,-0.08962,0.29629,-0.81958,-0.10163,0.39512,-0.78578,-0.11047,0.45254,-0.69644,-0.11669
C,-0.00000,0.00000,0.00000,0.18865,-0.03556,0.07065,0.33805,-0.17423,0.09016,0.46226,-0.22358,0.07172,0.56189,-0.27532,0.04965,0.29678,-0.58575,0.16566,0.37809,-0.82763,0.14806,0.45683,-0.80930,0.11742,0.50934,-0.74198,0.09718,0.25764,-0.63207,0.08811,0.34914,-0.93707,0.06264,0.45293,-0.88746,0.02506,0.50940,-0.76110,0.00645,0.21597,-0.64575,0.00062,0.31435,-0.92351,-0.02503,0.42647,-0.85790,-0.05248,0.48718,-0.72870,-0.06492,0.18422,-0.62871,-0.08607,0.29919,-0.81583,-0.10067,0.39819,-0.77942,-0.11046,0.45717,-0.68863,-0.11672
C,-0.00000,0.00000,0.00000,0.18992,-0.03959,0.05623,0.33616,-0.16000,0.06797,0.45984,-0.20350,0.04573,0.55458,-0.25269,0.02112,0.30910,-0.58699,0.14293,0.38772,-0.82793,0.11785,0.46445,-0.80734,0.08491,0.51636,-0.74284,0.06420,0.26865,-0.63229,0.07291,0.36303,-0.93178,0.03900,0.46562,-0.87781,0.00005,0.52071,-0.74668,-0.01776,0.22412,-0.64522,-0.00740,0.32045,-0.92367,-0.04171,0.43472,-0.85170,-0.07067,0.49769,-0.71939,-0.08122,0.18670,-0.62568,-0.08737,0.30369,-0.80675,-0.10811,0.40413,-0.76489,-0.12024,0.46538,-0.67173,-0.12595
C,-0.00000,0.00000,0.00000,0.18811,-0.02661,0.04596,0.34301,-0.14977,0.05414,0.46866,-0.18772,0.03119,0.56638,-0.23254,0.00748,0.31203,-0.58717,0.13343,0.39375,-0.82244,0.10502,0.47505,-0.81009,0.06944,0.53163,-0.74538,0.04799,0.27360,-0.63342,0.06969,0.37097,-0.92779,0.03848,0.47401,-0.88052,0.00214,0.53175,-0.75673,-0.01448,0.22977,-0.64990,-0.00519,0.32726,-0.92618,-0.03540,0.43985,-0.86799,-0.06207,0.50522,-0.74331,-0.07238,0.19163,-0.63337,-0.08100,0.30566,-0.81745,-0.10091,0.40386,-0.78275,-0.11236,0.46689,-0.69224,-0.11733
C,-0.00000,0.00000,0.00000,0.17287,-0.01457,0.02921,0.32947,-0.14360,0.03164,0.45569,-0.17968,0.00829,0.55616,-0.21185,-0.01446,0.29846,-0.58239,0.10711,0.37004,-0.82185,0.07608,0.44971,-0.82035,0.04218,0.50156,-0.76134,0.02263,0.26345,-0.62948,0.05475,0.35021,-0.92643,0.02426,0.45273,-0.89165,-0.00590,0.51092,-0.78508,-0.01843,0.22215,-0.64518,-0.00925,0.31665,-0.92817,-0.03948,0.42897,-0.88305,-0.06260,0.49365,-0.76993,-0.07067,0.18511,-0.62587,-0.07520,0.29637,-0.81638,-0.09415,0.39073,-0.79250,-0.10390,0.44924,-0.71287,-0.10795
C,-0.00000,0.00000,0.00000,0.17720,-0.02172,0.02775,0.33906,-0.14577,0.02897,0.46584,-0.16871,0.00430,0.56662,-0.18374,-0.01980,0.30467,-0.59493,0.11006,0.38037,-0.83108,0.07815,0.45983,-0.82479,0.03943,0.51487,-0.76473,0.01504,0.26999,-0.64326,0.05759,0.36368,-0.92772,0.02531,0.46289,-0.88573,-0.01244,0.51898,-0.77927,-0.03282,0.23027,-0.66284,-0.00666,0.32806,-0.94466,-0.03755,0.43667,-0.88793,-0.06538,0.49567,-0.76435,-0.07804,0.19216,-0.64834,-0.07308,0.29925,-0.85402,-0.09061,0.39456,-0.83104,-0.10079,0.45448,-0.74580,-0.10670
C,-0.00000,0.00000,0.00000,0.18287,-0.03967,0.04125,0.33803,-0.15113,0.04362,0.46470,-0.16118,0.01568,0.56805,-0.16241,-0.01355,0.32175,-0.60046,0.12567,0.40839,-0.83717,0.08909,0.49381,-0.79962,0.04479,0.54890,-0.70963,0.01724,0.28476,-0.64756,0.06458,0.39347,-0.91934,0.02887,0.49276,-0.84919,-0.01499,0.54257,-0.72825,-0.04037,0.24189,-0.66463,-0.00778,0.34433,-0.93664,-0.03748,0.45324,-0.86357,-0.06533,0.51007,-0.73251,-0.07954,0.19862,-0.64948,-0.08169,0.31248,-0.84106,-0.09746,0.41207,-0.81080,-0.10702,0.47339,-0.72870,-0.11335
C,-0.00000,0.00000,0.00000,0.19364,-0.02959,0.04885,0.34913,-0.13652,0.05544,0.47810,-0.13674,0.02848,0.58191,-0.13992,0.00042,0.33015,-0.58431,0.14355,0.41326,-0.82604,0.11216,0.49652,-0.78858,0.07152,0.55013,-0.69689,0.04704,0.29348,-0.63181,0.07707,0.39050,-0.91995,0.04894,0.49708,-0.85485,0.01058,0.55143,-0.73029,-0.00992,0.25123,-0.65230,-0.00150,0.34290,-0.93937,-0.02425,0.45829,-0.86944,-0.04691,0.51970,-0.73700,-0.05706,0.21112,-0.63852,-0.08205,0.31153,-0.84969,-0.09196,0.41436,-0.81828,-0.09608,0.48076,-0.72817,-0.09827
C,-0.00000,0.00000,0.00000,0.18046,-0.03151,0.02829,0.32834,-0.12553,0.02349,0.45654,-0.13216,-0.01024,0.56055,-0.13699,-0.04449,0.32699,-0.58013,0.11339,0.41709,-0.81853,0.07244,0.50281,-0.77229,0.02615,0.55500,-0.67669,-0.00158,0.29060,-0.62914,0.05757,0.39129,-0.92027,0.02016,0.49743,-0.84978,-0.02286,0.54995,-0.72238,-0.04600,0.24776,-0.65011,-0.01048,0.33941,-0.93703,-0.03880,0.45443,-0.86872,-0.06619,0.51597,-0.73884,-0.07945,0.20516,-0.63595,-0.08151,0.30947,-0.83626,-0.09395,0.41067,-0.80068,-0.10099,0.47452,-0.70817,-0.10532
C,-0.00000,0.00000,0.00000,0.18685,-0.02989,0.05686,0.32814,-0.12483,0.05960,0.45498,-0.13758,0.02616,0.55648,-0.15544,-0.01091,0.32139,-0.58183,0.13983,0.41773,-0.82342,0.11027,0.50354,-0.77493,0.07030,0.55702,-0.68376,0.04414,0.28060,-0.62736,0.06581,0.39123,-0.92029,0.03689,0.50235,-0.84719,-0.00534,0.55607,-0.71291,-0.03052,0.23814,-0.64054,-0.01827,0.33737,-0.92445,-0.03771,0.45892,-0.85548,-0.06425,0.52145,-0.72587,-0.08084,0.20205,-0.61813,-0.10344,0.31245,-0.81002,-0.11124,0.41979,-0.77753,-0.11895,0.48449,-0.69254,-0.12652
C,-0.00000,0.00000,0.00000,0.19160,-0.03527,0.07321,0.33027,-0.13369,0.08379,0.45374,-0.14068,0.05470,0.55227,-0.15404,0.02023,0.32065,-0.58169,0.15656,0.41205,-0.82420,0.13529,0.49191,-0.77929,0.10048,0.54074,-0.69176,0.07618,0.27886,-0.62778,0.07334,0.38567,-0.92263,0.05079,0.49143,-0.85431,0.01072,0.54116,-0.71962,-0.01425,0.23633,-0.63982,-0.01893,0.33540,-0.92564,-0.03494,0.45317,-0.85880,-0.06066,0.51315,-0.72977,-0.07801,0.20208,-0.61605,-0.11097,0.31379,-0.81128,-0.11814,0.42072,-0.78081,-0.12552,0.48538,-0.69732,-0.13379
C,-0.00000,0.00000,0.00000,0.20071,-0.02575,0.10501,0.34272,-0.12917,0.13615,0.46675,-0.13431,0.12098,0.56911,-0.14677,0.09853,0.33138,-0.58024,0.21143,0.42019,-0.80894,0.21201,0.49658,-0.77500,0.18844,0.54743,-0.69796,0.16937,0.29003,-0.63301,0.11406,0.39346,-0.91934,0.11085,0.49670,-0.86249,0.07678,0.55060,-0.73692,0.05442,0.24992,-0.64880,0.00849,0.35235,-0.92673,0.00289,0.46731,-0.86421,-0.02106,0.53274,-0.74184,-0.03852,0.22047,-0.62504,-0.09468,0.33928,-0.81542,-0.09690,0.44329,-0.77719,-0.10197,0.50997,-0.68948,-0.10970
C,-0.00000,0.00000,0.00000,0.19851,-0.02887,0.10235,0.34158,-0.13855,0.13494,0.46492,-0.14373,0.12263,0.56353,-0.15450,0.10277,0.33784,-0.57814,0.20443,0.43220,-0.80283,0.20201,0.50963,-0.75807,0.17741,0.55901,-0.67277,0.15777,0.29612,-0.63317,0.11006,0.40976,-0.91005,0.10123,0.51445,-0.84189,0.06426,0.56692,-0.70648,0.04033,0.25430,-0.65182,0.00771,0.36076,-0.93266,-0.00400,0.47662,-0.86159,-0.03190,0.53907,-0.72746,-0.05059,0.22221,-0.63283,-0.09186,0.34264,-0.82028,-0.10056,0.44754,-0.78039,-0.11074,0.51246,-0.68985,-0.12108
C,-0.00000,0.00000,0.00000,0.19785,-0.03420,0.10127,0.33940,-0.14789,0.12997,0.46471,-0.15770,0.11381,0.56610,-0.17748,0.08997,0.32616,-0.59802,0.20110,0.42261,-0.81663,0.20093,0.50247,-0.77159,0.17690,0.55765,-0.68709,0.15728,0.28357,-0.65051,0.10780,0.39906,-0.91692,0.10337,0.50505,-0.84331,0.06765,0.56023,-0.71054,0.04373,0.24150,-0.66570,0.00744,0.34826,-0.93501,0.00182,0.46325,-0.86272,-0.02254,0.52652,-0.73158,-0.04029,0.21042,-0.64253,-0.09045,0.32829,-0.82683,-0.09296,0.43286,-0.78842,-0.09852,0.49777,-0.69974,-0.10617
C,-0.00000,0.00000,0.00000,0.21196,-0.03340,0.13178,0.35642,-0.14488,0.17592,0.47800,-0.15030,0.16815,0.58151,-0.16437,0.14978,0.33534,-0.58284,0.23861,0.43022,-0.80636,0.24335,0.51094,-0.76844,0.22185,0.56590,-0.68467,0.20342,0.29048,-0.63406,0.12778,0.40407,-0.91473,0.12011,0.51567,-0.84667,0.08067,0.57326,-0.71321,0.05549,0.25142,-0.65174,0.01049,0.35884,-0.92808,-0.00130,0.47684,-0.85617,-0.03005,0.54238,-0.72543,-0.04946,0.22362,-0.63798,-0.10140,0.34473,-0.82439,-0.11140,0.45099,-0.78362,-0.12189,0.51850,-0.69971,-0.13289
C,-0.00000,0.00000,0.00000,0.20999,-0.05141,0.14490,0.34271,-0.15973,0.19106,0.46061,-0.17485,0.18205,0.56409,-0.19955,0.16105,0.31695,-0.59193,0.24395,0.41599,-0.81942,0.24624,0.49869,-0.77414,0.22284,0.54920,-0.68024,0.20242,0.27359,-0.63638,0.12521,0.39428,-0.91899,0.11593,0.50546,-0.83859,0.07423,0.55716,-0.70317,0.04513,0.23746,-0.64657,0.00104,0.34991,-0.92111,-0.01171,0.46631,-0.83650,-0.03972,0.52297,-0.70490,-0.06097,0.21405,-0.62876,-0.11662,0.33479,-0.81319,-0.12737,0.44456,-0.76500,-0.13819,0.50757,-0.67731,-0.15126
C,-0.00000,0.00000,0.00000,0.20004,-0.05796,0.13016,0.33369,-0.17891,0.17107,0.45014,-0.19830,0.16024,0.55229,-0.22612,0.13821,0.31194,-0.59871,0.21916,0.41108,-0.82699,0.21450,0.49216,-0.77337,0.18921,0.53939,-0.66999,0.16903,0.26761,-0.64503,0.10881,0.39498,-0.91869,0.09728,0.50140,-0.83017,0.06033,0.54755,-0.69034,0.03515,0.22904,-0.65498,-0.00768,0.34897,-0.93271,-0.02220,0.46201,-0.84410,-0.04455,0.51546,-0.70619,-0.06093,0.20270,-0.63391,-0.11895,0.32763,-0.82728,-0.13242,0.43428,-0.78328,-0.14088,0.49484,-0.69123,-0.15052
C,-0.00000,0.00000,0.00000,0.19848,-0.05574,0.08505,0.33154,-0.18147,0.10244,0.44841,-0.21349,0.07853,0.54453,-0.25158,0.04845,0.30169,-0.61074,0.15929,0.40183,-0.84332,0.13585,0.48342,-0.78527,0.10079,0.53141,-0.67945,0.07711,0.25849,-0.65335,0.07252,0.38913,-0.92118,0.04991,0.49480,-0.82591,0.01188,0.54100,-0.68348,-0.01235,0.21734,-0.65985,-0.02204,0.34433,-0.92537,-0.04184,0.46046,-0.82520,-0.06232,0.51407,-0.67735,-0.07534,0.18966,-0.62966,-0.11495,0.31737,-0.80713,-0.12646,0.42296,-0.76260,-0.13174,0.48143,-0.66773,-0.13762
C,-0.00000,0.00000,0.00000,0.19661,-0.07090,0.11334,0.32397,-0.20030,0.14381,0.43837,-0.22703,0.12696,0.53200,-0.26344,0.10038,0.28801,-0.63765,0.19096,0.39341,-0.83973,0.18238,0.47161,-0.78253,0.15638,0.51678,-0.68143,0.13628,0.24887,-0.68029,0.09116,0.38884,-0.92131,0.07838,0.48923,-0.82975,0.04640,0.53413,-0.68938,0.02480,0.21059,-0.68335,-0.01428,0.35207,-0.92693,-0.03587,0.46441,-0.82345,-0.05462,0.51781,-0.67400,-0.06618,0.18448,-0.64983,-0.11490,0.33037,-0.80899,-0.13628,0.43273,-0.75741,-0.14415,0.48965,-0.65851,-0.15037
C,-0.00000,0.00000,0.00000,0.20943,-0.10688,0.13376,0.32737,-0.23382,0.16288,0.43940,-0.26006,0.13806,0.53214,-0.31581,0.10110,0.26202,-0.68278,0.20655,0.38648,-0.85973,0.19715,0.47037,-0.79970,0.16724,0.52232,-0.70036,0.14384,0.22361,-0.70954,0.09095,0.38470,-0.92304,0.07979,0.48713,-0.83331,0.04618,0.52931,-0.69911,0.02113,0.19281,-0.69485,-0.02880,0.35621,-0.90980,-0.04936,0.47373,-0.80326,-0.06093,0.52580,-0.65739,-0.06870,0.18183,-0.64162,-0.14295,0.33439,-0.79344,-0.16222,0.44116,-0.74705,-0.16208,0.49887,-0.65503,-0.16274
C,-0.00000,0.00000,0.00000,0.20218,-0.10832,0.08414,0.32140,-0.22841,0.08809,0.43410,-0.26304,0.05159,0.52338,-0.31944,0.00731,0.23983,-0.70046,0.13369,0.37780,-0.86565,0.10717,0.46430,-0.78942,0.06798,0.51503,-0.68057,0.04064,0.20601,-0.72357,0.04702,0.38289,-0.92380,0.02786,0.48476,-0.82154,-0.00286,0.52338,-0.68248,-0.02653,0.18191,-0.69645,-0.04497,0.35420,-0.90695,-0.06877,0.47181,-0.80077,-0.07711,0.52330,-0.65099,-0.08307,0.17906,-0.62788,-0.13478,0.33209,-0.77060,-0.15634,0.43533,-0.73216,-0.15669,0.49148,-0.64628,-0.15668
C,-0.00000,0.00000,0.00000,0.21200,-0.11319,0.10632,0.32834,-0.23406,0.11261,0.43875,-0.27567,0.07458,0.52061,-0.33337,0.02636,0.21578,-0.70211,0.14034,0.37164,-0.86490,0.12150,0.45588,-0.77618,0.08598,0.50602,-0.65488,0.05974,0.18411,-0.71865,0.04367,0.39293,-0.91957,0.03407,0.49199,-0.81229,0.00602,0.52045,-0.66106,-0.02060,0.17235,-0.68504,-0.05443,0.37401,-0.90838,-0.06615,0.48701,-0.79165,-0.06759,0.52837,-0.63073,-0.07465,0.18764,-0.61556,-0.14848,0.35546,-0.76768,-0.16262,0.44993,-0.71492,-0.15604,0.49566,-0.61303,-0.15395
C,-0.00000,0.00000,0.00000,0.21405,-0.12190,0.13927,0.32869,-0.24265,0.15885,0.44229,-0.27472,0.12710,0.53078,-0.32661,0.08150,0.20551,-0.70405,0.17333,0.36779,-0.86415,0.16388,0.45258,-0.77831,0.13162,0.51043,-0.66082,0.10687,0.17893,-0.71372,0.06145,0.39148,-0.92019,0.05957,0.49152,-0.81631,0.03001,0.52693,-0.65886,0.00188,0.17638,-0.67758,-0.04884,0.38118,-0.90438,-0.04853,0.49348,-0.79105,-0.04887,0.54030,-0.63590,-0.05738,0.20296,-0.60668,-0.15266,0.36972,-0.76653,-0.15833,0.46243,-0.71881,-0.14900,0.51106,-0.62356,-0.14600
C,-0.00000,0.00000,0.00000,0.21445,-0.11680,0.13969,0.32807,-0.23562,0.16237,0.43985,-0.26808,0.13217,0.52819,-0.31934,0.08841,0.21116,-0.70298,0.19420,0.36828,-0.86482,0.19101,0.45582,-0.78639,0.16053,0.51185,-0.67066,0.13569,0.18564,-0.71727,0.08081,0.39115,-0.92033,0.08387,0.49504,-0.81917,0.05202,0.53036,-0.66849,0.02156,0.18183,-0.68994,-0.03261,0.38171,-0.90738,-0.03149,0.49715,-0.79499,-0.03773,0.54407,-0.64031,-0.05064,0.20584,-0.62718,-0.13983,0.37431,-0.78477,-0.14332,0.46958,-0.72673,-0.13480,0.51685,-0.62042,-0.13350
C,-0.00000,0.00000,0.00000,0.21107,-0.10271,0.12515,0.33474,-0.22875,0.14349,0.45301,-0.25880,0.11540,0.54098,-0.30813,0.07517,0.20303,-0.68208,0.15774,0.37322,-0.85108,0.14476,0.46728,-0.74479,0.11246,0.52096,-0.61130,0.08948,0.17722,-0.69168,0.05575,0.39478,-0.91877,0.05326,0.50706,-0.80019,0.02656,0.54359,-0.63362,0.00161,0.17535,-0.65470,-0.04553,0.37783,-0.90905,-0.04702,0.49677,-0.78448,-0.04661,0.54102,-0.62005,-0.05303,0.20398,-0.58196,-0.14072,0.37297,-0.76624,-0.14539,0.46969,-0.70608,-0.13331,0.51493,-0.59865,-0.12734
C,-0.00000,0.00000,0.00000,0.20941,-0.09533,0.10308,0.33037,-0.21421,0.11213,0.44680,-0.24402,0.07880,0.53710,-0.28952,0.03608,0.21192,-0.68431,0.14336,0.36897,-0.85879,0.12502,0.46105,-0.76063,0.09036,0.51335,-0.63047,0.06616,0.18654,-0.69604,0.05089,0.38930,-0.92111,0.04135,0.49919,-0.80492,0.01307,0.53505,-0.64531,-0.01091,0.18150,-0.66179,-0.04346,0.37123,-0.90687,-0.05356,0.49002,-0.78856,-0.05700,0.53608,-0.62942,-0.06337,0.20429,-0.58912,-0.13352,0.36569,-0.76689,-0.14359,0.46384,-0.71023,-0.13543,0.51155,-0.60443,-0.13104
C,-0.00000,0.00000,0.00000,0.20354,-0.07585,0.07602,0.32384,-0.19798,0.07394,0.43666,-0.23517,0.03578,0.52587,-0.27651,-0.00911,0.22446,-0.67526,0.10812,0.37078,-0.86774,0.08151,0.46121,-0.77050,0.04616,0.50599,-0.63678,0.02259,0.19779,-0.68776,0.02877,0.38787,-0.92172,0.01026,0.49390,-0.80133,-0.01524,0.52490,-0.64512,-0.03492,0.18570,-0.65364,-0.05421,0.36652,-0.90135,-0.07313,0.48193,-0.78351,-0.07483,0.52498,-0.62442,-0.07742,0.19623,-0.57863,-0.13491,0.35395,-0.76131,-0.14907,0.45021,-0.70542,-0.14078,0.49565,-0.60071,-0.13524
C,-0.00000,0.00000,0.00000,0.20545,-0.08532,0.10851,0.32034,-0.21180,0.12225,0.43223,-0.24475,0.09231,0.52356,-0.28950,0.05232,0.21285,-0.68148,0.14746,0.36357,-0.86486,0.13294,0.45358,-0.76652,0.10327,0.49773,-0.63387,0.08174,0.18789,-0.69425,0.05156,0.37965,-0.92513,0.04371,0.48760,-0.80818,0.01997,0.51957,-0.65415,-0.00056,0.18100,-0.66137,-0.04623,0.36313,-0.91411,-0.05827,0.47826,-0.79522,-0.05924,0.52058,-0.63751,-0.06367,0.20056,-0.59155,-0.13936,0.35785,-0.77333,-0.15352,0.45181,-0.71321,-0.14633,0.49441,-0.60368,-0.14247
C,-0.00000,0.00000,0.00000,0.20467,-0.08442,0.08504,0.32309,-0.20858,0.08545,0.43464,-0.24290,0.04673,0.52404,-0.28547,0.00036,0.22639,-0.67179,0.11975,0.36919,-0.87339,0.09451,0.45554,-0.77597,0.05930,0.49741,-0.64131,0.03536,0.19898,-0.68232,0.03376,0.38632,-0.92237,0.01362,0.48840,-0.79703,-0.01426,0.51432,-0.63738,-0.03499,0.18562,-0.64944,-0.05558,0.36248,-0.90918,-0.07542,0.47524,-0.78665,-0.07706,0.51485,-0.62351,-0.07925,0.19465,-0.57780,-0.14208,0.34836,-0.76836,-0.15662,0.44245,-0.70811,-0.14724,0.48412,-0.59738,-0.14092
C,-0.00000,0.00000,0.00000,0.20740,-0.08283,0.10496,0.32533,-0.20926,0.11402,0.43845,-0.24183,0.07925,0.52635,-0.29372,0.03473,0.22650,-0.66742,0.14373,0.36873,-0.87587,0.12585,0.45563,-0.77319,0.09325,0.49779,-0.63794,0.06959,0.19785,-0.67755,0.04717,0.38249,-0.92396,0.03271,0.48622,-0.80047,0.00222,0.51344,-0.64138,-0.02234,0.18649,-0.64618,-0.05131,0.36054,-0.91134,-0.06622,0.47350,-0.78602,-0.06944,0.51364,-0.62262,-0.07499,0.19892,-0.57934,-0.14542,0.35247,-0.76960,-0.15638,0.44512,-0.70396,-0.14661,0.48599,-0.59250,-0.14199
C,-0.00000,0.00000,0.00000,0.20078,-0.07863,0.07759,0.32471,-0.20393,0.07448,0.44052,-0.24081,0.03428,0.52684,-0.28460,-0.01277,0.21970,-0.66883,0.11143,0.36492,-0.87993,0.08512,0.45510,-0.77415,0.04798,0.49959,-0.63473,0.02236,0.19324,-0.67782,0.03058,0.38324,-0.92365,0.01057,0.48668,-0.79675,-0.02044,0.51267,-0.63391,-0.04502,0.18312,-0.64453,-0.05339,0.35897,-0.90934,-0.07082,0.47258,-0.78356,-0.07475,0.51254,-0.61604,-0.08049,0.19531,-0.57522,-0.13499,0.34973,-0.76480,-0.14782,0.44186,-0.69833,-0.13959,0.48210,-0.58445,-0.13528
C,-0.00000,0.00000,0.00000,0.19656,-0.07953,0.05426,0.32923,-0.20353,0.03875,0.45088,-0.24108,-0.00692,0.53485,-0.28553,-0.05753,0.20872,-0.67188,0.07420,0.36248,-0.88297,0.03882,0.45697,-0.77885,-0.00468,0.50984,-0.63994,-0.03383,0.18680,-0.67535,0.00751,0.39001,-0.92081,-0.02030,0.49264,-0.79065,-0.05611,0.51997,-0.62250,-0.08424,0.17955,-0.63634,-0.06202,0.35860,-0.89993,-0.08136,0.47442,-0.78070,-0.08882,0.51825,-0.61273,-0.09743,0.19339,-0.56145,-0.13042,0.34669,-0.75162,-0.14378,0.44034,-0.69227,-0.13786,0.48358,-0.58283,-0.13511
C,-0.00000,0.00000,0.00000,0.20366,-0.08153,0.07654,0.32555,-0.20572,0.07298,0.43977,-0.24297,0.03306,0.52537,-0.29219,-0.01400,0.21678,-0.67920,0.10729,0.36670,-0.87758,0.08272,0.45503,-0.77065,0.04601,0.49737,-0.63207,0.02006,0.18962,-0.68998,0.02783,0.38384,-0.92340,0.00970,0.48602,-0.79554,-0.02095,0.51057,-0.63324,-0.04640,0.17915,-0.65566,-0.05426,0.35843,-0.90912,-0.07067,0.47120,-0.78478,-0.07614,0.50978,-0.61717,-0.08368,0.19264,-0.58382,-0.13385,0.34766,-0.77016,-0.14645,0.43955,-0.70625,-0.13926,0.47910,-0.59072,-0.13599
C,-0.00000,0.00000,0.00000,0.20933,-0.10998,0.11625,0.32159,-0.22974,0.12517,0.43249,-0.26013,0.08907,0.51712,-0.29672,0.04143,0.20302,-0.68294,0.13607,0.36584,-0.86618,0.11606,0.45617,-0.77115,0.08262,0.50521,-0.64029,0.05897,0.17589,-0.68334,0.03446,0.38355,-0.92352,0.02382,0.49175,-0.80583,-0.00143,0.52323,-0.64544,-0.02510,0.17364,-0.63842,-0.06713,0.36520,-0.90308,-0.07674,0.48164,-0.78278,-0.07618,0.52158,-0.62179,-0.08197,0.20403,-0.56156,-0.16305,0.36221,-0.75980,-0.17413,0.45343,-0.70519,-0.16413,0.49137,-0.59623,-0.16006
C,-0.00000,0.00000,0.00000,0.21890,-0.12636,0.18266,0.32890,-0.25023,0.22564,0.44232,-0.29006,0.21028,0.54022,-0.34058,0.17871,0.20772,-0.68742,0.21083,0.37108,-0.86541,0.21433,0.45541,-0.76661,0.19256,0.50421,-0.63539,0.17465,0.19021,-0.68626,0.08134,0.39426,-0.91900,0.09242,0.49177,-0.79235,0.07505,0.51776,-0.62601,0.05578,0.19412,-0.64876,-0.04343,0.38798,-0.91702,-0.02949,0.48877,-0.77709,-0.01665,0.51886,-0.61458,-0.01805,0.22547,-0.58004,-0.15821,0.39098,-0.76446,-0.15539,0.47198,-0.68478,-0.13534,0.49871,-0.56433,-0.12486
C,-0.00000,0.00000,0.00000,0.20413,-0.14971,0.16154,0.31369,-0.27407,0.19440,0.43010,-0.32223,0.17790,0.52314,-0.36218,0.14680,0.18518,-0.67220,0.15344,0.35957,-0.85980,0.14668,0.44438,-0.74795,0.12632,0.48891,-0.61886,0.11177,0.17223,-0.65506,0.04061,0.38439,-0.92317,0.03752,0.48033,-0.78854,0.02563,0.50180,-0.61836,0.01450,0.18378,-0.59871,-0.06488,0.37823,-0.90660,-0.05575,0.47289,-0.76810,-0.03093,0.49605,-0.61492,-0.02037,0.22226,-0.51701,-0.16054,0.39042,-0.73643,-0.16015,0.45893,-0.66925,-0.13500,0.47057,-0.56352,-0.11728
C,-0.00000,0.00000,0.00000,0.20166,-0.13923,0.16781,0.31121,-0.26306,0.20564,0.42700,-0.32178,0.19468,0.51993,-0.36044,0.16998,0.17345,-0.67041,0.15825,0.34445,-0.87105,0.15804,0.43302,-0.76330,0.14329,0.48015,-0.63682,0.13241,0.16251,-0.65385,0.04703,0.37295,-0.92785,0.05159,0.47262,-0.79279,0.04571,0.49649,-0.62426,0.03829,0.17862,-0.59604,-0.05578,0.37091,-0.91005,-0.03967,0.46843,-0.77028,-0.01167,0.49486,-0.61724,-0.00012,0.22395,-0.51332,-0.14802,0.39143,-0.73727,-0.14314,0.46370,-0.66512,-0.11609,0.47918,-0.55646,-0.09726
C,-0.00000,0.00000,0.00000,0.19912,-0.15079,0.14138,0.31479,-0.27953,0.16412,0.43664,-0.33004,0.14229,0.52172,-0.36342,0.10832,0.17742,-0.67233,0.13681,0.35159,-0.86596,0.12773,0.43721,-0.76422,0.10079,0.49250,-0.64031,0.08118,0.16949,-0.65075,0.03546,0.38414,-0.92328,0.03411,0.47726,-0.79768,0.01152,0.50611,-0.62241,-0.00973,0.18513,-0.59124,-0.05864,0.37242,-0.90306,-0.04045,0.46581,-0.77524,-0.02316,0.49705,-0.62161,-0.02144,0.22734,-0.50927,-0.14476,0.38867,-0.72864,-0.13532,0.45748,-0.67133,-0.11185,0.47814,-0.57493,-0.09758
C,-0.00000,0.00000,0.00000,0.19811,-0.13474,0.14360,0.31471,-0.26467,0.16998,0.43637,-0.31986,0.14987,0.52833,-0.36307,0.11643,0.18279,-0.66807,0.15170,0.35957,-0.85687,0.14974,0.44496,-0.75056,0.12773,0.49401,-0.62551,0.11085,0.17225,-0.65649,0.04812,0.38678,-0.92217,0.05518,0.47997,-0.78797,0.03851,0.50594,-0.61010,0.02147,0.18558,-0.60238,-0.04921,0.37637,-0.90118,-0.02800,0.46937,-0.76245,-0.00983,0.49992,-0.60733,-0.00717,0.22679,-0.51666,-0.13899,0.38932,-0.73345,-0.12645,0.45945,-0.66548,-0.10028,0.48216,-0.56029,-0.08441
C,-0.00000,0.00000,0.00000,0.21060,-0.13523,0.14887,0.31722,-0.26236,0.18007,0.42756,-0.30841,0.16398,0.51566,-0.35015,0.13492,0.18163,-0.68025,0.15797,0.35133,-0.86648,0.15708,0.43692,-0.75727,0.13800,0.48224,-0.63072,0.12364,0.17267,-0.67269,0.05320,0.37868,-0.92553,0.05976,0.47317,-0.79192,0.05016,0.49478,-0.62082,0.03968,0.18621,-0.62052,-0.04589,0.37832,-0.90144,-0.03064,0.47111,-0.76379,-0.00977,0.49517,-0.60783,-0.00277,0.22637,-0.53426,-0.13688,0.38956,-0.73889,-0.13144,0.45961,-0.66883,-0.10701,0.47583,-0.55823,-0.09031
C,-0.00000,0.00000,0.00000,0.20901,-0.13518,0.14720,0.31831,-0.26191,0.17736,0.42909,-0.30897,0.16033,0.51665,-0.35187,0.13081,0.18792,-0.68130,0.16051,0.35820,-0.86765,0.16010,0.44289,-0.75521,0.14000,0.48677,-0.62810,0.12455,0.17863,-0.67052,0.05586,0.38753,-0.92186,0.06390,0.47860,-0.78374,0.05327,0.49521,-0.61270,0.04132,0.19053,-0.61694,-0.04355,0.38190,-0.89792,-0.02754,0.47305,-0.75834,-0.00702,0.49455,-0.60175,-0.00036,0.22736,-0.52882,-0.13510,0.38947,-0.74064,-0.12649,0.46043,-0.66715,-0.09963,0.47636,-0.55520,-0.08192
C,-0.00000,0.00000,0.00000,0.20578,-0.14150,0.13560,0.31375,-0.26767,0.15580,0.42383,-0.32360,0.13055,0.50436,-0.36181,0.09278,0.17831,-0.68015,0.14292,0.35548,-0.88175,0.13692,0.43990,-0.76090,0.11056,0.48695,-0.62214,0.09015,0.16308,-0.67770,0.04278,0.38560,-0.92267,0.04355,0.47896,-0.78140,0.02303,0.49680,-0.60696,0.00157,0.17520,-0.62408,-0.05181,0.36954,-0.91607,-0.04044,0.46590,-0.77275,-0.02489,0.49221,-0.60565,-0.02424,0.21725,-0.54182,-0.13896,0.38018,-0.74046,-0.13382,0.45302,-0.66276,-0.11147,0.47372,-0.54780,-0.09900
C,-0.00000,0.00000,0.00000,0.20909,-0.14795,0.14493,0.31124,-0.27535,0.16847,0.41737,-0.32513,0.14371,0.50260,-0.36968,0.10515,0.18003,-0.68245,0.14928,0.35572,-0.87899,0.14256,0.43759,-0.76172,0.11766,0.48106,-0.62339,0.09846,0.16237,-0.68332,0.04127,0.38171,-0.92428,0.04034,0.47588,-0.78744,0.02140,0.49537,-0.62064,0.00144,0.17165,-0.63299,-0.06131,0.36744,-0.92281,-0.05644,0.46634,-0.78370,-0.04189,0.49424,-0.61797,-0.04082,0.21363,-0.55449,-0.15544,0.37489,-0.75564,-0.15669,0.44966,-0.68280,-0.13598,0.47231,-0.56661,-0.12431
C,-0.00000,0.00000,0.00000,0.21050,-0.13780,0.14959,0.31569,-0.26356,0.17309,0.42362,-0.31177,0.14946,0.51340,-0.36736,0.11157,0.17256,-0.67484,0.13279,0.35065,-0.86916,0.11803,0.43881,-0.75541,0.09265,0.48402,-0.62416,0.07569,0.15398,-0.65934,0.02239,0.36957,-0.92920,0.01389,0.47472,-0.79462,-0.00206,0.50641,-0.62542,-0.01721,0.16354,-0.60221,-0.08159,0.35254,-0.90996,-0.08360,0.45914,-0.77555,-0.06733,0.49426,-0.61332,-0.06196,0.20607,-0.52572,-0.17586,0.35673,-0.74842,-0.18385,0.44062,-0.69561,-0.16542,0.47576,-0.59619,-0.15282
C,-0.00000,0.00000,0.00000,0.20886,-0.11022,0.10946,0.32045,-0.24311,0.11739,0.43077,-0.28950,0.08671,0.51885,-0.33980,0.04477,0.16395,-0.69372,0.10175,0.34126,-0.88226,0.08420,0.43255,-0.77043,0.05503,0.47845,-0.63887,0.03499,0.14548,-0.68336,0.01324,0.36303,-0.93178,0.00629,0.46947,-0.79937,-0.01317,0.49997,-0.63754,-0.03306,0.15554,-0.62338,-0.07144,0.34588,-0.91330,-0.07462,0.45592,-0.78446,-0.06801,0.49377,-0.62359,-0.07085,0.20065,-0.53785,-0.14937,0.34985,-0.75382,-0.15842,0.43323,-0.69994,-0.14599,0.46973,-0.59705,-0.13863
C,-0.00000,0.00000,0.00000,0.20896,-0.11361,0.10499,0.32047,-0.23999,0.11364,0.42959,-0.28103,0.08151,0.51134,-0.33298,0.03942,0.18687,-0.68735,0.12373,0.34749,-0.87537,0.10767,0.43298,-0.76950,0.07643,0.47250,-0.63178,0.05431,0.16462,-0.68727,0.03428,0.36556,-0.93079,0.02792,0.46780,-0.80326,0.00497,0.49128,-0.64182,-0.01705,0.16584,-0.64330,-0.05464,0.34562,-0.92184,-0.05702,0.45526,-0.80121,-0.05560,0.48896,-0.64026,-0.06216,0.19745,-0.57119,-0.13859,0.34079,-0.78703,-0.14512,0.42755,-0.73303,-0.13484,0.46363,-0.61667,-0.13047
D,-0.00000,0.00000,0.00000,0.16756,-0.06146,0.08838,0.26688,-0.18479,0.10285,0.35328,-0.22550,0.08246,0.42635,-0.27865,0.04977,0.18831,-0.48707,0.09593,0.25986,-0.70008,0.09210,0.27738,-0.83370,0.07835,0.29473,-0.95558,0.05994,0.15619,-0.48076,0.01276,0.31678,-0.64019,-0.01803,0.37738,-0.52539,-0.03898,0.39374,-0.41353,-0.04802,0.14090,-0.43493,-0.06807,0.31184,-0.56537,-0.10024,0.37872,-0.43514,-0.09694,0.39746,-0.32743,-0.08798,0.14210,-0.35735,-0.14430,0.27608,-0.47281,-0.16791,0.34840,-0.41552,-0.15985,0.38766,-0.34398,-0.15058
D,-0.00000,0.00000,0.00000,0.16467,-0.04691,0.06217,0.25769,-0.16549,0.06471,0.34413,-0.21061,0.03837,0.42050,-0.26439,0.00281,0.17368,-0.49108,0.07229,0.25197,-0.70513,0.06745,0.27231,-0.83754,0.05590,0.28967,-0.95713,0.04008,0.14090,-0.49141,0.00663,0.31028,-0.62279,-0.02059,0.37004,-0.49089,-0.03273,0.37889,-0.37536,-0.03668,0.12819,-0.44794,-0.05868,0.30305,-0.56364,-0.08902,0.36948,-0.42756,-0.08191,0.38356,-0.30334,-0.07135,0.13577,-0.37203,-0.12165,0.27454,-0.46736,-0.14535,0.34329,-0.39978,-0.13850,0.37579,-0.30868,-0.12997
D,-0.00000,0.00000,0.00000,0.16633,-0.07192,0.03434,0.25521,-0.19187,0.02318,0.34309,-0.23113,-0.00945,0.41365,-0.27425,-0.04840,0.17248,-0.50584,0.03577,0.24370,-0.71551,0.02122,0.26273,-0.84185,0.00505,0.28161,-0.95953,-0.01211,0.13843,-0.50749,-0.01420,0.31144,-0.63094,-0.04809,0.36911,-0.50694,-0.06162,0.37714,-0.39526,-0.06623,0.12491,-0.46279,-0.06458,0.30102,-0.57306,-0.09495,0.36562,-0.44738,-0.08623,0.37996,-0.33037,-0.07441,0.13138,-0.38383,-0.11480,0.26435,-0.47081,-0.13500,0.33120,-0.41910,-0.12626,0.36552,-0.33820,-0.11598
D,-0.00000,0.00000,0.00000,0.15924,-0.06712,0.05333,0.25157,-0.18916,0.05159,0.34463,-0.22465,0.02379,0.42060,-0.26305,-0.01205,0.17097,-0.50956,0.05898,0.24636,-0.72032,0.05171,0.27012,-0.84296,0.03962,0.29288,-0.95615,0.02444,0.14027,-0.51245,0.00059,0.31330,-0.63663,-0.02574,0.37655,-0.50437,-0.03709,0.38527,-0.38486,-0.04136,0.12904,-0.47629,-0.05719,0.30366,-0.58260,-0.08332,0.36945,-0.44770,-0.07288,0.38096,-0.31685,-0.06084,0.13683,-0.41083,-0.11325,0.27186,-0.49453,-0.12897,0.33539,-0.43066,-0.11610,0.36237,-0.33329,-0.10380
D,-0.00000,0.00000,0.00000,0.15464,-0.01057,-0.00713,0.25537,-0.09347,-0.03984,0.35840,-0.12479,-0.08347,0.43413,-0.17715,-0.13155,0.14913,-0.49068,-0.02311,0.23544,-0.71535,-0.05231,0.26604,-0.84359,-0.07452,0.29296,-0.95613,-0.09391,0.11713,-0.49436,-0.04862,0.30855,-0.60784,-0.09745,0.37239,-0.45503,-0.11376,0.37880,-0.32021,-0.11677,0.11050,-0.45193,-0.07504,0.29967,-0.55730,-0.11619,0.37260,-0.41129,-0.10806,0.38702,-0.27399,-0.09372,0.12562,-0.37250,-0.10321,0.28108,-0.44628,-0.13277,0.34630,-0.37404,-0.12670,0.37015,-0.27865,-0.11406
D,-0.00000,0.00000,0.00000,0.15500,-0.01303,-0.00200,0.25807,-0.09245,-0.03481,0.36773,-0.11622,-0.08149,0.44836,-0.16812,-0.13400,0.14995,-0.50566,-0.00928,0.23795,-0.72322,-0.03457,0.26873,-0.84512,-0.05578,0.29489,-0.95553,-0.07535,0.11793,-0.50428,-0.03909,0.32722,-0.60931,-0.08500,0.39677,-0.44953,-0.10447,0.40421,-0.30533,-0.11071,0.11316,-0.45842,-0.06971,0.31538,-0.55379,-0.10915,0.39040,-0.39461,-0.10218,0.40527,-0.25063,-0.08918,0.12719,-0.37709,-0.10182,0.28580,-0.44765,-0.12852,0.35751,-0.37222,-0.12115,0.39241,-0.27923,-0.10839
D,-0.00000,0.00000,0.00000,0.16002,-0.05803,0.05464,0.26004,-0.17071,0.05614,0.35720,-0.21151,0.03197,0.43339,-0.25426,0.00035,0.16064,-0.52022,0.07177,0.24179,-0.73260,0.07125,0.26942,-0.84773,0.06171,0.29725,-0.95480,0.04717,0.12796,-0.52268,0.01520,0.31484,-0.64349,-0.01112,0.38657,-0.50929,-0.02931,0.40129,-0.37369,-0.03679,0.12043,-0.49257,-0.04025,0.30613,-0.58990,-0.06445,0.37863,-0.45618,-0.06185,0.39493,-0.31877,-0.05427,0.13327,-0.43356,-0.09353,0.28563,-0.49730,-0.11001,0.35476,-0.43077,-0.10438,0.38558,-0.33556,-0.09565
D,-0.00000,0.00000,0.00000,0.14653,-0.01755,-0.00326,0.25016,-0.09804,-0.03640,0.35769,-0.11646,-0.08274,0.43928,-0.16336,-0.13368,0.14510,-0.50926,-0.01691,0.22001,-0.73455,-0.04659,0.24380,-0.85885,-0.06929,0.26555,-0.96410,-0.08817,0.11041,-0.51185,-0.04596,0.30444,-0.61748,-0.09590,0.37893,-0.46701,-0.11432,0.39164,-0.32731,-0.11839,0.10062,-0.46380,-0.07636,0.29032,-0.56461,-0.11925,0.36954,-0.42210,-0.11411,0.38672,-0.28676,-0.10043,0.11048,-0.37714,-0.10788,0.25843,-0.46584,-0.13653,0.33663,-0.41563,-0.13085,0.37514,-0.33828,-0.11823
D,-0.00000,0.00000,0.00000,0.14710,-0.06622,0.03043,0.24561,-0.18841,0.01986,0.34172,-0.23524,-0.01099,0.41473,-0.28058,-0.04716,0.14743,-0.54038,0.04884,0.22251,-0.74358,0.04238,0.25255,-0.85520,0.02971,0.28013,-0.95996,0.01386,0.11883,-0.54025,0.00463,0.29321,-0.66713,-0.02219,0.36026,-0.54381,-0.03581,0.36949,-0.41773,-0.04001,0.11183,-0.50562,-0.04031,0.27907,-0.61403,-0.06370,0.35106,-0.49339,-0.05422,0.36662,-0.36613,-0.04173,0.12225,-0.43788,-0.08564,0.25669,-0.51315,-0.09884,0.32279,-0.45868,-0.08810,0.35095,-0.37239,-0.07579
D,-0.00000,0.00000,0.00000,0.14565,-0.06485,0.05720,0.24392,-0.19102,0.05930,0.34208,-0.23307,0.03366,0.41928,-0.27676,0.00007,0.15083,-0.53009,0.08674,0.22465,-0.73922,0.08994,0.25454,-0.85203,0.08193,0.28128,-0.95963,0.06727,0.12166,-0.53110,0.02664,0.29329,-0.66146,0.00532,0.35829,-0.53450,-0.01017,0.36660,-0.40613,-0.01667,0.11439,-0.50123,-0.03351,0.28212,-0.61492,-0.05762,0.35082,-0.48522,-0.05258,0.36509,-0.35329,-0.04333,0.12512,-0.44138,-0.09175,0.26384,-0.51809,-0.10617,0.32943,-0.44958,-0.09698,0.35793,-0.35509,-0.08712
D,-0.00000,0.00000,0.00000,0.15586,-0.07011,0.06376,0.25201,-0.17392,0.06207,0.34820,-0.21213,0.02988,0.42297,-0.26417,-0.01272,0.14769,-0.52489,0.09062,0.22414,-0.73855,0.09848,0.25406,-0.85265,0.09203,0.27824,-0.96051,0.07748,0.11600,-0.52314,0.02776,0.29817,-0.65457,0.01374,0.36786,-0.52697,-0.00118,0.37497,-0.39946,-0.00985,0.10849,-0.49418,-0.03397,0.28458,-0.59736,-0.04847,0.35505,-0.46955,-0.04334,0.36884,-0.33885,-0.03790,0.11793,-0.43817,-0.09359,0.25680,-0.50232,-0.09931,0.32578,-0.43791,-0.08886,0.35852,-0.35080,-0.08060
D,-0.00000,0.00000,0.00000,0.16109,-0.04811,0.02577,0.26052,-0.14077,0.00734,0.35883,-0.17188,-0.03080,0.43084,-0.21632,-0.07586,0.14617,-0.51402,0.02807,0.22550,-0.72614,0.01488,0.25461,-0.84839,-0.00210,0.27918,-0.96024,-0.02069,0.11428,-0.51169,-0.01424,0.30819,-0.62332,-0.04800,0.37617,-0.47612,-0.06288,0.38162,-0.33910,-0.06783,0.10721,-0.47331,-0.05635,0.29323,-0.56760,-0.08524,0.36359,-0.42551,-0.07567,0.37607,-0.28397,-0.06323,0.11802,-0.40528,-0.09870,0.26655,-0.46589,-0.11752,0.33493,-0.39194,-0.10781,0.36497,-0.29503,-0.09549
D,-0.00000,0.00000,0.00000,0.14870,-0.07371,0.06087,0.23897,-0.18014,0.06119,0.32894,-0.22532,0.03325,0.40318,-0.26292,-0.00493,0.14490,-0.53182,0.07946,0.21460,-0.73937,0.08308,0.23966,-0.85501,0.07448,0.25878,-0.96593,0.05831,0.11397,-0.52850,0.01893,0.29266,-0.63866,-0.00192,0.35782,-0.50145,-0.01762,0.36337,-0.37570,-0.02637,0.10809,-0.49630,-0.04044,0.28473,-0.58447,-0.06366,0.35064,-0.45143,-0.06010,0.36286,-0.32108,-0.05449,0.12013,-0.43896,-0.09748,0.26350,-0.49299,-0.11293,0.32475,-0.42015,-0.10666,0.35055,-0.33194,-0.10027
D,-0.00000,0.00000,0.00000,0.14466,-0.07939,0.03954,0.22998,-0.18228,0.03290,0.31953,-0.22833,0.00476,0.39102,-0.26492,-0.03154,0.13846,-0.53795,0.05327,0.20248,-0.74806,0.05248,0.22536,-0.85925,0.04185,0.24251,-0.97015,0.02560,0.10917,-0.53489,0.00756,0.28988,-0.64401,-0.01498,0.35483,-0.50578,-0.03025,0.36193,-0.37901,-0.03850,0.10480,-0.50111,-0.03733,0.28322,-0.58688,-0.05884,0.34806,-0.45604,-0.05420,0.36124,-0.32918,-0.04828,0.11842,-0.44242,-0.08134,0.26129,-0.49621,-0.09528,0.32150,-0.42465,-0.08805,0.34796,-0.33791,-0.08037
D,-0.00000,0.00000,0.00000,0.15788,-0.07888,0.03934,0.24234,-0.18005,0.03305,0.33139,-0.22345,0.00527,0.40488,-0.25604,-0.03249,0.15195,-0.54976,0.05127,0.21255,-0.75441,0.05266,0.23416,-0.86411,0.04434,0.25051,-0.96811,0.03048,0.11920,-0.54586,0.00893,0.30663,-0.63659,-0.00969,0.37619,-0.49138,-0.02329,0.38346,-0.36005,-0.03065,0.11289,-0.49902,-0.03173,0.30475,-0.56725,-0.04968,0.37071,-0.42566,-0.04473,0.38310,-0.29658,-0.03916,0.12449,-0.42082,-0.07102,0.27389,-0.45406,-0.08202,0.32930,-0.37961,-0.07472,0.35224,-0.29748,-0.06706
D,-0.00000,0.00000,0.00000,0.15452,-0.07331,0.05635,0.24434,-0.19285,0.06316,0.32984,-0.24432,0.04582,0.39807,-0.26764,0.02076,0.15217,-0.54039,0.07331,0.20687,-0.74851,0.07465,0.22343,-0.86509,0.06783,0.23780,-0.97131,0.05586,0.12025,-0.54100,0.02092,0.30327,-0.63076,-0.00122,0.36943,-0.48998,-0.01325,0.37851,-0.36317,-0.01644,0.11358,-0.50345,-0.03035,0.29883,-0.56152,-0.05357,0.36224,-0.42578,-0.04916,0.37361,-0.30112,-0.04027,0.12559,-0.43925,-0.07907,0.27221,-0.47952,-0.09597,0.33156,-0.40414,-0.09050,0.35764,-0.31646,-0.08154
D,-0.00000,0.00000,0.00000,0.16461,-0.10285,0.04496,0.24653,-0.21646,0.04211,0.33145,-0.26541,0.01644,0.39839,-0.29534,-0.01850,0.14988,-0.54881,0.04989,0.19884,-0.74397,0.04302,0.21568,-0.86227,0.03151,0.22794,-0.97368,0.01653,0.11817,-0.54562,0.00220,0.30070,-0.65103,-0.02948,0.37902,-0.50644,-0.04354,0.39428,-0.36958,-0.04780,0.10910,-0.49511,-0.04436,0.29693,-0.55710,-0.07367,0.36829,-0.42063,-0.07072,0.38454,-0.28935,-0.06322,0.11422,-0.41930,-0.08903,0.26041,-0.43959,-0.10508,0.32249,-0.37025,-0.10002,0.34939,-0.29124,-0.09358
D,-0.00000,0.00000,0.00000,0.16763,-0.07538,0.05251,0.25409,-0.19606,0.05379,0.33952,-0.24552,0.02919,0.41067,-0.28567,-0.00504,0.15918,-0.53917,0.06652,0.21739,-0.73550,0.06539,0.23217,-0.85687,0.05571,0.24370,-0.96985,0.04038,0.12982,-0.53800,0.01115,0.30716,-0.64720,-0.01235,0.37793,-0.50993,-0.02494,0.39032,-0.38586,-0.03071,0.12320,-0.49312,-0.04391,0.30542,-0.57905,-0.07162,0.37415,-0.44357,-0.06864,0.38977,-0.31225,-0.06238,0.13239,-0.42009,-0.09701,0.27562,-0.46637,-0.11905,0.34054,-0.39182,-0.11586,0.37129,-0.29903,-0.11064
D,-0.00000,0.00000,0.00000,0.15730,-0.06503,0.03954,0.25048,-0.18275,0.03671,0.33904,-0.24044,0.01219,0.40451,-0.28482,-0.01997,0.14746,-0.51891,0.05022,0.20263,-0.73159,0.04559,0.21615,-0.85834,0.03582,0.22682,-0.97394,0.02120,0.11695,-0.51828,0.00366,0.29593,-0.64335,-0.02407,0.36297,-0.49558,-0.03354,0.36976,-0.36755,-0.03510,0.11043,-0.47740,-0.04313,0.29444,-0.56543,-0.07335,0.35999,-0.42173,-0.06715,0.36963,-0.28437,-0.05712,0.12058,-0.40933,-0.08883,0.26965,-0.45877,-0.11317,0.33433,-0.37835,-0.11009,0.36073,-0.28444,-0.10355
D,-0.00000,0.00000,0.00000,0.15871,-0.06309,0.07619,0.24509,-0.18083,0.08792,0.32685,-0.22606,0.06793,0.39916,-0.26821,0.03527,0.15834,-0.51537,0.08554,0.20897,-0.72283,0.08726,0.21605,-0.85594,0.07651,0.22159,-0.97514,0.05844,0.12705,-0.50373,0.01517,0.29865,-0.61957,-0.00759,0.36448,-0.47668,-0.02103,0.37556,-0.35856,-0.02864,0.11732,-0.45734,-0.05356,0.30048,-0.53698,-0.08231,0.36359,-0.39620,-0.07865,0.37545,-0.27079,-0.07315,0.12269,-0.38641,-0.11880,0.26987,-0.43843,-0.14531,0.33637,-0.36126,-0.14369,0.36751,-0.27745,-0.14068
D,-0.00000,0.00000,0.00000,0.16436,-0.07456,0.08802,0.24592,-0.19222,0.10435,0.32276,-0.23091,0.08756,0.39225,-0.26900,0.05775,0.16080,-0.50439,0.08500,0.21196,-0.71445,0.08007,0.21736,-0.85395,0.06503,0.22058,-0.97537,0.04498,0.12997,-0.48917,0.00884,0.29298,-0.61552,-0.02138,0.35882,-0.47646,-0.03494,0.37386,-0.35984,-0.04122,0.11960,-0.43966,-0.06481,0.29627,-0.53850,-0.09936,0.36136,-0.40306,-0.09300,0.37681,-0.28060,-0.08420,0.12714,-0.36710,-0.13358,0.26658,-0.42756,-0.16353,0.32974,-0.35289,-0.16056,0.35919,-0.26952,-0.15590
D,-0.00000,0.00000,0.00000,0.15108,-0.08231,0.11639,0.22849,-0.19774,0.14814,0.29740,-0.25083,0.14274,0.36975,-0.28928,0.12338,0.17310,-0.49917,0.11326,0.23462,-0.70882,0.11660,0.24680,-0.84902,0.10869,0.25294,-0.96748,0.09419,0.14963,-0.47346,0.02406,0.30748,-0.60235,-0.00039,0.36881,-0.48058,-0.01305,0.38568,-0.37308,-0.01817,0.14152,-0.41842,-0.06044,0.31100,-0.52301,-0.09214,0.36767,-0.39725,-0.08479,0.37927,-0.29738,-0.07435,0.14922,-0.34395,-0.13705,0.28349,-0.42961,-0.16480,0.34354,-0.35696,-0.15768,0.37087,-0.28121,-0.14921
D,-0.00000,0.00000,0.00000,0.15401,-0.09585,0.11122,0.23156,-0.19772,0.13018,0.30430,-0.23083,0.11273,0.37910,-0.26384,0.07977,0.17069,-0.49631,0.07851,0.23329,-0.70592,0.06735,0.24249,-0.84842,0.04861,0.24353,-0.96989,0.02675,0.14532,-0.46661,-0.01169,0.30332,-0.59380,-0.04637,0.36283,-0.46646,-0.05642,0.37614,-0.36513,-0.06052,0.13535,-0.40588,-0.09634,0.30704,-0.51330,-0.13310,0.36372,-0.37947,-0.11590,0.37222,-0.27073,-0.09947,0.14083,-0.31964,-0.17351,0.27211,-0.41630,-0.20343,0.32902,-0.33979,-0.18845,0.35002,-0.25115,-0.17472
D,-0.00000,0.00000,0.00000,0.15026,-0.10323,0.12754,0.23015,-0.20718,0.15452,0.29988,-0.25307,0.14139,0.37539,-0.29340,0.11267,0.16905,-0.49772,0.09832,0.23132,-0.70196,0.09371,0.24164,-0.84626,0.08118,0.24646,-0.96915,0.06398,0.14840,-0.46345,0.00141,0.29705,-0.59089,-0.02880,0.35865,-0.46581,-0.03702,0.37881,-0.36468,-0.03971,0.14175,-0.40721,-0.08924,0.29929,-0.51901,-0.12536,0.35764,-0.39031,-0.11187,0.37266,-0.28037,-0.09780,0.14895,-0.33543,-0.17067,0.27432,-0.42560,-0.19991,0.33495,-0.35300,-0.18838,0.36393,-0.26672,-0.17756
D,-0.00000,0.00000,0.00000,0.15240,-0.10266,0.12270,0.22659,-0.20057,0.14647,0.28841,-0.24806,0.13278,0.35278,-0.29482,0.10459,0.16951,-0.49529,0.07967,0.22831,-0.70574,0.06726,0.24138,-0.85100,0.05224,0.24746,-0.96890,0.03499,0.14734,-0.46128,-0.01423,0.29333,-0.59169,-0.05227,0.35712,-0.46711,-0.05571,0.37773,-0.36652,-0.05271,0.13936,-0.39810,-0.10169,0.29794,-0.50447,-0.14437,0.35684,-0.37723,-0.12267,0.37193,-0.26974,-0.10025,0.14525,-0.31339,-0.17991,0.26683,-0.40674,-0.21253,0.32527,-0.33412,-0.19479,0.35118,-0.24450,-0.17722
D,-0.00000,0.00000,0.00000,0.14780,-0.09407,0.13435,0.22789,-0.18490,0.15864,0.29764,-0.22256,0.14305,0.37197,-0.26509,0.11223,0.17433,-0.48443,0.08378,0.23343,-0.69378,0.06876,0.24762,-0.84590,0.05114,0.25396,-0.96721,0.03283,0.15470,-0.44423,-0.01594,0.29509,-0.56950,-0.05125,0.35552,-0.44373,-0.05207,0.37681,-0.34762,-0.04812,0.14689,-0.38160,-0.10845,0.29913,-0.48364,-0.14962,0.35652,-0.35454,-0.12764,0.37167,-0.24897,-0.10591,0.15067,-0.30274,-0.19035,0.27064,-0.38641,-0.21880,0.33125,-0.30473,-0.19765,0.35870,-0.21086,-0.17887
D,-0.00000,0.00000,0.00000,0.15304,-0.08215,0.12628,0.23536,-0.17359,0.14597,0.31071,-0.19973,0.12571,0.38681,-0.23153,0.08976,0.17852,-0.47688,0.08603,0.23940,-0.68634,0.07109,0.25284,-0.84067,0.05163,0.25702,-0.96641,0.03099,0.15498,-0.44525,-0.01206,0.30674,-0.57049,-0.04632,0.36029,-0.43627,-0.04870,0.37353,-0.33540,-0.04584,0.14557,-0.38649,-0.10393,0.31092,-0.49118,-0.14252,0.36240,-0.35149,-0.11795,0.37079,-0.23967,-0.09462,0.15057,-0.30667,-0.18673,0.27670,-0.39089,-0.21415,0.33300,-0.30564,-0.19139,0.35584,-0.21142,-0.17120
D,-0.00000,0.00000,0.00000,0.14922,-0.09131,0.12815,0.22990,-0.18570,0.15176,0.30100,-0.22290,0.13593,0.37308,-0.26881,0.10482,0.17138,-0.48193,0.09082,0.23592,-0.69461,0.08035,0.25077,-0.84514,0.06359,0.25667,-0.96650,0.04442,0.14918,-0.44783,-0.00644,0.29883,-0.57353,-0.03875,0.35751,-0.44757,-0.04398,0.37546,-0.34865,-0.04392,0.14072,-0.38875,-0.09695,0.30426,-0.49384,-0.13391,0.35737,-0.35890,-0.11248,0.36815,-0.24985,-0.09246,0.14591,-0.31109,-0.17810,0.27278,-0.39153,-0.20550,0.32875,-0.30620,-0.18478,0.35177,-0.21293,-0.16633
D,-0.00000,0.00000,0.00000,0.15043,-0.09327,0.12503,0.23078,-0.18010,0.14424,0.30283,-0.21624,0.12340,0.37888,-0.25313,0.08723,0.17300,-0.48360,0.08476,0.23158,-0.69653,0.07074,0.24754,-0.84561,0.05433,0.25485,-0.96698,0.03629,0.15146,-0.45155,-0.01355,0.29501,-0.58314,-0.05076,0.35690,-0.45228,-0.05294,0.37544,-0.35227,-0.04912,0.14319,-0.39371,-0.10595,0.29917,-0.50491,-0.14968,0.35718,-0.37089,-0.12586,0.37066,-0.25977,-0.10171,0.14711,-0.31687,-0.18915,0.26785,-0.40651,-0.21869,0.32738,-0.32645,-0.19602,0.35257,-0.23393,-0.17555
D,-0.00000,0.00000,0.00000,0.14780,-0.09559,0.13060,0.22781,-0.18917,0.15494,0.29796,-0.22714,0.13941,0.37206,-0.26943,0.10917,0.17518,-0.48367,0.08963,0.23698,-0.69357,0.07748,0.25242,-0.84205,0.06165,0.25966,-0.96570,0.04420,0.15517,-0.44599,-0.00840,0.30149,-0.57349,-0.04314,0.36177,-0.44680,-0.04509,0.38076,-0.35154,-0.04134,0.14727,-0.38696,-0.10001,0.30195,-0.50049,-0.14142,0.35832,-0.37214,-0.11880,0.37088,-0.26418,-0.09527,0.15103,-0.31089,-0.18158,0.27229,-0.40925,-0.20886,0.33178,-0.33073,-0.18621,0.35624,-0.23368,-0.16567
D,-0.00000,0.00000,0.00000,0.15480,-0.09742,0.12221,0.23619,-0.19422,0.14384,0.30793,-0.23276,0.12725,0.37810,-0.27502,0.09617,0.17453,-0.49279,0.08775,0.23864,-0.70198,0.07892,0.25495,-0.84511,0.06398,0.26470,-0.96433,0.04614,0.15283,-0.45887,-0.00624,0.30137,-0.58199,-0.03692,0.36229,-0.45477,-0.04176,0.38053,-0.35680,-0.04173,0.14521,-0.39903,-0.09402,0.30315,-0.50185,-0.12894,0.35942,-0.37129,-0.10842,0.37177,-0.26302,-0.08914,0.14988,-0.31977,-0.17301,0.27055,-0.41052,-0.19677,0.32797,-0.33141,-0.17563,0.35224,-0.23903,-0.15745
D,-0.00000,0.00000,0.00000,0.15985,-0.10091,0.11904,0.24210,-0.19841,0.14045,0.31715,-0.22996,0.12349,0.38778,-0.26926,0.09164,0.17737,-0.49911,0.08951,0.24082,-0.70587,0.08251,0.25668,-0.84406,0.06832,0.26587,-0.96401,0.05041,0.15481,-0.46964,-0.00379,0.30528,-0.58793,-0.03248,0.36525,-0.45432,-0.03859,0.38087,-0.35062,-0.04036,0.14603,-0.41080,-0.09144,0.30393,-0.51679,-0.12518,0.36127,-0.38338,-0.10716,0.37431,-0.27299,-0.09028,0.15003,-0.33066,-0.17064,0.27152,-0.42694,-0.19446,0.32803,-0.35067,-0.17515,0.35300,-0.26010,-0.15882
D,-0.00000,0.00000,0.00000,0.16664,-0.10102,0.05375,0.24386,-0.21112,0.04989,0.32454,-0.24842,0.02098,0.38820,-0.28571,-0.01934,0.17286,-0.51755,0.04211,0.24029,-0.72170,0.03234,0.25680,-0.84135,0.01431,0.26915,-0.96310,-0.00711,0.14036,-0.50637,-0.01706,0.30407,-0.61346,-0.04705,0.36347,-0.47918,-0.06467,0.37241,-0.36389,-0.07585,0.12723,-0.44884,-0.07376,0.29321,-0.54752,-0.10231,0.35761,-0.41824,-0.09572,0.37282,-0.29831,-0.08830,0.13188,-0.36130,-0.12781,0.25784,-0.45026,-0.14735,0.31547,-0.39092,-0.13601,0.34257,-0.30831,-0.12597
D,-0.00000,0.00000,0.00000,0.16446,-0.10414,0.07679,0.24342,-0.21476,0.08080,0.32708,-0.24611,0.05263,0.39953,-0.29089,0.01176,0.17289,-0.51735,0.07320,0.23304,-0.72245,0.06800,0.24532,-0.84473,0.05193,0.25501,-0.96694,0.03066,0.13953,-0.50138,-0.00056,0.29820,-0.61642,-0.02987,0.35660,-0.47664,-0.04818,0.36414,-0.36047,-0.05937,0.12479,-0.44922,-0.07162,0.28909,-0.54828,-0.10056,0.35017,-0.40733,-0.09275,0.36071,-0.28432,-0.08436,0.12814,-0.36939,-0.13877,0.25462,-0.45463,-0.15819,0.31112,-0.38636,-0.14646,0.33460,-0.30002,-0.13690
D,-0.00000,0.00000,0.00000,0.16516,-0.10146,0.08818,0.24628,-0.21570,0.09857,0.32872,-0.25138,0.07340,0.40196,-0.29373,0.03545,0.17237,-0.51164,0.09333,0.23356,-0.71642,0.09222,0.24809,-0.84537,0.07832,0.25878,-0.96594,0.05807,0.14099,-0.49664,0.01214,0.29456,-0.61673,-0.01416,0.35223,-0.48341,-0.03127,0.35994,-0.36954,-0.04193,0.12625,-0.45193,-0.06684,0.28419,-0.56477,-0.09501,0.34753,-0.43389,-0.08842,0.36117,-0.31069,-0.08140,0.12906,-0.38170,-0.14157,0.25482,-0.47189,-0.16158,0.31504,-0.40311,-0.15146,0.34227,-0.31081,-0.14364
D,-0.00000,0.00000,0.00000,0.15793,-0.10631,0.09906,0.23566,-0.21730,0.11270,0.31494,-0.25717,0.08847,0.39069,-0.30287,0.05038,0.16347,-0.52069,0.10491,0.22470,-0.71806,0.10758,0.24112,-0.84756,0.09568,0.25456,-0.96706,0.07643,0.13457,-0.50361,0.01870,0.28725,-0.62300,-0.00094,0.34678,-0.49241,-0.01489,0.35709,-0.38033,-0.02454,0.12185,-0.46200,-0.06458,0.27589,-0.57944,-0.08813,0.33797,-0.45157,-0.07796,0.35090,-0.32820,-0.06982,0.12586,-0.39886,-0.14277,0.25176,-0.48593,-0.15954,0.30913,-0.41484,-0.14637,0.33151,-0.32269,-0.13705
D,-0.00000,0.00000,0.00000,0.15977,-0.11399,0.05252,0.24080,-0.22772,0.04680,0.32923,-0.26917,0.01511,0.39821,-0.31848,-0.02566,0.16142,-0.52766,0.04987,0.22547,-0.73307,0.03873,0.24153,-0.84832,0.02172,0.25318,-0.96742,0.00204,0.12769,-0.51769,-0.00802,0.28287,-0.65068,-0.03962,0.34595,-0.52140,-0.05519,0.35516,-0.40516,-0.06351,0.11464,-0.47062,-0.06474,0.27244,-0.58246,-0.09004,0.34086,-0.45464,-0.07970,0.35766,-0.33053,-0.06991,0.11898,-0.39661,-0.11977,0.24286,-0.47640,-0.13097,0.30524,-0.42149,-0.11729,0.33554,-0.34357,-0.10715
D,-0.00000,0.00000,0.00000,0.15489,-0.11126,0.02220,0.23675,-0.22959,0.00566,0.32563,-0.27792,-0.02774,0.39063,-0.32003,-0.06765,0.15268,-0.54300,0.01456,0.22222,-0.74363,-0.00061,0.23977,-0.85394,-0.01923,0.25317,-0.96742,-0.03899,0.12198,-0.53484,-0.02372,0.28472,-0.64961,-0.05364,0.34140,-0.52567,-0.06797,0.34889,-0.41784,-0.07616,0.11044,-0.48358,-0.06146,0.27205,-0.57406,-0.08387,0.33422,-0.45647,-0.07535,0.35095,-0.34214,-0.06727,0.11595,-0.40193,-0.09952,0.24037,-0.47836,-0.11082,0.29667,-0.42476,-0.09863,0.32492,-0.34590,-0.08800
D,-0.00000,0.00000,0.00000,0.15880,-0.10520,0.03080,0.23637,-0.22586,0.01852,0.31975,-0.27253,-0.01295,0.38454,-0.31571,-0.05187,0.15570,-0.53748,0.02267,0.22247,-0.73755,0.00785,0.23909,-0.85136,-0.01086,0.25171,-0.96780,-0.03105,0.12268,-0.52938,-0.02126,0.28461,-0.63498,-0.05131,0.34218,-0.51047,-0.06508,0.35026,-0.40330,-0.07315,0.11017,-0.47531,-0.06464,0.27191,-0.57179,-0.08935,0.33471,-0.45290,-0.08070,0.35023,-0.33692,-0.07248,0.11569,-0.39357,-0.10764,0.24170,-0.47219,-0.12322,0.29791,-0.41449,-0.11272,0.32352,-0.33123,-0.10293
D,-0.00000,0.00000,0.00000,0.16143,-0.10630,0.04253,0.23843,-0.22432,0.03364,0.32314,-0.26718,0.00222,0.39179,-0.30979,-0.03775,0.15584,-0.53522,0.03732,0.22452,-0.73438,0.02607,0.24094,-0.84972,0.00856,0.25373,-0.96727,-0.01172,0.12252,-0.52735,-0.01422,0.28556,-0.63370,-0.04116,0.34111,-0.50366,-0.05407,0.34748,-0.39492,-0.06219,0.11098,-0.47520,-0.06480,0.27466,-0.57131,-0.08673,0.33531,-0.44857,-0.07643,0.34833,-0.33307,-0.06804,0.11851,-0.39561,-0.11445,0.24592,-0.47666,-0.12833,0.30244,-0.42050,-0.11676,0.32801,-0.33933,-0.10702
D,-0.00000,0.00000,0.00000,0.15905,-0.10753,0.02847,0.23859,-0.22752,0.01407,0.32513,-0.27596,-0.01913,0.39389,-0.31635,-0.06005,0.15501,-0.54012,0.02071,0.22232,-0.73723,0.00714,0.23896,-0.85067,-0.01145,0.25238,-0.96763,-0.03215,0.12235,-0.53341,-0.02268,0.28758,-0.63395,-0.05114,0.34474,-0.50832,-0.06546,0.35236,-0.40166,-0.07456,0.11068,-0.48098,-0.06534,0.27347,-0.57161,-0.08847,0.33525,-0.45328,-0.08037,0.34976,-0.33945,-0.07310,0.11682,-0.39949,-0.10789,0.24287,-0.48105,-0.12235,0.29880,-0.42736,-0.11154,0.32446,-0.34631,-0.10182
D,-0.00000,0.00000,0.00000,0.14695,-0.10933,0.01405,0.22806,-0.22522,-0.00493,0.31759,-0.27241,-0.03944,0.38544,-0.31399,-0.08030,0.14889,-0.52461,0.00518,0.21284,-0.73007,-0.01688,0.22984,-0.84971,-0.03863,0.24290,-0.97005,-0.05951,0.11948,-0.51824,-0.02997,0.27861,-0.64262,-0.07054,0.33220,-0.51225,-0.08822,0.33798,-0.39592,-0.09566,0.10705,-0.47461,-0.06533,0.26524,-0.57635,-0.09831,0.32833,-0.45576,-0.09144,0.34579,-0.33699,-0.08098,0.11143,-0.40037,-0.10147,0.23137,-0.48440,-0.11908,0.28898,-0.43066,-0.10825,0.31832,-0.35000,-0.09703
D,-0.00000,0.00000,0.00000,0.15659,-0.09404,0.05411,0.23795,-0.21569,0.05079,0.32437,-0.25039,0.02052,0.39678,-0.29721,-0.01866,0.16469,-0.50890,0.05566,0.22574,-0.72166,0.04369,0.24140,-0.84758,0.02523,0.25337,-0.96737,0.00427,0.13085,-0.49995,-0.00651,0.27640,-0.63195,-0.04146,0.33372,-0.50150,-0.05907,0.34049,-0.38402,-0.06758,0.11218,-0.45529,-0.06828,0.26389,-0.57459,-0.10014,0.32594,-0.44501,-0.09186,0.33758,-0.32012,-0.08159,0.11102,-0.38446,-0.12837,0.23374,-0.47499,-0.14811,0.29200,-0.41090,-0.13674,0.31615,-0.32005,-0.12639
D,-0.00000,0.00000,0.00000,0.14911,-0.08069,0.08605,0.23765,-0.21629,0.09702,0.32045,-0.25391,0.07156,0.39488,-0.30215,0.03571,0.16450,-0.50639,0.10384,0.22016,-0.71953,0.09771,0.23422,-0.85523,0.08267,0.24495,-0.96954,0.06328,0.12723,-0.49289,0.02054,0.26305,-0.63272,-0.01505,0.32087,-0.50547,-0.03425,0.33019,-0.38916,-0.04160,0.10502,-0.45733,-0.06267,0.24178,-0.59575,-0.10043,0.31094,-0.46340,-0.09375,0.32786,-0.33431,-0.08212,0.10128,-0.40144,-0.14190,0.21733,-0.49657,-0.16778,0.28284,-0.42977,-0.15971,0.31176,-0.33859,-0.15094
D,-0.00000,0.00000,0.00000,0.14017,-0.06107,0.02343,0.22795,-0.19475,0.01524,0.31451,-0.23634,-0.01182,0.38555,-0.26748,-0.04377,0.16176,-0.50233,0.02756,0.21901,-0.72489,0.00529,0.23302,-0.85494,-0.01502,0.24112,-0.97050,-0.03312,0.12333,-0.50561,-0.01425,0.26991,-0.61350,-0.05957,0.32741,-0.47569,-0.07543,0.33240,-0.35653,-0.07792,0.09949,-0.46324,-0.05813,0.24976,-0.56486,-0.09924,0.31600,-0.42961,-0.09250,0.32873,-0.30294,-0.07824,0.09413,-0.39049,-0.10223,0.21101,-0.46798,-0.12724,0.27575,-0.40596,-0.11941,0.30440,-0.31665,-0.10775
D,-0.00000,0.00000,0.00000,0.14965,-0.06830,0.01992,0.23860,-0.19774,0.00960,0.33132,-0.23559,-0.01639,0.40636,-0.25994,-0.04786,0.16666,-0.50867,0.01242,0.22918,-0.72102,-0.00851,0.24745,-0.84815,-0.02601,0.26104,-0.96533,-0.04205,0.13537,-0.51232,-0.02419,0.29223,-0.62709,-0.06505,0.34891,-0.48805,-0.07700,0.35421,-0.36667,-0.07718,0.12149,-0.46482,-0.06121,0.28194,-0.55160,-0.09684,0.34583,-0.41722,-0.08785,0.35940,-0.29625,-0.07343,0.12611,-0.38210,-0.09830,0.25256,-0.43935,-0.11777,0.31609,-0.37654,-0.10746,0.34554,-0.29397,-0.09496
D,-0.00000,0.00000,0.00000,0.15918,-0.10021,0.12722,0.23947,-0.20929,0.15345,0.31814,-0.24430,0.13617,0.39872,-0.28211,0.10388,0.16360,-0.51364,0.12762,0.23469,-0.71283,0.13623,0.25849,-0.84525,0.13446,0.27943,-0.96017,0.12358,0.14479,-0.50241,0.02914,0.30029,-0.62058,0.01126,0.35754,-0.48846,0.00796,0.36696,-0.36744,0.00939,0.14332,-0.45843,-0.06476,0.30659,-0.56628,-0.08955,0.36155,-0.43251,-0.07138,0.36724,-0.30974,-0.05450,0.15793,-0.38808,-0.15090,0.28801,-0.46342,-0.16974,0.33821,-0.38829,-0.15378,0.35053,-0.29669,-0.13994
D,-0.00000,0.00000,0.00000,0.15068,-0.09612,0.15638,0.23034,-0.18978,0.19348,0.30290,-0.23168,0.18470,0.38637,-0.27086,0.16119,0.16439,-0.50774,0.13556,0.22898,-0.70853,0.14159,0.25545,-0.84635,0.13964,0.27815,-0.96054,0.13105,0.15269,-0.48349,0.02864,0.29941,-0.61321,0.01674,0.35425,-0.47614,0.02875,0.36183,-0.35965,0.04111,0.15702,-0.43541,-0.07155,0.30769,-0.55139,-0.09337,0.35852,-0.41105,-0.06316,0.35841,-0.28727,-0.03746,0.17183,-0.37165,-0.16044,0.29455,-0.45815,-0.17513,0.34617,-0.37147,-0.14945,0.35554,-0.27090,-0.12809
D,-0.00000,0.00000,0.00000,0.14167,-0.09830,0.15535,0.22010,-0.19956,0.19801,0.29156,-0.25295,0.19753,0.36857,-0.29850,0.18282,0.14829,-0.50798,0.13603,0.21364,-0.71615,0.14622,0.23636,-0.85414,0.14855,0.25749,-0.96628,0.14286,0.13999,-0.48261,0.03464,0.29571,-0.61870,0.02370,0.34879,-0.48588,0.03715,0.35616,-0.37168,0.05156,0.15051,-0.43289,-0.05945,0.31115,-0.55550,-0.07820,0.35684,-0.42613,-0.04625,0.35500,-0.31539,-0.01879,0.17147,-0.36558,-0.14236,0.29969,-0.45983,-0.15957,0.34525,-0.38402,-0.13736,0.35007,-0.29598,-0.11672
D,-0.00000,0.00000,0.00000,0.13780,-0.10401,0.16439,0.21154,-0.20284,0.21490,0.27873,-0.26109,0.22204,0.35108,-0.30648,0.21533,0.13813,-0.50985,0.14997,0.19872,-0.71695,0.16821,0.21965,-0.85541,0.17415,0.24093,-0.97054,0.17022,0.13234,-0.48570,0.04958,0.28181,-0.61383,0.04908,0.33400,-0.47622,0.06452,0.34439,-0.36060,0.07809,0.14560,-0.43735,-0.04243,0.30018,-0.54653,-0.05087,0.34256,-0.41239,-0.02108,0.34235,-0.30321,0.00195,0.16936,-0.37329,-0.12233,0.29267,-0.45622,-0.13044,0.33463,-0.37700,-0.10773,0.33950,-0.28996,-0.08873
D,-0.00000,0.00000,0.00000,0.13318,-0.11054,0.16527,0.20859,-0.21061,0.21644,0.27528,-0.26777,0.22481,0.34467,-0.31895,0.21986,0.13372,-0.51395,0.14521,0.19326,-0.71722,0.15635,0.21527,-0.85561,0.15665,0.23602,-0.97175,0.14955,0.12636,-0.48556,0.04408,0.27291,-0.62019,0.03774,0.32401,-0.48468,0.05198,0.33168,-0.37218,0.06536,0.13846,-0.43590,-0.04886,0.29139,-0.55206,-0.06408,0.33396,-0.41618,-0.03360,0.33066,-0.30672,-0.00812,0.16060,-0.37193,-0.12923,0.28655,-0.45920,-0.14071,0.32849,-0.37809,-0.11686,0.32889,-0.29110,-0.09627
D,-0.00000,0.00000,0.00000,0.13561,-0.11356,0.16552,0.21156,-0.21295,0.21244,0.27949,-0.27015,0.21596,0.35110,-0.31845,0.20566,0.13863,-0.51028,0.14188,0.19889,-0.71766,0.15136,0.21926,-0.85689,0.15161,0.23898,-0.97103,0.14577,0.13218,-0.48081,0.04002,0.27449,-0.61655,0.03586,0.32615,-0.49155,0.05370,0.33748,-0.38712,0.06961,0.14370,-0.43182,-0.05378,0.29145,-0.55435,-0.06641,0.33547,-0.43010,-0.03451,0.33583,-0.32689,-0.00850,0.16317,-0.36999,-0.13488,0.28524,-0.46310,-0.14137,0.32886,-0.38739,-0.11374,0.33258,-0.30020,-0.09102
D,-0.00000,0.00000,0.00000,0.13638,-0.10177,0.16117,0.21433,-0.20446,0.20375,0.28597,-0.25744,0.20129,0.36139,-0.30462,0.18370,0.13445,-0.50766,0.13986,0.19405,-0.71760,0.15012,0.21613,-0.85678,0.15178,0.23682,-0.97155,0.14541,0.12708,-0.47931,0.03428,0.26987,-0.62061,0.02472,0.32494,-0.48556,0.03536,0.33723,-0.37610,0.04631,0.13764,-0.43040,-0.06336,0.28424,-0.55921,-0.08118,0.33487,-0.42317,-0.05478,0.33967,-0.31309,-0.03301,0.15785,-0.37010,-0.14884,0.27793,-0.46516,-0.16146,0.32843,-0.38347,-0.13922,0.34027,-0.29441,-0.12085
D,-0.00000,0.00000,0.00000,0.14122,-0.11423,0.14223,0.21672,-0.21499,0.17755,0.28253,-0.26960,0.17211,0.35235,-0.32889,0.15392,0.13758,-0.50805,0.11172,0.19340,-0.71661,0.10409,0.21294,-0.85799,0.09259,0.22929,-0.97336,0.07881,0.12373,-0.47456,0.01374,0.26065,-0.63092,-0.01261,0.31998,-0.49549,-0.00441,0.32975,-0.38389,0.00684,0.12596,-0.42353,-0.07852,0.27061,-0.57049,-0.11530,0.32603,-0.43661,-0.08639,0.32786,-0.31761,-0.05801,0.13863,-0.35869,-0.15962,0.25664,-0.46832,-0.18384,0.30850,-0.38976,-0.16030,0.31477,-0.29613,-0.13901
D,-0.00000,0.00000,0.00000,0.15700,-0.12425,0.09997,0.23300,-0.25454,0.11609,0.30842,-0.29830,0.09432,0.37803,-0.34659,0.06035,0.14313,-0.52230,0.11014,0.20272,-0.73128,0.11443,0.21990,-0.85598,0.10697,0.23485,-0.97203,0.09138,0.11334,-0.51037,0.02300,0.25475,-0.65337,-0.00091,0.31407,-0.53460,-0.01534,0.32327,-0.42359,-0.02283,0.10221,-0.46985,-0.06170,0.24794,-0.60791,-0.08980,0.31440,-0.48310,-0.08386,0.32945,-0.36235,-0.07625,0.10991,-0.40621,-0.14076,0.23105,-0.51135,-0.15962,0.29087,-0.44289,-0.14951,0.31592,-0.34663,-0.14166
D,-0.00000,0.00000,0.00000,0.14392,-0.09452,0.08552,0.22776,-0.22763,0.09886,0.30849,-0.27663,0.07670,0.38113,-0.33660,0.04435,0.14099,-0.50702,0.10045,0.19163,-0.72265,0.09471,0.20911,-0.85896,0.08275,0.22385,-0.97462,0.06546,0.10259,-0.49846,0.01808,0.23322,-0.67001,-0.01712,0.29542,-0.55357,-0.03232,0.30805,-0.43754,-0.03551,0.07973,-0.46158,-0.06397,0.21817,-0.61714,-0.10481,0.28739,-0.48932,-0.09350,0.30293,-0.36604,-0.07663,0.07822,-0.40162,-0.14180,0.19704,-0.51178,-0.17052,0.26379,-0.45111,-0.16037,0.29128,-0.36894,-0.14873
D,-0.00000,0.00000,0.00000,0.14013,-0.08993,0.08233,0.22466,-0.22785,0.09687,0.30440,-0.28489,0.07655,0.37693,-0.34196,0.04699,0.14922,-0.50584,0.10182,0.19922,-0.72564,0.09431,0.21859,-0.85971,0.08276,0.23202,-0.97271,0.06652,0.10901,-0.49626,0.02089,0.22902,-0.66323,-0.01933,0.29096,-0.54220,-0.03549,0.30351,-0.42669,-0.03771,0.08126,-0.46343,-0.06079,0.20502,-0.61922,-0.10659,0.27375,-0.49200,-0.09840,0.28882,-0.37022,-0.08217,0.07279,-0.41369,-0.13832,0.18133,-0.52326,-0.17018,0.24665,-0.45742,-0.16284,0.26986,-0.36931,-0.15270
D,-0.00000,0.00000,0.00000,0.13210,-0.08192,0.05573,0.21749,-0.21780,0.05846,0.29920,-0.27866,0.03229,0.37014,-0.34012,-0.00072,0.15274,-0.50225,0.07491,0.19994,-0.72638,0.05875,0.21821,-0.85885,0.04258,0.22936,-0.97334,0.02472,0.10924,-0.49620,0.00769,0.22206,-0.66423,-0.03812,0.28472,-0.54443,-0.05538,0.29808,-0.42761,-0.05743,0.07709,-0.46476,-0.06209,0.19175,-0.62346,-0.10931,0.26264,-0.50112,-0.10128,0.28030,-0.37874,-0.08470,0.06189,-0.41482,-0.13005,0.16664,-0.51999,-0.16124,0.23207,-0.45907,-0.15438,0.25540,-0.37255,-0.14410
D,-0.00000,0.00000,0.00000,0.13119,-0.07811,0.05637,0.21572,-0.21600,0.05987,0.29663,-0.27982,0.03460,0.36833,-0.34311,0.00236,0.15685,-0.50291,0.07556,0.20376,-0.72465,0.06023,0.22318,-0.85668,0.04467,0.23550,-0.97187,0.02717,0.11333,-0.49819,0.00811,0.22285,-0.67358,-0.03708,0.28508,-0.55511,-0.05495,0.30020,-0.43843,-0.05753,0.08099,-0.46850,-0.06160,0.19364,-0.62783,-0.10814,0.26421,-0.50418,-0.10128,0.28286,-0.38163,-0.08590,0.06626,-0.41967,-0.12930,0.17043,-0.52388,-0.15865,0.23452,-0.45937,-0.15130,0.25735,-0.37063,-0.14141
D,-0.00000,0.00000,0.00000,0.12998,-0.07657,0.04866,0.21744,-0.21286,0.04968,0.30032,-0.27587,0.02385,0.37034,-0.33734,-0.00808,0.15863,-0.49831,0.06789,0.20637,-0.72237,0.04941,0.22531,-0.85479,0.03114,0.23671,-0.97158,0.01188,0.11481,-0.49404,0.00472,0.22369,-0.66833,-0.04344,0.28418,-0.54908,-0.06296,0.29758,-0.43083,-0.06654,0.08115,-0.46509,-0.06138,0.19229,-0.62724,-0.10973,0.26206,-0.50307,-0.10428,0.27939,-0.37828,-0.08959,0.06329,-0.41776,-0.12608,0.16719,-0.52368,-0.15768,0.23076,-0.45748,-0.15238,0.25253,-0.36621,-0.14357
E,-0.00000,0.00000,0.00000,0.13682,-0.07310,-0.05979,0.21576,-0.35643,-0.08227,0.16481,-0.57303,-0.10806,0.05681,-0.53762,-0.12103,0.18668,-0.65448,0.01672,0.23044,-0.90899,-0.03995,0.25233,-0.79700,-0.07629,0.23102,-0.65471,-0.09332,0.11346,-0.69039,0.01831,0.15643,-0.98769,-0.04443,0.19023,-0.86073,-0.06402,0.16885,-0.71400,-0.05709,0.03987,-0.68668,0.00334,0.06943,-0.97804,-0.05402,0.11139,-0.86015,-0.05668,0.09994,-0.71556,-0.03858,-0.04422,-0.65054,-0.02024,0.00910,-0.85946,-0.06267,0.04650,-0.78839,-0.07090,0.03938,-0.65868,-0.06403
E,-0.00000,0.00000,0.00000,0.13850,-0.06879,-0.06201,0.21933,-0.35181,-0.08562,0.16674,-0.57212,-0.11150,0.05638,-0.54325,-0.12403,0.19539,-0.64298,0.00772,0.24150,-0.89650,-0.05162,0.25913,-0.78254,-0.09018,0.23646,-0.63714,-0.10847,0.11941,-0.68448,0.01120,0.16177,-0.98683,-0.05262,0.19283,-0.85978,-0.07246,0.17163,-0.71040,-0.06634,0.04462,-0.68419,-0.00160,0.07224,-0.97705,-0.05689,0.11251,-0.86461,-0.05968,0.10148,-0.71807,-0.04270,-0.04132,-0.65053,-0.02345,0.01114,-0.85192,-0.06321,0.04680,-0.79613,-0.07336,0.04065,-0.67649,-0.06904
E,-0.00000,0.00000,0.00000,0.13689,-0.07107,-0.05599,0.21901,-0.35491,-0.07657,0.16938,-0.57721,-0.10098,0.06264,-0.55004,-0.11327,0.19665,-0.64135,0.01550,0.24195,-0.89885,-0.03943,0.26026,-0.79176,-0.07552,0.23712,-0.65161,-0.09302,0.12355,-0.68286,0.01616,0.16465,-0.98635,-0.04427,0.19664,-0.86491,-0.06327,0.17620,-0.71793,-0.05715,0.05024,-0.68515,0.00106,0.08047,-0.98109,-0.05270,0.12118,-0.86825,-0.05593,0.10950,-0.72331,-0.03986,-0.03389,-0.65483,-0.02253,0.02181,-0.86361,-0.06258,0.06014,-0.79533,-0.07201,0.05302,-0.66535,-0.06754
E,-0.00000,0.00000,0.00000,0.13762,-0.06911,-0.05884,0.21802,-0.35574,-0.08016,0.16637,-0.57618,-0.10477,0.05748,-0.53990,-0.11663,0.19267,-0.64425,0.01163,0.23938,-0.90157,-0.04431,0.25862,-0.79103,-0.08061,0.23708,-0.64775,-0.09835,0.11879,-0.68507,0.01350,0.16094,-0.98696,-0.04835,0.19404,-0.86292,-0.06782,0.17476,-0.71475,-0.06221,0.04612,-0.68493,-0.00052,0.07486,-0.97974,-0.05487,0.11705,-0.86533,-0.05682,0.10760,-0.72037,-0.03984,-0.03775,-0.65183,-0.02338,0.01412,-0.85999,-0.06330,0.05175,-0.79493,-0.07245,0.04653,-0.66808,-0.06780
E,-0.00000,0.00000,0.00000,0.13724,-0.07120,-0.05895,0.21766,-0.36062,-0.07989,0.16154,-0.57607,-0.10367,0.05078,-0.54154,-0.11502,0.19356,-0.64693,0.01283,0.23900,-0.90133,-0.04313,0.25557,-0.78388,-0.07861,0.23051,-0.64561,-0.09549,0.12024,-0.68789,0.01510,0.15996,-0.98712,-0.04714,0.19089,-0.85241,-0.06412,0.17058,-0.70554,-0.05547,0.04697,-0.68898,0.00118,0.07617,-0.97894,-0.05562,0.11588,-0.85449,-0.05794,0.10369,-0.71022,-0.03984,-0.03692,-0.65738,-0.02135,0.01929,-0.86064,-0.06386,0.05630,-0.78386,-0.07331,0.04754,-0.65568,-0.06787
E,-0.00000,0.00000,0.00000,0.13829,-0.06832,-0.06353,0.21712,-0.35543,-0.08653,0.15939,-0.57182,-0.11193,0.04624,-0.52944,-0.12400,0.19471,-0.64282,0.00829,0.24333,-0.89819,-0.04897,0.26370,-0.79272,-0.08547,0.24140,-0.65062,-0.10322,0.11957,-0.68526,0.01224,0.16144,-0.98688,-0.05149,0.19528,-0.86756,-0.07143,0.17606,-0.71724,-0.06577,0.04587,-0.68530,-0.00035,0.07239,-0.97481,-0.05556,0.11496,-0.86719,-0.05942,0.10547,-0.72265,-0.04333,-0.03919,-0.65202,-0.02237,0.01153,-0.85777,-0.06265,0.05017,-0.80383,-0.07445,0.04616,-0.68423,-0.07158
E,-0.00000,0.00000,0.00000,0.14301,-0.06782,-0.05823,0.22192,-0.36152,-0.07841,0.16325,-0.57353,-0.10206,0.05374,-0.53345,-0.11413,0.19454,-0.64245,0.01629,0.24224,-0.89936,-0.03990,0.25838,-0.78552,-0.07640,0.23547,-0.63892,-0.09346,0.12074,-0.68467,0.01796,0.16832,-0.98573,-0.04372,0.19586,-0.85805,-0.06341,0.17362,-0.70825,-0.05707,0.04653,-0.68806,0.00324,0.07780,-0.98577,-0.05460,0.11677,-0.86522,-0.06004,0.10616,-0.71756,-0.04421,-0.03873,-0.65845,-0.01984,0.01556,-0.86518,-0.06397,0.05196,-0.78286,-0.07433,0.04454,-0.64616,-0.06944
E,-0.00000,0.00000,0.00000,0.14018,-0.07246,-0.05295,0.22316,-0.34978,-0.07298,0.17359,-0.56059,-0.09833,0.06988,-0.52659,-0.11316,0.19993,-0.63570,0.01599,0.25178,-0.89028,-0.03806,0.26991,-0.79595,-0.07540,0.24198,-0.65923,-0.09518,0.12651,-0.67939,0.01388,0.17019,-0.98541,-0.04634,0.20608,-0.86639,-0.06762,0.18274,-0.71369,-0.06436,0.05408,-0.68110,-0.00344,0.08328,-0.98198,-0.05629,0.13011,-0.87005,-0.06044,0.11875,-0.71896,-0.04573,-0.02824,-0.64973,-0.02932,0.01766,-0.86758,-0.06871,0.06234,-0.80589,-0.07829,0.05997,-0.67317,-0.07464
E,-0.00000,0.00000,0.00000,0.14762,-0.07249,-0.05534,0.23624,-0.34777,-0.07672,0.19029,-0.57132,-0.10385,0.08262,-0.55075,-0.11994,0.20992,-0.63203,0.01483,0.26832,-0.89172,-0.04262,0.28488,-0.80054,-0.08126,0.25623,-0.66111,-0.10086,0.13554,-0.67555,0.01307,0.18444,-0.98284,-0.04982,0.22000,-0.87870,-0.07354,0.19661,-0.73334,-0.07224,0.06201,-0.68108,-0.00463,0.09223,-0.98790,-0.06107,0.14226,-0.88695,-0.06697,0.13363,-0.73930,-0.05300,-0.02326,-0.65478,-0.03097,0.02261,-0.89028,-0.07189,0.06963,-0.82710,-0.08173,0.07012,-0.68431,-0.07805
E,-0.00000,0.00000,0.00000,0.15199,-0.07461,-0.04760,0.23796,-0.35206,-0.06502,0.19335,-0.57311,-0.09125,0.09233,-0.53199,-0.10766,0.20824,-0.63726,0.03011,0.26200,-0.89180,-0.02431,0.28345,-0.81612,-0.06515,0.26228,-0.67273,-0.08755,0.13556,-0.68132,0.02405,0.18477,-0.98278,-0.03907,0.22463,-0.89199,-0.07027,0.20495,-0.73716,-0.07468,0.06682,-0.68729,0.00255,0.09696,-0.99236,-0.04749,0.14710,-0.89925,-0.05479,0.13919,-0.74905,-0.04322,-0.01544,-0.66232,-0.02797,0.03697,-0.89190,-0.06348,0.08108,-0.83860,-0.07414,0.07954,-0.70224,-0.07213
E,-0.00000,0.00000,0.00000,0.14927,-0.07499,-0.04679,0.23974,-0.34813,-0.06328,0.19886,-0.57021,-0.08820,0.09636,-0.53753,-0.10308,0.21058,-0.63578,0.03368,0.26403,-0.89414,-0.01826,0.28840,-0.80832,-0.05623,0.26675,-0.67109,-0.07587,0.14115,-0.67891,0.02861,0.19205,-0.98139,-0.03113,0.23165,-0.87348,-0.05667,0.20974,-0.72463,-0.05540,0.07173,-0.68766,0.00782,0.10313,-0.98674,-0.04244,0.15250,-0.88736,-0.05179,0.14379,-0.73744,-0.04021,-0.01017,-0.66621,-0.02161,0.03843,-0.88898,-0.05674,0.08423,-0.83460,-0.06788,0.08335,-0.69962,-0.06554
E,-0.00000,0.00000,0.00000,0.15328,-0.07184,-0.05282,0.24306,-0.36109,-0.07018,0.19545,-0.58659,-0.09353,0.08836,-0.55195,-0.10766,0.21534,-0.62758,0.02126,0.26797,-0.89264,-0.03029,0.29208,-0.81717,-0.06790,0.27087,-0.68440,-0.08851,0.14191,-0.67539,0.01974,0.19289,-0.98122,-0.04107,0.23250,-0.87927,-0.06842,0.21056,-0.72215,-0.06942,0.06848,-0.68541,0.00286,0.10070,-0.98887,-0.04975,0.15083,-0.89625,-0.06380,0.14124,-0.74373,-0.05633,-0.01766,-0.66482,-0.02252,0.03226,-0.88492,-0.06220,0.07726,-0.82895,-0.07797,0.07408,-0.69157,-0.07947
E,-0.00000,0.00000,0.00000,0.15597,-0.07553,-0.05191,0.24690,-0.36109,-0.07039,0.19921,-0.58134,-0.09563,0.09054,-0.53566,-0.11090,0.21562,-0.63961,0.02494,0.27099,-0.89806,-0.02992,0.29101,-0.81331,-0.07198,0.26875,-0.67241,-0.09518,0.14188,-0.68642,0.02287,0.19411,-0.98098,-0.03988,0.23090,-0.87422,-0.07074,0.20847,-0.71867,-0.07442,0.07135,-0.69552,0.00524,0.10504,-0.99355,-0.04446,0.15158,-0.89129,-0.05435,0.14065,-0.73650,-0.04450,-0.01206,-0.67328,-0.02162,0.04078,-0.88948,-0.05842,0.08344,-0.83135,-0.07174,0.07998,-0.69472,-0.07122
E,-0.00000,0.00000,0.00000,0.15358,-0.08413,-0.04543,0.24179,-0.36079,-0.06175,0.19095,-0.57332,-0.08583,0.08610,-0.52546,-0.10007,0.21425,-0.64171,0.02954,0.27097,-0.89595,-0.02385,0.28702,-0.79802,-0.06404,0.26100,-0.65934,-0.08584,0.14134,-0.68685,0.02531,0.19251,-0.98129,-0.03398,0.22692,-0.86017,-0.05967,0.20388,-0.71398,-0.06002,0.07097,-0.69508,0.00597,0.10477,-0.98436,-0.04106,0.14844,-0.86732,-0.04644,0.13664,-0.71440,-0.03351,-0.01152,-0.67038,-0.02219,0.04254,-0.88099,-0.05536,0.08413,-0.82026,-0.06537,0.07914,-0.68931,-0.06273
E,-0.00000,0.00000,0.00000,0.15110,-0.07455,-0.04940,0.24098,-0.36668,-0.06444,0.17690,-0.57883,-0.08535,0.05526,-0.54969,-0.09719,0.21387,-0.61687,0.02115,0.26553,-0.88639,-0.03094,0.28561,-0.79346,-0.06772,0.25983,-0.65733,-0.08641,0.14201,-0.66972,0.01991,0.19093,-0.98160,-0.03903,0.22486,-0.86549,-0.06179,0.20162,-0.71220,-0.05850,0.06884,-0.68669,0.00383,0.10051,-0.99265,-0.04809,0.14033,-0.86857,-0.05509,0.12466,-0.70857,-0.04167,-0.01705,-0.67041,-0.02045,0.03740,-0.88288,-0.06033,0.07773,-0.80254,-0.07080,0.06822,-0.66094,-0.06709
E,-0.00000,0.00000,0.00000,0.14904,-0.07053,-0.05019,0.23990,-0.35906,-0.06613,0.17757,-0.57117,-0.08712,0.05758,-0.54592,-0.09911,0.21227,-0.61714,0.01962,0.26248,-0.88090,-0.03002,0.28346,-0.79296,-0.06628,0.25872,-0.65547,-0.08529,0.14131,-0.67011,0.01909,0.19235,-0.97885,-0.03685,0.22391,-0.86846,-0.05946,0.19737,-0.71302,-0.05713,0.06767,-0.68486,0.00394,0.10227,-0.99476,-0.04583,0.13990,-0.88480,-0.05463,0.12255,-0.72855,-0.04392,-0.01919,-0.66622,-0.01915,0.03647,-0.88243,-0.05884,0.07542,-0.80270,-0.06966,0.06496,-0.65702,-0.06681
E,-0.00000,0.00000,0.00000,0.14754,-0.07464,-0.04758,0.23729,-0.36378,-0.06390,0.17397,-0.57417,-0.08547,0.05194,-0.54813,-0.09820,0.20912,-0.62233,0.01654,0.25805,-0.88422,-0.03435,0.27867,-0.78877,-0.07091,0.25596,-0.64812,-0.08980,0.13735,-0.67203,0.01441,0.18971,-0.98184,-0.04102,0.22097,-0.86522,-0.06166,0.19586,-0.70977,-0.05811,0.06310,-0.68411,-0.00192,0.09788,-0.99203,-0.05129,0.13673,-0.87681,-0.05791,0.12159,-0.71907,-0.04554,-0.02331,-0.66234,-0.02589,0.03136,-0.88101,-0.06414,0.07154,-0.80520,-0.07314,0.06307,-0.66303,-0.06903
E,-0.00000,0.00000,0.00000,0.15481,-0.10253,-0.03888,0.23715,-0.35518,-0.05430,0.18667,-0.57262,-0.07830,0.09087,-0.52039,-0.09110,0.21073,-0.64038,0.03460,0.26720,-0.89615,-0.01593,0.28261,-0.78442,-0.05106,0.25610,-0.65445,-0.06973,0.14151,-0.68437,0.02740,0.19109,-0.98157,-0.03082,0.22320,-0.84109,-0.04719,0.19814,-0.71130,-0.04004,0.07307,-0.69270,0.00547,0.10483,-0.97689,-0.03894,0.14792,-0.85573,-0.03059,0.13509,-0.71832,-0.00784,-0.00938,-0.66259,-0.02508,0.03621,-0.88580,-0.04937,0.08138,-0.81769,-0.04615,0.07857,-0.68382,-0.03443
E,-0.00000,0.00000,0.00000,0.15629,-0.10509,-0.04135,0.23737,-0.36419,-0.05596,0.18371,-0.57659,-0.07863,0.09034,-0.52715,-0.09182,0.20654,-0.63338,0.03203,0.26239,-0.89472,-0.01698,0.28071,-0.79171,-0.05183,0.25455,-0.65954,-0.07066,0.13976,-0.67973,0.02634,0.18753,-0.98226,-0.03116,0.22150,-0.85142,-0.04981,0.19597,-0.71264,-0.04466,0.07160,-0.68983,0.00613,0.10575,-0.97807,-0.04102,0.14882,-0.85605,-0.03855,0.13336,-0.71215,-0.01991,-0.01088,-0.66172,-0.02239,0.03530,-0.88336,-0.05269,0.07914,-0.80661,-0.05412,0.07331,-0.66616,-0.04551
E,-0.00000,0.00000,0.00000,0.15554,-0.09792,-0.04952,0.23566,-0.38053,-0.06584,0.17845,-0.58705,-0.08891,0.07904,-0.54173,-0.10232,0.20831,-0.63478,0.02353,0.26690,-0.88715,-0.03308,0.28269,-0.79354,-0.07395,0.25561,-0.65284,-0.09561,0.13723,-0.68229,0.02069,0.18955,-0.98187,-0.04071,0.22237,-0.87261,-0.06483,0.19822,-0.72234,-0.06430,0.06570,-0.69185,0.00204,0.10348,-0.98161,-0.04885,0.14377,-0.88153,-0.05361,0.12737,-0.73287,-0.04028,-0.01943,-0.66764,-0.02566,0.03563,-0.88260,-0.06009,0.07696,-0.82497,-0.06839,0.06981,-0.69148,-0.06512
E,-0.00000,0.00000,0.00000,0.14774,-0.08291,-0.04611,0.23015,-0.35077,-0.06101,0.17987,-0.56259,-0.08360,0.08425,-0.53192,-0.09571,0.20335,-0.63578,0.03261,0.25965,-0.89537,-0.01954,0.27835,-0.78262,-0.05428,0.24983,-0.64606,-0.07137,0.13450,-0.68018,0.02788,0.18373,-0.98298,-0.03271,0.21767,-0.84719,-0.05081,0.19018,-0.70342,-0.04283,0.06310,-0.68949,0.00717,0.09855,-0.98686,-0.04672,0.14175,-0.86460,-0.04758,0.12473,-0.71957,-0.02839,-0.02059,-0.66476,-0.02179,0.03063,-0.88795,-0.05895,0.07414,-0.81013,-0.06390,0.06619,-0.66988,-0.05567
E,-0.00000,0.00000,0.00000,0.14449,-0.07895,-0.05034,0.22773,-0.35652,-0.06877,0.16374,-0.55663,-0.09275,0.05178,-0.51925,-0.10651,0.20420,-0.63256,0.01772,0.25722,-0.89001,-0.03669,0.27608,-0.77236,-0.07250,0.24749,-0.63772,-0.09040,0.13024,-0.67892,0.01538,0.17885,-0.98388,-0.04546,0.21204,-0.84371,-0.06158,0.18537,-0.69872,-0.05285,0.05621,-0.68850,-0.00249,0.09184,-0.98693,-0.05676,0.13329,-0.86201,-0.05786,0.11640,-0.71644,-0.03935,-0.02788,-0.66191,-0.02860,0.02710,-0.88408,-0.06716,0.06851,-0.81028,-0.07347,0.05882,-0.67677,-0.06668
E,-0.00000,0.00000,0.00000,0.14455,-0.07581,-0.05209,0.22844,-0.35982,-0.06921,0.16268,-0.56661,-0.09084,0.04760,-0.52716,-0.10114,0.20866,-0.63937,0.01932,0.26364,-0.88786,-0.03399,0.27689,-0.76122,-0.06928,0.24531,-0.62742,-0.08740,0.13343,-0.68808,0.01856,0.18466,-0.98280,-0.04112,0.21273,-0.83751,-0.05532,0.18545,-0.69506,-0.04544,0.05874,-0.69964,0.00186,0.09790,-0.98701,-0.05125,0.13304,-0.86232,-0.05010,0.11348,-0.72595,-0.03064,-0.02611,-0.67402,-0.02341,0.03139,-0.89185,-0.06121,0.06711,-0.81204,-0.06607,0.05394,-0.68261,-0.05853
E,-0.00000,0.00000,0.00000,0.14160,-0.07394,-0.05624,0.22364,-0.35540,-0.07537,0.16450,-0.56151,-0.09841,0.05553,-0.52442,-0.10990,0.20102,-0.63659,0.01094,0.25984,-0.89067,-0.04451,0.27928,-0.77678,-0.07948,0.25009,-0.63957,-0.09623,0.12906,-0.68429,0.01216,0.17911,-0.98383,-0.04953,0.21229,-0.84778,-0.06440,0.18598,-0.69714,-0.05422,0.05645,-0.69305,-0.00251,0.09026,-0.98068,-0.05872,0.13280,-0.86331,-0.06120,0.11773,-0.71642,-0.04275,-0.02494,-0.66672,-0.02583,0.02152,-0.88525,-0.06662,0.06127,-0.82296,-0.07582,0.05321,-0.69406,-0.07031
E,-0.00000,0.00000,0.00000,0.14329,-0.07496,-0.05760,0.22095,-0.35996,-0.07687,0.15439,-0.56514,-0.09997,0.04065,-0.52471,-0.11180,0.19850,-0.63624,0.01123,0.25724,-0.88486,-0.04493,0.27917,-0.77660,-0.08109,0.25089,-0.63816,-0.09845,0.12481,-0.68664,0.01296,0.17527,-0.98452,-0.04894,0.21109,-0.85484,-0.06501,0.18579,-0.70326,-0.05603,0.05078,-0.69659,-0.00151,0.08415,-0.98346,-0.05811,0.12946,-0.87039,-0.06239,0.11504,-0.72363,-0.04538,-0.03136,-0.67047,-0.02470,0.01611,-0.89156,-0.06534,0.05711,-0.83499,-0.07530,0.04871,-0.70867,-0.07066
E,-0.00000,0.00000,0.00000,0.14412,-0.07902,-0.05870,0.21960,-0.36807,-0.07885,0.15267,-0.57105,-0.10215,0.04357,-0.52570,-0.11378,0.20068,-0.63480,0.00778,0.26097,-0.88349,-0.04954,0.27645,-0.76395,-0.08598,0.24444,-0.62506,-0.10349,0.12682,-0.68530,0.01001,0.17867,-0.98391,-0.05204,0.21001,-0.85338,-0.06744,0.18405,-0.70630,-0.05862,0.05257,-0.69734,-0.00401,0.08639,-0.98479,-0.06085,0.12855,-0.86875,-0.06437,0.11289,-0.72163,-0.04727,-0.03091,-0.67403,-0.02693,0.01924,-0.89080,-0.06830,0.06107,-0.82983,-0.07875,0.05347,-0.70183,-0.07471
E,-0.00000,0.00000,0.00000,0.14377,-0.07000,-0.06083,0.21559,-0.36066,-0.08049,0.14321,-0.56509,-0.10273,0.03153,-0.51545,-0.11317,0.20083,-0.62371,0.00404,0.26375,-0.87218,-0.05349,0.27923,-0.76671,-0.08948,0.24836,-0.62169,-0.10603,0.12509,-0.68370,0.00769,0.17728,-0.98416,-0.05204,0.20884,-0.87344,-0.06639,0.18465,-0.72925,-0.05759,0.05010,-0.69913,-0.00490,0.08008,-0.99048,-0.06122,0.12243,-0.88415,-0.06332,0.10986,-0.73855,-0.04553,-0.03306,-0.67541,-0.02654,0.00976,-0.89208,-0.06970,0.05124,-0.83395,-0.07960,0.04663,-0.70477,-0.07451
E,-0.00000,0.00000,0.00000,0.14520,-0.06630,-0.06522,0.21602,-0.36061,-0.08649,0.14130,-0.56459,-0.10890,0.02342,-0.52277,-0.12017,0.20537,-0.62084,-0.00113,0.26964,-0.86236,-0.06106,0.27980,-0.76171,-0.10033,0.24745,-0.61286,-0.11894,0.12859,-0.68402,0.00441,0.18402,-0.97963,-0.05726,0.21313,-0.87908,-0.07666,0.18912,-0.72896,-0.07222,0.05173,-0.70194,-0.00649,0.08138,-0.99668,-0.06777,0.12547,-0.89918,-0.07760,0.11596,-0.74919,-0.06507,-0.03320,-0.68040,-0.02612,0.01496,-0.88779,-0.07644,0.05505,-0.82440,-0.09230,0.04905,-0.68922,-0.09096
E,-0.00000,0.00000,0.00000,0.14719,-0.07063,-0.06122,0.21762,-0.36194,-0.07776,0.13629,-0.55860,-0.09579,0.01735,-0.52081,-0.10416,0.21153,-0.60681,0.00762,0.27207,-0.85261,-0.04732,0.27743,-0.75264,-0.08594,0.24479,-0.60510,-0.10486,0.13283,-0.67648,0.01276,0.18644,-0.97284,-0.04350,0.21054,-0.87647,-0.06579,0.18656,-0.73023,-0.06494,0.05455,-0.69936,0.00202,0.08265,-0.99658,-0.05516,0.12148,-0.89781,-0.06935,0.11132,-0.75128,-0.06194,-0.03187,-0.67876,-0.01680,0.01329,-0.88782,-0.06539,0.05039,-0.81211,-0.08124,0.04272,-0.67357,-0.08133
E,-0.00000,0.00000,0.00000,0.14158,-0.06943,-0.05813,0.20595,-0.35882,-0.07258,0.11871,-0.54188,-0.08692,0.00018,-0.52570,-0.09403,0.21296,-0.61063,0.00442,0.26938,-0.84457,-0.04768,0.26691,-0.74451,-0.08764,0.23415,-0.58885,-0.10774,0.13089,-0.68350,0.00922,0.18471,-0.97023,-0.04115,0.20082,-0.86872,-0.06391,0.17510,-0.71674,-0.06531,0.04797,-0.70321,-0.00038,0.07532,-0.99716,-0.05679,0.10870,-0.89064,-0.07368,0.09677,-0.73783,-0.07036,-0.04266,-0.67414,-0.01670,0.00451,-0.85602,-0.07098,0.03865,-0.74906,-0.08735,0.02820,-0.59855,-0.08783
E,-0.00000,0.00000,0.00000,0.13825,-0.08102,-0.05752,0.20049,-0.36990,-0.07480,0.11782,-0.55381,-0.09320,0.00414,-0.53088,-0.10331,0.20637,-0.61075,0.00023,0.27251,-0.85918,-0.05509,0.27210,-0.75025,-0.09190,0.23894,-0.59895,-0.10900,0.12921,-0.67754,0.00425,0.19003,-0.96529,-0.05505,0.20407,-0.83963,-0.07513,0.17647,-0.68430,-0.07142,0.04892,-0.69923,-0.00612,0.08514,-0.99637,-0.06755,0.11667,-0.87291,-0.07808,0.10119,-0.72075,-0.06715,-0.04097,-0.67795,-0.02344,0.01154,-0.87127,-0.07696,0.04718,-0.76962,-0.09037,0.03575,-0.62698,-0.08739
E,-0.00000,0.00000,0.00000,0.13852,-0.08130,-0.05771,0.19922,-0.36824,-0.07559,0.11747,-0.55430,-0.09479,0.00484,-0.53553,-0.10561,0.20440,-0.60831,-0.00237,0.26941,-0.86101,-0.05898,0.26786,-0.75562,-0.09720,0.23469,-0.60233,-0.11513,0.12771,-0.67579,0.00169,0.18885,-0.96911,-0.05671,0.20171,-0.85195,-0.07741,0.17293,-0.69882,-0.07510,0.04808,-0.69735,-0.00856,0.08508,-0.99637,-0.06796,0.11532,-0.87659,-0.07765,0.09867,-0.72283,-0.06696,-0.04168,-0.67541,-0.02609,0.00970,-0.87267,-0.07796,0.04428,-0.77981,-0.09127,0.03269,-0.63958,-0.08873
E,-0.00000,0.00000,0.00000,0.13805,-0.08618,-0.05629,0.19907,-0.37758,-0.07324,0.11556,-0.56118,-0.09193,0.00441,-0.54485,-0.10192,0.20422,-0.62560,0.00110,0.26631,-0.87783,-0.05706,0.26504,-0.75751,-0.09594,0.23314,-0.60244,-0.11393,0.12655,-0.68503,0.00385,0.18434,-0.97641,-0.05682,0.19644,-0.84689,-0.07760,0.16977,-0.69276,-0.07436,0.04645,-0.70139,-0.00812,0.08164,-0.99666,-0.06940,0.11000,-0.86917,-0.07891,0.09489,-0.71596,-0.06743,-0.04306,-0.67618,-0.02728,0.00924,-0.87484,-0.08060,0.04215,-0.77665,-0.09399,0.03114,-0.63700,-0.09107
E,-0.00000,0.00000,0.00000,0.14189,-0.08369,-0.06174,0.20568,-0.37906,-0.08033,0.11912,-0.56561,-0.09891,0.00477,-0.53571,-0.10689,0.20670,-0.63277,-0.00043,0.27082,-0.88435,-0.06106,0.27078,-0.74874,-0.10041,0.23753,-0.59138,-0.11816,0.12808,-0.69225,0.00577,0.18648,-0.97954,-0.05711,0.20160,-0.83376,-0.07460,0.17521,-0.68113,-0.06747,0.04787,-0.70903,-0.00390,0.08335,-0.99652,-0.06591,0.11194,-0.86415,-0.07196,0.09545,-0.71621,-0.05722,-0.04080,-0.68323,-0.02155,0.01271,-0.87571,-0.07502,0.04413,-0.77632,-0.08794,0.03161,-0.64056,-0.08396
E,-0.00000,0.00000,0.00000,0.14026,-0.07876,-0.05631,0.20625,-0.37019,-0.07391,0.13396,-0.56636,-0.09441,0.02777,-0.53397,-0.10470,0.20303,-0.61924,0.00291,0.26292,-0.87996,-0.05536,0.27206,-0.76986,-0.09189,0.24272,-0.61481,-0.10829,0.12646,-0.67873,0.00489,0.17980,-0.98061,-0.05655,0.20251,-0.86792,-0.07543,0.17706,-0.71572,-0.07071,0.04892,-0.69352,-0.00839,0.08176,-0.99665,-0.06733,0.11470,-0.88461,-0.07336,0.09683,-0.73520,-0.05955,-0.03879,-0.66844,-0.02955,0.01229,-0.87486,-0.07848,0.04643,-0.79840,-0.09136,0.03497,-0.66410,-0.08864
E,-0.00000,0.00000,0.00000,0.14351,-0.07612,-0.05646,0.21470,-0.36437,-0.07278,0.13814,-0.56203,-0.09114,0.03017,-0.52114,-0.09978,0.21093,-0.62110,0.01206,0.26526,-0.86534,-0.04132,0.27232,-0.75677,-0.07982,0.24480,-0.60487,-0.09921,0.13252,-0.68598,0.01487,0.18589,-0.97953,-0.04012,0.20493,-0.86806,-0.06223,0.18091,-0.71455,-0.06109,0.05164,-0.70201,0.00245,0.08384,-0.99648,-0.05224,0.11507,-0.89053,-0.06546,0.10227,-0.74040,-0.05821,-0.03893,-0.67295,-0.01763,0.01150,-0.86874,-0.06447,0.04362,-0.79028,-0.07973,0.03392,-0.65409,-0.07980
E,-0.00000,0.00000,0.00000,0.14609,-0.06500,-0.05890,0.21746,-0.35362,-0.07422,0.13759,-0.55538,-0.09158,0.01768,-0.51257,-0.09841,0.20953,-0.62096,0.01335,0.26173,-0.86498,-0.03840,0.27469,-0.76555,-0.07449,0.24943,-0.61481,-0.09262,0.12846,-0.68720,0.01643,0.17734,-0.98415,-0.03739,0.20469,-0.89535,-0.05885,0.18482,-0.74758,-0.05771,0.04894,-0.70040,0.00382,0.07735,-0.99531,-0.04947,0.11415,-0.89236,-0.05804,0.10271,-0.74512,-0.04793,-0.04051,-0.66896,-0.01708,0.00597,-0.87163,-0.06477,0.04009,-0.79362,-0.07787,0.03117,-0.65717,-0.07577
E,-0.00000,0.00000,0.00000,0.14595,-0.07250,-0.05997,0.21804,-0.36372,-0.07774,0.13756,-0.55831,-0.09685,0.01689,-0.50848,-0.10499,0.20757,-0.62645,0.00839,0.26619,-0.87082,-0.04734,0.27579,-0.75415,-0.08478,0.24509,-0.59649,-0.10263,0.12676,-0.69006,0.01209,0.17958,-0.98339,-0.04512,0.20552,-0.86928,-0.06387,0.18122,-0.71986,-0.05930,0.04815,-0.70401,-0.00016,0.08155,-0.99667,-0.05522,0.11726,-0.88689,-0.06088,0.10225,-0.74363,-0.04786,-0.03896,-0.67225,-0.02083,0.01126,-0.87525,-0.06781,0.04461,-0.79275,-0.07867,0.03393,-0.65605,-0.07462
E,-0.00000,0.00000,0.00000,0.14466,-0.07586,-0.05589,0.21327,-0.36624,-0.07134,0.13061,-0.55748,-0.08856,0.00886,-0.51589,-0.09509,0.20653,-0.62507,0.01190,0.26451,-0.86658,-0.04287,0.26863,-0.74333,-0.07960,0.23593,-0.58497,-0.09648,0.12731,-0.68889,0.01428,0.18121,-0.98167,-0.04271,0.20233,-0.86015,-0.06094,0.17681,-0.70970,-0.05542,0.04891,-0.70366,0.00103,0.08381,-0.99648,-0.05404,0.11587,-0.88420,-0.05990,0.09997,-0.74161,-0.04672,-0.03887,-0.67308,-0.02010,0.01295,-0.87710,-0.06679,0.04397,-0.78954,-0.07673,0.03214,-0.65098,-0.07191
E,-0.00000,0.00000,0.00000,0.13945,-0.07449,-0.05248,0.20716,-0.36644,-0.06539,0.12453,-0.55401,-0.08019,0.00275,-0.52715,-0.08614,0.20534,-0.61610,0.01054,0.25825,-0.85329,-0.04005,0.26351,-0.74123,-0.07502,0.23538,-0.58614,-0.09161,0.12811,-0.68363,0.01233,0.18177,-0.98054,-0.04132,0.20009,-0.86621,-0.06055,0.17675,-0.71252,-0.05670,0.04838,-0.70130,-0.00028,0.08317,-0.99654,-0.05407,0.11518,-0.88337,-0.06485,0.10362,-0.73571,-0.05582,-0.04105,-0.67587,-0.01985,0.01089,-0.87879,-0.06742,0.04251,-0.78850,-0.08048,0.03177,-0.65104,-0.07862
E,-0.00000,0.00000,0.00000,0.13946,-0.07101,-0.04996,0.20782,-0.36307,-0.06139,0.12745,-0.55258,-0.07513,0.00740,-0.53575,-0.08028,0.20767,-0.61622,0.01064,0.26200,-0.85847,-0.03979,0.26512,-0.75143,-0.07438,0.23411,-0.59438,-0.09086,0.12705,-0.68272,0.01083,0.18049,-0.98227,-0.04170,0.19900,-0.87622,-0.06148,0.17469,-0.72418,-0.05944,0.04568,-0.69757,-0.00309,0.07860,-0.99691,-0.05687,0.11147,-0.88162,-0.06669,0.09803,-0.73019,-0.05819,-0.04561,-0.66819,-0.02370,0.00425,-0.87031,-0.07381,0.03810,-0.77368,-0.08739,0.02774,-0.63006,-0.08611
E,-0.00000,0.00000,0.00000,0.13568,-0.07736,-0.05020,0.20558,-0.37312,-0.06429,0.12754,-0.55870,-0.08124,0.01178,-0.55141,-0.09045,0.20353,-0.61016,0.00791,0.25551,-0.86644,-0.04673,0.26192,-0.76400,-0.08432,0.23557,-0.60393,-0.10099,0.12634,-0.67253,0.00866,0.18060,-0.97486,-0.04710,0.19971,-0.86459,-0.06969,0.17638,-0.69983,-0.06797,0.04461,-0.68824,-0.00457,0.07629,-0.99709,-0.06038,0.11032,-0.88304,-0.07513,0.09891,-0.72214,-0.06861,-0.04713,-0.66397,-0.02410,0.01052,-0.85709,-0.07367,0.04246,-0.76417,-0.08925,0.02856,-0.62136,-0.08884
E,-0.00000,0.00000,0.00000,0.13584,-0.08049,-0.05044,0.20472,-0.38433,-0.06232,0.12606,-0.57477,-0.07678,0.01284,-0.56245,-0.08423,0.20269,-0.61609,0.01140,0.25502,-0.88143,-0.03896,0.26272,-0.80047,-0.07435,0.23738,-0.65048,-0.09088,0.12421,-0.67590,0.01301,0.17891,-0.97584,-0.04163,0.19835,-0.87837,-0.06569,0.17487,-0.71895,-0.06545,0.04208,-0.69071,0.00084,0.07311,-0.99732,-0.05458,0.10652,-0.89393,-0.07137,0.09516,-0.74301,-0.06710,-0.05056,-0.66538,-0.01754,0.00436,-0.85727,-0.06845,0.03567,-0.75089,-0.08498,0.02114,-0.60117,-0.08577
E,-0.00000,0.00000,0.00000,0.13569,-0.08161,-0.04864,0.20504,-0.38067,-0.06003,0.12642,-0.56830,-0.07375,0.01234,-0.55438,-0.08112,0.20797,-0.60846,0.00697,0.26510,-0.87824,-0.04393,0.26628,-0.80605,-0.07941,0.23712,-0.65922,-0.09610,0.12725,-0.67154,0.00795,0.18439,-0.97430,-0.04621,0.19848,-0.87666,-0.07035,0.17364,-0.71419,-0.07087,0.04282,-0.68800,-0.00401,0.07663,-0.99706,-0.06018,0.10688,-0.88166,-0.07498,0.09372,-0.72142,-0.06921,-0.05223,-0.66173,-0.02183,0.00366,-0.85526,-0.07598,0.03291,-0.74432,-0.09254,0.01742,-0.59170,-0.09265
E,-0.00000,0.00000,0.00000,0.13308,-0.08133,-0.05162,0.19829,-0.36536,-0.06576,0.12180,-0.55510,-0.08115,0.01421,-0.57602,-0.09065,0.21376,-0.60839,0.00084,0.27641,-0.86515,-0.05114,0.26791,-0.78979,-0.08886,0.23365,-0.64681,-0.10789,0.13219,-0.67041,0.00253,0.18836,-0.96907,-0.05312,0.19120,-0.85745,-0.07854,0.16567,-0.69599,-0.08085,0.04607,-0.68426,-0.00819,0.07936,-0.99685,-0.06794,0.09921,-0.86743,-0.08075,0.08494,-0.70387,-0.07410,-0.04913,-0.65041,-0.02456,0.00461,-0.83623,-0.08384,0.02896,-0.71382,-0.09928,0.01429,-0.56326,-0.09827
E,-0.00000,0.00000,0.00000,0.13147,-0.08371,-0.05249,0.19149,-0.37050,-0.06679,0.11200,-0.55815,-0.08225,0.00609,-0.58084,-0.09136,0.20866,-0.60925,-0.00121,0.26912,-0.86604,-0.05411,0.26391,-0.78233,-0.09099,0.23092,-0.63511,-0.10855,0.12670,-0.67018,0.00123,0.18018,-0.97124,-0.05499,0.18598,-0.85754,-0.07860,0.16043,-0.69639,-0.07924,0.04071,-0.68408,-0.00901,0.07052,-0.99751,-0.06828,0.09284,-0.87031,-0.08133,0.07822,-0.70692,-0.07476,-0.05396,-0.65416,-0.02505,0.00144,-0.83932,-0.08231,0.02901,-0.72664,-0.09865,0.01476,-0.58053,-0.09855
E,-0.00000,0.00000,0.00000,0.12715,-0.07893,-0.05327,0.18557,-0.35621,-0.06856,0.11073,-0.54709,-0.08501,0.01115,-0.58567,-0.09477,0.20856,-0.60089,-0.00138,0.27051,-0.85474,-0.05668,0.25793,-0.76309,-0.09625,0.22121,-0.61090,-0.11509,0.12837,-0.66227,0.00109,0.18503,-0.96100,-0.05676,0.18390,-0.84765,-0.08312,0.15555,-0.69013,-0.08595,0.04364,-0.68119,-0.00933,0.07696,-0.99703,-0.07044,0.09484,-0.87487,-0.08514,0.07945,-0.71649,-0.07967,-0.05055,-0.65687,-0.02552,0.00195,-0.84929,-0.08334,0.02716,-0.73364,-0.09926,0.01413,-0.58447,-0.09899
E,-0.00000,0.00000,0.00000,0.13085,-0.07587,-0.05442,0.18789,-0.35867,-0.07023,0.11944,-0.55380,-0.08753,0.02594,-0.59719,-0.09775,0.20548,-0.59403,-0.00562,0.26779,-0.85521,-0.06338,0.25799,-0.77105,-0.10260,0.22283,-0.62222,-0.12078,0.12767,-0.66035,-0.00370,0.18788,-0.97101,-0.06572,0.19072,-0.85941,-0.09288,0.16068,-0.69638,-0.09483,0.04377,-0.68160,-0.01479,0.08010,-0.99679,-0.07670,0.10484,-0.87760,-0.09072,0.08962,-0.71802,-0.08378,-0.05098,-0.66265,-0.03217,0.00368,-0.85178,-0.08685,0.03510,-0.75209,-0.10313,0.02386,-0.61053,-0.10350
E,-0.00000,0.00000,0.00000,0.12885,-0.08068,-0.05322,0.18109,-0.36854,-0.06813,0.10761,-0.55920,-0.08412,0.01509,-0.60287,-0.09354,0.20609,-0.59711,-0.00626,0.26485,-0.85630,-0.06312,0.25143,-0.76565,-0.10202,0.21611,-0.61540,-0.12009,0.12712,-0.66060,-0.00437,0.18496,-0.97098,-0.06533,0.18405,-0.85289,-0.09211,0.15456,-0.69089,-0.09442,0.04161,-0.67940,-0.01515,0.07635,-0.99708,-0.07701,0.09779,-0.87139,-0.09184,0.08325,-0.71118,-0.08625,-0.05395,-0.65922,-0.03179,-0.00034,-0.84584,-0.08742,0.02778,-0.73610,-0.10393,0.01573,-0.59186,-0.10503
E,-0.00000,0.00000,0.00000,0.12612,-0.07610,-0.05271,0.18136,-0.36055,-0.06859,0.11329,-0.55542,-0.08629,0.02091,-0.59941,-0.09711,0.20192,-0.59778,-0.00637,0.26332,-0.85776,-0.06401,0.25317,-0.76810,-0.10254,0.21816,-0.61850,-0.12011,0.12462,-0.66034,-0.00531,0.18384,-0.97257,-0.06688,0.18619,-0.85376,-0.09263,0.15665,-0.68967,-0.09364,0.04024,-0.67906,-0.01705,0.07686,-0.99704,-0.07863,0.10167,-0.87286,-0.09190,0.08712,-0.71036,-0.08435,-0.05475,-0.66033,-0.03482,-0.00002,-0.85792,-0.08867,0.03240,-0.75949,-0.10415,0.02272,-0.61672,-0.10402
E,-0.00000,0.00000,0.00000,0.12622,-0.08388,-0.04943,0.18193,-0.36832,-0.06303,0.11287,-0.55470,-0.07825,0.01757,-0.58169,-0.08667,0.20095,-0.60137,-0.00913,0.26388,-0.87007,-0.06563,0.25806,-0.78543,-0.10028,0.22523,-0.63424,-0.11513,0.12295,-0.66236,-0.00890,0.18126,-0.98344,-0.07041,0.18834,-0.86736,-0.09166,0.16054,-0.70096,-0.08899,0.03848,-0.67757,-0.02093,0.07297,-0.99621,-0.08304,0.10127,-0.87069,-0.09151,0.08732,-0.70831,-0.08025,-0.05700,-0.65309,-0.03860,-0.00523,-0.85338,-0.09554,0.02852,-0.75004,-0.11004,0.01889,-0.60216,-0.10834
E,-0.00000,0.00000,0.00000,0.12787,-0.08896,-0.04703,0.18118,-0.37174,-0.05935,0.10416,-0.55151,-0.07364,0.00149,-0.58284,-0.08183,0.19985,-0.60777,-0.00359,0.26385,-0.86796,-0.05986,0.26027,-0.78093,-0.09590,0.22863,-0.62716,-0.11129,0.11894,-0.66583,-0.00337,0.18124,-0.97345,-0.06465,0.18635,-0.85087,-0.08684,0.15662,-0.68290,-0.08480,0.03366,-0.68009,-0.01555,0.06993,-0.99755,-0.07730,0.09323,-0.86296,-0.08759,0.07637,-0.69547,-0.07785,-0.06153,-0.65286,-0.03298,-0.00130,-0.84739,-0.09143,0.02729,-0.74189,-0.10775,0.01328,-0.59811,-0.10697
E,-0.00000,0.00000,0.00000,0.13174,-0.09624,-0.05065,0.18620,-0.38905,-0.06560,0.09793,-0.56134,-0.08242,-0.01297,-0.55107,-0.09196,0.19981,-0.62757,0.00332,0.26248,-0.87765,-0.05575,0.25326,-0.75971,-0.09681,0.21796,-0.60117,-0.11540,0.11738,-0.68303,0.00465,0.17690,-0.97352,-0.05413,0.18123,-0.84102,-0.07581,0.15377,-0.68187,-0.07376,0.03219,-0.69416,-0.00811,0.06875,-0.99763,-0.06642,0.09062,-0.86387,-0.07535,0.07538,-0.70387,-0.06487,-0.06108,-0.66445,-0.02738,-0.00410,-0.86263,-0.08083,0.02313,-0.75536,-0.09384,0.00979,-0.61238,-0.09089
E,-0.00000,0.00000,0.00000,0.13521,-0.09228,-0.04898,0.19150,-0.38859,-0.06159,0.10467,-0.56245,-0.07598,-0.00650,-0.55180,-0.08366,0.19927,-0.61534,0.00438,0.25806,-0.86863,-0.05046,0.25173,-0.75845,-0.08740,0.21697,-0.59752,-0.10366,0.11623,-0.67432,0.00478,0.17064,-0.97549,-0.05345,0.18222,-0.85171,-0.07519,0.15695,-0.68537,-0.07223,0.03103,-0.68634,-0.00833,0.06422,-0.99794,-0.06721,0.09381,-0.87481,-0.07996,0.07996,-0.71641,-0.07211,-0.06295,-0.65446,-0.02724,-0.00502,-0.84781,-0.08153,0.02522,-0.73094,-0.09647,0.00992,-0.57711,-0.09538
E,-0.00000,0.00000,0.00000,0.13331,-0.10143,-0.04685,0.18782,-0.40001,-0.05977,0.10063,-0.56580,-0.07493,-0.01113,-0.54868,-0.08382,0.19460,-0.62603,0.00357,0.25280,-0.87531,-0.05128,0.24815,-0.76029,-0.08887,0.21639,-0.59753,-0.10594,0.11198,-0.68150,0.00308,0.16629,-0.97866,-0.05252,0.17544,-0.85051,-0.07315,0.15152,-0.68543,-0.07109,0.02632,-0.68930,-0.01051,0.05978,-0.99821,-0.06732,0.08477,-0.86433,-0.07754,0.07106,-0.70108,-0.06897,-0.06743,-0.65383,-0.02982,-0.00852,-0.84582,-0.08401,0.01943,-0.72922,-0.09787,0.00539,-0.57865,-0.09611
E,-0.00000,0.00000,0.00000,0.13355,-0.08074,-0.05009,0.19432,-0.37678,-0.06254,0.10881,-0.55251,-0.07631,-0.00468,-0.54432,-0.08191,0.19995,-0.62105,0.00540,0.25009,-0.86940,-0.04949,0.24500,-0.74724,-0.08606,0.21217,-0.58473,-0.10194,0.11783,-0.68185,0.00609,0.16895,-0.97955,-0.05084,0.17950,-0.84620,-0.07049,0.15330,-0.68245,-0.06611,0.03219,-0.69463,-0.00714,0.06412,-0.99794,-0.06496,0.09066,-0.87226,-0.07550,0.07540,-0.71690,-0.06615,-0.06152,-0.66404,-0.02651,-0.00882,-0.86118,-0.07942,0.02163,-0.75073,-0.09255,0.00888,-0.60265,-0.09008
E,-0.00000,0.00000,0.00000,0.13311,-0.08218,-0.04878,0.19475,-0.37904,-0.06028,0.10886,-0.55388,-0.07335,-0.00916,-0.52975,-0.07762,0.19994,-0.62486,0.00950,0.25251,-0.86688,-0.04582,0.24741,-0.73344,-0.08204,0.21364,-0.56970,-0.09740,0.11846,-0.68677,0.00975,0.17103,-0.98418,-0.04706,0.18293,-0.84882,-0.06416,0.15704,-0.69216,-0.05740,0.03349,-0.70123,-0.00439,0.06749,-0.99772,-0.06166,0.09475,-0.87057,-0.06909,0.07910,-0.72278,-0.05693,-0.05977,-0.67185,-0.02486,-0.00531,-0.87183,-0.07512,0.02572,-0.76089,-0.08520,0.01256,-0.61589,-0.08049
E,-0.00000,0.00000,0.00000,0.13254,-0.09635,-0.04883,0.18412,-0.39616,-0.05938,0.09858,-0.56826,-0.07219,-0.01061,-0.55200,-0.07658,0.19419,-0.63209,0.01153,0.24400,-0.86996,-0.04377,0.24397,-0.75202,-0.08195,0.21258,-0.59013,-0.09870,0.11153,-0.68903,0.01228,0.15528,-0.98703,-0.04166,0.17386,-0.87291,-0.06033,0.15264,-0.71648,-0.05626,0.02824,-0.69673,-0.00158,0.05331,-0.99858,-0.05683,0.08642,-0.88993,-0.06807,0.07514,-0.73828,-0.05915,-0.06059,-0.66197,-0.02188,-0.00751,-0.85736,-0.07115,0.02581,-0.77803,-0.08551,0.01548,-0.64685,-0.08411
E,-0.00000,0.00000,0.00000,0.13059,-0.09723,-0.04769,0.18277,-0.39877,-0.05789,0.09790,-0.56994,-0.07058,-0.00917,-0.55068,-0.07467,0.19251,-0.63077,0.01371,0.23667,-0.87109,-0.03952,0.24066,-0.76620,-0.07719,0.21447,-0.60803,-0.09421,0.11171,-0.68540,0.01417,0.15414,-0.98805,-0.03884,0.17379,-0.87787,-0.05852,0.15277,-0.71669,-0.05520,0.02691,-0.68776,0.00051,0.04957,-0.98813,-0.05216,0.08162,-0.88181,-0.06396,0.06924,-0.72732,-0.05623,-0.06487,-0.64825,-0.01966,-0.01658,-0.83016,-0.06720,0.01590,-0.75478,-0.08256,0.00431,-0.62657,-0.08249
E,-0.00000,0.00000,0.00000,0.13185,-0.09014,-0.05006,0.18542,-0.39148,-0.05979,0.09708,-0.56308,-0.07173,-0.01311,-0.53501,-0.07493,0.19735,-0.62749,0.01580,0.24367,-0.86422,-0.03719,0.24519,-0.75545,-0.07506,0.21607,-0.59988,-0.09270,0.11817,-0.68735,0.01771,0.16412,-0.98644,-0.03564,0.18229,-0.87665,-0.05555,0.16044,-0.72158,-0.05254,0.03604,-0.69777,0.00484,0.06267,-0.99281,-0.04852,0.09467,-0.88758,-0.06094,0.08316,-0.73835,-0.05352,-0.05453,-0.66605,-0.01488,-0.00256,-0.85692,-0.06213,0.03111,-0.77913,-0.07731,0.02067,-0.64959,-0.07743
F,-0.00000,0.00000,0.00000,0.08503,-0.06697,-0.03073,0.14621,-0.21145,-0.05289,0.16948,-0.33260,-0.08097,0.15168,-0.40425,-0.10175,0.11790,-0.48778,0.00271,0.14186,-0.64316,-0.05743,0.14935,-0.56041,-0.10486,0.14255,-0.46312,-0.12827,0.06424,-0.53283,-0.00802,0.08366,-0.74717,-0.04238,0.09794,-0.87242,-0.06920,0.10439,-0.99454,-0.08799,0.00592,-0.52507,-0.03091,0.00390,-0.73592,-0.06216,0.00090,-0.86048,-0.08203,-0.00471,-0.98013,-0.09376,-0.05285,-0.47388,-0.05882,-0.08341,-0.63007,-0.07185,-0.10358,-0.73006,-0.07666,-0.12299,-0.82657,-0.08082
F,-0.00000,0.00000,0.00000,0.08080,-0.06749,-0.02884,0.13949,-0.20009,-0.05418,0.16927,-0.31259,-0.08607,0.15179,-0.38980,-0.11092,0.11395,-0.48355,0.00290,0.13866,-0.64361,-0.06210,0.14934,-0.56759,-0.11284,0.14320,-0.47383,-0.13709,0.06430,-0.52519,-0.00938,0.08224,-0.74369,-0.04728,0.09277,-0.87347,-0.07486,0.09589,-0.99539,-0.09261,0.01055,-0.51647,-0.03375,0.01289,-0.72477,-0.06264,0.01151,-0.85014,-0.07855,0.00821,-0.97021,-0.08717,-0.04416,-0.46558,-0.06349,-0.05653,-0.62735,-0.07252,-0.06297,-0.72881,-0.07244,-0.07206,-0.82354,-0.07221
F,-0.00000,0.00000,0.00000,0.08004,-0.06582,-0.02569,0.13888,-0.19939,-0.04824,0.16849,-0.30830,-0.07741,0.15051,-0.38828,-0.09979,0.11509,-0.48195,0.00401,0.13969,-0.64414,-0.05809,0.14933,-0.56943,-0.10577,0.14265,-0.47758,-0.12790,0.06557,-0.52093,-0.00897,0.08357,-0.73999,-0.04616,0.09738,-0.87249,-0.07260,0.10456,-0.99452,-0.08912,0.01231,-0.51034,-0.03342,0.01484,-0.72115,-0.06145,0.01635,-0.84988,-0.07649,0.01571,-0.97158,-0.08418,-0.04104,-0.45820,-0.06283,-0.04912,-0.62497,-0.07112,-0.05151,-0.73076,-0.07040,-0.05712,-0.82635,-0.06951
F,-0.00000,0.00000,0.00000,0.08415,-0.06385,-0.02817,0.14550,-0.20288,-0.05160,0.17489,-0.31968,-0.08156,0.15141,-0.39744,-0.10422,0.12024,-0.48461,0.00465,0.14423,-0.64590,-0.05777,0.15331,-0.56886,-0.10570,0.14616,-0.47820,-0.12836,0.06875,-0.52527,-0.00779,0.08718,-0.74256,-0.04436,0.10087,-0.87127,-0.06936,0.10718,-0.99424,-0.08521,0.01461,-0.51588,-0.03245,0.01739,-0.72543,-0.06019,0.01753,-0.85106,-0.07304,0.01511,-0.97246,-0.07935,-0.03873,-0.46475,-0.06267,-0.04492,-0.63168,-0.07069,-0.04641,-0.73908,-0.06919,-0.05116,-0.83850,-0.06804
F,-0.00000,0.00000,0.00000,0.08311,-0.06467,-0.02675,0.14385,-0.20105,-0.05013,0.17450,-0.31599,-0.08024,0.15149,-0.39685,-0.10317,0.11984,-0.48022,0.00437,0.14457,-0.64005,-0.05809,0.15361,-0.56149,-0.10570,0.14574,-0.47047,-0.12817,0.06927,-0.52017,-0.00898,0.08877,-0.73793,-0.04638,0.10259,-0.86824,-0.07157,0.10908,-0.99403,-0.08740,0.01582,-0.51018,-0.03427,0.01820,-0.71949,-0.06266,0.01803,-0.84516,-0.07565,0.01618,-0.96783,-0.08200,-0.03709,-0.45839,-0.06487,-0.04317,-0.62338,-0.07350,-0.04390,-0.73096,-0.07219,-0.04723,-0.83096,-0.07102
F,-0.00000,0.00000,0.00000,0.08274,-0.06604,-0.02492,0.14425,-0.20240,-0.04733,0.17627,-0.31656,-0.07674,0.15263,-0.39466,-0.09943,0.11915,-0.47891,0.00560,0.14565,-0.64328,-0.05682,0.15521,-0.57660,-0.10430,0.14674,-0.49022,-0.12651,0.06942,-0.51764,-0.00826,0.09201,-0.73678,-0.04645,0.10777,-0.86895,-0.07243,0.11535,-0.99332,-0.08833,0.01514,-0.50704,-0.03372,0.01850,-0.71790,-0.06287,0.01897,-0.84413,-0.07648,0.01699,-0.96582,-0.08288,-0.03894,-0.45488,-0.06418,-0.04556,-0.62051,-0.07364,-0.04723,-0.72722,-0.07274,-0.05203,-0.82622,-0.07148
F,-0.00000,0.00000,0.00000,0.08534,-0.06413,-0.02190,0.14708,-0.20466,-0.04176,0.18033,-0.31954,-0.06910,0.15468,-0.39209,-0.08957,0.12312,-0.47659,0.01215,0.15049,-0.63999,-0.04872,0.15926,-0.56576,-0.09499,0.15044,-0.47748,-0.11617,0.07424,-0.51759,-0.00297,0.09718,-0.73687,-0.03993,0.11345,-0.86667,-0.06479,0.12195,-0.99254,-0.07952,0.02150,-0.50966,-0.02992,0.02692,-0.71892,-0.05815,0.02890,-0.84467,-0.07160,0.02911,-0.96714,-0.07759,-0.03074,-0.46081,-0.06171,-0.03387,-0.62646,-0.06952,-0.03257,-0.73208,-0.06773,-0.03439,-0.83022,-0.06585
F,-0.00000,0.00000,0.00000,0.08394,-0.06160,-0.02528,0.14636,-0.19699,-0.04777,0.18068,-0.30994,-0.07710,0.15563,-0.39160,-0.09964,0.12400,-0.47549,0.00744,0.14835,-0.64130,-0.05491,0.15519,-0.57301,-0.10269,0.14528,-0.48968,-0.12490,0.07433,-0.51553,-0.00674,0.09574,-0.73510,-0.04430,0.11230,-0.86608,-0.07046,0.12234,-0.99249,-0.08630,0.02122,-0.50684,-0.03279,0.02804,-0.71487,-0.06073,0.03242,-0.84103,-0.07429,0.03549,-0.96486,-0.08070,-0.03100,-0.45727,-0.06399,-0.02931,-0.62403,-0.07235,-0.02373,-0.72909,-0.07040,-0.02185,-0.82813,-0.06825
F,-0.00000,0.00000,0.00000,0.08786,-0.06424,-0.02872,0.15373,-0.19814,-0.05381,0.18980,-0.31793,-0.08536,0.16297,-0.41036,-0.10955,0.12932,-0.47337,0.00463,0.15299,-0.64905,-0.06046,0.15842,-0.57922,-0.10981,0.14672,-0.49355,-0.13260,0.08046,-0.51400,-0.00777,0.10229,-0.73914,-0.04438,0.11543,-0.86673,-0.06902,0.12140,-0.99260,-0.08428,0.02769,-0.50777,-0.03300,0.03823,-0.72155,-0.06063,0.04043,-0.84979,-0.07330,0.04028,-0.97468,-0.07943,-0.02611,-0.46279,-0.06388,-0.02209,-0.63438,-0.07272,-0.01717,-0.74123,-0.07121,-0.01574,-0.84158,-0.06954
F,-0.00000,0.00000,0.00000,0.08787,-0.06385,-0.02526,0.15213,-0.20793,-0.04704,0.18642,-0.33339,-0.07581,0.16076,-0.41746,-0.09759,0.12960,-0.47793,0.01027,0.15313,-0.64405,-0.05293,0.15764,-0.56962,-0.10194,0.14659,-0.48462,-0.12486,0.07948,-0.51793,-0.00369,0.10206,-0.73757,-0.03962,0.11657,-0.86750,-0.06553,0.12573,-0.99206,-0.08160,0.02609,-0.50908,-0.03015,0.03614,-0.71691,-0.05760,0.03973,-0.84395,-0.07233,0.04252,-0.96628,-0.07973,-0.02798,-0.46037,-0.06188,-0.02582,-0.62863,-0.07106,-0.01918,-0.73582,-0.07114,-0.01492,-0.83638,-0.07060
F,-0.00000,0.00000,0.00000,0.09132,-0.06886,-0.02395,0.15919,-0.22173,-0.04443,0.19424,-0.35970,-0.07261,0.16080,-0.44427,-0.09428,0.13428,-0.48320,0.01953,0.16074,-0.65431,-0.03924,0.16797,-0.59563,-0.08689,0.15984,-0.51741,-0.10978,0.08537,-0.52635,0.00576,0.10799,-0.74790,-0.02499,0.11814,-0.87510,-0.04862,0.12298,-0.99241,-0.06393,0.03228,-0.52180,-0.02112,0.04433,-0.73733,-0.04558,0.04705,-0.86709,-0.06031,0.04945,-0.98346,-0.06866,-0.02372,-0.47914,-0.05336,-0.01937,-0.65156,-0.06183,-0.01279,-0.76086,-0.06288,-0.00732,-0.85937,-0.06368
F,-0.00000,0.00000,0.00000,0.08887,-0.06408,-0.02378,0.15786,-0.21953,-0.04191,0.19185,-0.36184,-0.06766,0.16040,-0.44916,-0.08743,0.13142,-0.48175,0.02183,0.15738,-0.65427,-0.03404,0.16460,-0.60348,-0.07978,0.15657,-0.52991,-0.10200,0.08128,-0.52495,0.00795,0.10324,-0.74444,-0.02075,0.11525,-0.87333,-0.04509,0.12198,-0.99253,-0.06171,0.02849,-0.52122,-0.01896,0.03789,-0.73112,-0.04284,0.04121,-0.86168,-0.05979,0.04472,-0.97961,-0.07040,-0.02504,-0.48119,-0.05114,-0.02121,-0.65071,-0.06066,-0.01505,-0.76005,-0.06387,-0.01032,-0.86013,-0.06677
F,-0.00000,0.00000,0.00000,0.08833,-0.06098,-0.02464,0.15804,-0.21781,-0.04339,0.19328,-0.35820,-0.06898,0.16721,-0.43964,-0.08820,0.13166,-0.47694,0.01405,0.15704,-0.64598,-0.04390,0.16162,-0.59255,-0.08929,0.15042,-0.51502,-0.11068,0.08061,-0.52172,0.00067,0.10509,-0.74315,-0.03083,0.11901,-0.87346,-0.05478,0.12694,-0.99191,-0.07005,0.02498,-0.51779,-0.02504,0.03362,-0.72972,-0.05056,0.03522,-0.85676,-0.06544,0.03611,-0.97519,-0.07369,-0.03172,-0.47489,-0.05581,-0.03531,-0.64262,-0.06535,-0.03562,-0.74810,-0.06657,-0.03783,-0.84695,-0.06732
F,-0.00000,0.00000,0.00000,0.08820,-0.05754,-0.02858,0.15960,-0.20858,-0.04906,0.19810,-0.35004,-0.07515,0.17362,-0.43895,-0.09520,0.13357,-0.47350,0.00944,0.15765,-0.64232,-0.04648,0.16281,-0.59757,-0.09155,0.15440,-0.52794,-0.11417,0.07899,-0.52081,-0.00238,0.10325,-0.73928,-0.03368,0.11514,-0.87104,-0.05970,0.12280,-0.99243,-0.07766,0.02125,-0.51555,-0.02649,0.02572,-0.72501,-0.05501,0.02548,-0.85901,-0.07526,0.02600,-0.98258,-0.08780,-0.03750,-0.47115,-0.05533,-0.05199,-0.64033,-0.06994,-0.06146,-0.74980,-0.07644,-0.07101,-0.85551,-0.08133
F,-0.00000,0.00000,0.00000,0.08975,-0.06794,-0.02934,0.15924,-0.21975,-0.04986,0.20031,-0.36091,-0.07581,0.17514,-0.44563,-0.09514,0.12838,-0.47360,0.00918,0.15190,-0.64374,-0.04905,0.16018,-0.58800,-0.09518,0.15310,-0.50855,-0.11750,0.07672,-0.51956,-0.00082,0.10032,-0.73967,-0.03386,0.11175,-0.87189,-0.06095,0.11725,-0.99310,-0.07919,0.02009,-0.51481,-0.02324,0.02369,-0.72468,-0.05398,0.02077,-0.85496,-0.07528,0.01702,-0.97418,-0.08740,-0.03784,-0.47135,-0.05019,-0.05991,-0.63877,-0.06465,-0.07697,-0.74487,-0.07083,-0.09424,-0.84473,-0.07519
F,-0.00000,0.00000,0.00000,0.09159,-0.06750,-0.02804,0.16168,-0.21704,-0.04823,0.20342,-0.35402,-0.07372,0.17768,-0.44572,-0.09226,0.13081,-0.47102,0.00816,0.15244,-0.64310,-0.04693,0.15843,-0.58785,-0.09074,0.15014,-0.50831,-0.11219,0.07855,-0.52002,-0.00180,0.10160,-0.74267,-0.03243,0.11136,-0.87235,-0.05776,0.11581,-0.99327,-0.07535,0.02148,-0.51810,-0.02375,0.02345,-0.73017,-0.05385,0.01763,-0.86071,-0.07539,0.01190,-0.97824,-0.08811,-0.03828,-0.47600,-0.04988,-0.06729,-0.64121,-0.06471,-0.08878,-0.74556,-0.07154,-0.10891,-0.84480,-0.07666
F,-0.00000,0.00000,0.00000,0.09166,-0.06600,-0.02701,0.16147,-0.21077,-0.04686,0.20358,-0.34408,-0.07235,0.17832,-0.43308,-0.09093,0.13231,-0.47086,0.01002,0.15334,-0.64246,-0.04311,0.15705,-0.59642,-0.08581,0.14714,-0.52102,-0.10694,0.07951,-0.52140,-0.00036,0.10290,-0.74232,-0.02952,0.11257,-0.87366,-0.05418,0.11686,-0.99315,-0.07164,0.02209,-0.52131,-0.02259,0.02353,-0.72925,-0.05093,0.01724,-0.85862,-0.07144,0.01142,-0.97254,-0.08406,-0.03837,-0.48098,-0.04913,-0.06976,-0.64119,-0.06265,-0.09239,-0.74347,-0.06899,-0.11323,-0.84035,-0.07417
F,-0.00000,0.00000,0.00000,0.09046,-0.06824,-0.02964,0.15930,-0.20875,-0.05098,0.19882,-0.33515,-0.07750,0.17838,-0.42873,-0.09755,0.12758,-0.47346,0.00377,0.14956,-0.64740,-0.05168,0.15510,-0.59429,-0.09616,0.14759,-0.51314,-0.11821,0.07499,-0.52329,-0.00589,0.09818,-0.74584,-0.03653,0.10933,-0.87555,-0.06366,0.11471,-0.99340,-0.08324,0.01646,-0.52164,-0.02727,0.01766,-0.73297,-0.05821,0.01247,-0.86421,-0.08212,0.00634,-0.98180,-0.09701,-0.04349,-0.47858,-0.05279,-0.07519,-0.64161,-0.06903,-0.09820,-0.74477,-0.07716,-0.11959,-0.84372,-0.08355
F,-0.00000,0.00000,0.00000,0.09249,-0.06846,-0.02956,0.16144,-0.21130,-0.05045,0.20097,-0.33920,-0.07669,0.17767,-0.42883,-0.09591,0.12678,-0.47585,0.00707,0.14925,-0.64900,-0.04949,0.15891,-0.58643,-0.09450,0.15439,-0.49991,-0.11619,0.07670,-0.52335,-0.00210,0.10046,-0.74383,-0.03307,0.11198,-0.87341,-0.05967,0.11686,-0.99315,-0.07841,0.02017,-0.51979,-0.02357,0.02124,-0.73018,-0.05420,0.01603,-0.86312,-0.07731,0.00963,-0.98335,-0.09128,-0.03847,-0.47584,-0.04931,-0.06995,-0.64007,-0.06390,-0.09255,-0.74439,-0.07094,-0.11371,-0.84508,-0.07646
F,-0.00000,0.00000,0.00000,0.09006,-0.06554,-0.03167,0.15800,-0.19969,-0.05541,0.19633,-0.32261,-0.08448,0.17636,-0.42185,-0.10633,0.12847,-0.47718,0.00454,0.14922,-0.64801,-0.05380,0.15591,-0.59212,-0.10040,0.14945,-0.50821,-0.12293,0.07575,-0.52565,-0.00430,0.09705,-0.74776,-0.03489,0.10793,-0.87474,-0.06093,0.11212,-0.99369,-0.07961,0.01654,-0.52195,-0.02564,0.01515,-0.73552,-0.05452,0.01059,-0.86893,-0.07573,0.00436,-0.99153,-0.08913,-0.04461,-0.47543,-0.05172,-0.07613,-0.63727,-0.06541,-0.09812,-0.74259,-0.07158,-0.11933,-0.84453,-0.07661
F,-0.00000,0.00000,0.00000,0.09094,-0.06929,-0.03364,0.15999,-0.20400,-0.05885,0.20025,-0.32942,-0.08917,0.17578,-0.41973,-0.11205,0.12562,-0.47909,0.00203,0.14866,-0.65282,-0.05786,0.15821,-0.58616,-0.10532,0.15258,-0.49254,-0.12839,0.07435,-0.52700,-0.00603,0.09806,-0.74843,-0.03838,0.11097,-0.87537,-0.06559,0.11655,-0.99318,-0.08518,0.01604,-0.52366,-0.02678,0.01667,-0.73730,-0.05756,0.01384,-0.86961,-0.07928,0.00851,-0.99037,-0.09284,-0.04397,-0.47788,-0.05240,-0.07504,-0.64041,-0.06665,-0.09679,-0.74497,-0.07278,-0.11792,-0.84654,-0.07792
F,-0.00000,0.00000,0.00000,0.09048,-0.06982,-0.03348,0.15982,-0.20110,-0.05910,0.20176,-0.32242,-0.09007,0.18020,-0.41248,-0.11374,0.12742,-0.47772,0.00307,0.15115,-0.64740,-0.05821,0.16140,-0.58545,-0.10710,0.15721,-0.49794,-0.13076,0.07698,-0.52558,-0.00537,0.10068,-0.74610,-0.03833,0.11382,-0.87385,-0.06586,0.12022,-0.99275,-0.08544,0.01898,-0.52215,-0.02673,0.01952,-0.73592,-0.05738,0.01665,-0.86974,-0.07909,0.01132,-0.99188,-0.09239,-0.04104,-0.47614,-0.05309,-0.07182,-0.64150,-0.06705,-0.09339,-0.74807,-0.07316,-0.11463,-0.85128,-0.07806
F,-0.00000,0.00000,0.00000,0.09120,-0.06612,-0.03075,0.16054,-0.20178,-0.05489,0.19973,-0.32283,-0.08470,0.17579,-0.40584,-0.10760,0.12819,-0.47631,0.00252,0.15217,-0.64872,-0.05575,0.16124,-0.58661,-0.10214,0.15573,-0.49663,-0.12511,0.07713,-0.52704,-0.00775,0.10197,-0.74878,-0.03913,0.11746,-0.87550,-0.06580,0.12615,-0.99201,-0.08515,0.01807,-0.52586,-0.03020,0.01946,-0.74229,-0.06020,0.01724,-0.87672,-0.08238,0.01234,-0.99869,-0.09656,-0.04221,-0.48142,-0.05728,-0.07491,-0.64785,-0.07178,-0.09766,-0.75402,-0.07861,-0.11999,-0.85672,-0.08446
F,-0.00000,0.00000,0.00000,0.09290,-0.06041,-0.03258,0.16544,-0.19524,-0.05684,0.21111,-0.31439,-0.08580,0.19591,-0.41564,-0.10865,0.13461,-0.46160,-0.00489,0.16281,-0.63581,-0.06141,0.17873,-0.59108,-0.10641,0.18102,-0.51375,-0.12908,0.08431,-0.51814,-0.01279,0.11250,-0.73144,-0.04263,0.13526,-0.85361,-0.06887,0.15231,-0.96193,-0.08844,0.02341,-0.52329,-0.03207,0.03029,-0.73963,-0.06036,0.03407,-0.87663,-0.08321,0.03458,-0.99940,-0.09863,-0.03749,-0.48520,-0.05582,-0.06872,-0.65169,-0.07131,-0.09138,-0.76008,-0.08000,-0.11305,-0.86305,-0.08718
F,-0.00000,0.00000,0.00000,0.09405,-0.06716,-0.01874,0.16677,-0.20999,-0.03545,0.22094,-0.31438,-0.05926,0.23600,-0.41179,-0.07884,0.13185,-0.47207,0.00542,0.17391,-0.63205,-0.04598,0.20524,-0.57203,-0.08961,0.21746,-0.49442,-0.11301,0.08577,-0.52377,-0.01047,0.12519,-0.72779,-0.04033,0.16036,-0.84621,-0.06938,0.18894,-0.94908,-0.09133,0.02816,-0.52435,-0.03605,0.04333,-0.73895,-0.06283,0.05397,-0.87590,-0.08707,0.06010,-0.99819,-0.10432,-0.03025,-0.48478,-0.06488,-0.05764,-0.65579,-0.07933,-0.07816,-0.76809,-0.08798,-0.09702,-0.87446,-0.09583
F,-0.00000,0.00000,0.00000,0.09896,-0.07770,-0.01799,0.17647,-0.22106,-0.03607,0.23116,-0.31643,-0.06126,0.25118,-0.40879,-0.08324,0.13157,-0.47713,0.00090,0.18130,-0.62782,-0.05113,0.21812,-0.56392,-0.09501,0.23353,-0.48476,-0.11923,0.08848,-0.52531,-0.01739,0.13387,-0.73163,-0.05282,0.17777,-0.84809,-0.08541,0.21141,-0.94621,-0.10901,0.03438,-0.51875,-0.04439,0.05729,-0.73801,-0.07605,0.07640,-0.87572,-0.10208,0.08692,-0.99622,-0.11985,-0.02087,-0.47143,-0.07426,-0.04216,-0.64741,-0.09272,-0.05880,-0.76597,-0.10254,-0.07685,-0.87864,-0.11086
F,-0.00000,0.00000,0.00000,0.09979,-0.08445,-0.01640,0.17853,-0.22821,-0.03449,0.23250,-0.32070,-0.05956,0.26131,-0.41526,-0.08183,0.12615,-0.47834,-0.00272,0.17847,-0.63298,-0.05228,0.22503,-0.56859,-0.09336,0.24861,-0.49088,-0.11601,0.08727,-0.51914,-0.02162,0.13653,-0.73041,-0.05756,0.18546,-0.84489,-0.08981,0.22181,-0.94333,-0.11265,0.03810,-0.50993,-0.04825,0.06612,-0.73414,-0.08014,0.09194,-0.87324,-0.10607,0.10778,-0.99417,-0.12342,-0.01354,-0.46312,-0.07730,-0.02805,-0.64288,-0.09538,-0.03810,-0.76370,-0.10452,-0.04903,-0.87645,-0.11212
F,-0.00000,0.00000,0.00000,0.10280,-0.08975,-0.01213,0.17976,-0.23520,-0.02882,0.23445,-0.32302,-0.05338,0.26864,-0.41141,-0.07603,0.12677,-0.47886,0.00163,0.18595,-0.62563,-0.04708,0.23162,-0.56488,-0.08875,0.25133,-0.48857,-0.11218,0.09078,-0.51748,-0.01970,0.14456,-0.72913,-0.05462,0.19543,-0.84573,-0.08745,0.23230,-0.94021,-0.11111,0.04460,-0.50658,-0.04843,0.07507,-0.73262,-0.07860,0.10420,-0.87389,-0.10456,0.12178,-0.99256,-0.12279,-0.00277,-0.45921,-0.07947,-0.01495,-0.63571,-0.09651,-0.02303,-0.75732,-0.10580,-0.03342,-0.86922,-0.11429
F,-0.00000,0.00000,0.00000,0.10365,-0.09000,-0.01328,0.18092,-0.23722,-0.02979,0.23556,-0.32608,-0.05384,0.26976,-0.41555,-0.07567,0.12742,-0.47902,0.00132,0.18623,-0.63054,-0.04579,0.23248,-0.56969,-0.08580,0.25344,-0.49422,-0.10813,0.09302,-0.51804,-0.01908,0.14734,-0.73070,-0.05350,0.19989,-0.84656,-0.08582,0.23725,-0.94109,-0.10902,0.04908,-0.50673,-0.04696,0.07832,-0.73068,-0.07705,0.10821,-0.87223,-0.10331,0.12563,-0.99208,-0.12158,0.00341,-0.45992,-0.07715,-0.00942,-0.63934,-0.09379,-0.01700,-0.76291,-0.10311,-0.02693,-0.87730,-0.11172
F,-0.00000,0.00000,0.00000,0.10371,-0.08877,-0.01349,0.18056,-0.23670,-0.02996,0.23501,-0.32653,-0.05385,0.26887,-0.41779,-0.07539,0.12706,-0.47867,0.00155,0.18686,-0.62866,-0.04676,0.23308,-0.56784,-0.08784,0.25371,-0.49315,-0.11063,0.09322,-0.51746,-0.01871,0.14792,-0.73119,-0.05420,0.20007,-0.84669,-0.08724,0.23738,-0.94002,-0.11052,0.04945,-0.50665,-0.04655,0.07931,-0.72987,-0.07732,0.10856,-0.87191,-0.10421,0.12558,-0.99208,-0.12250,0.00385,-0.46073,-0.07671,-0.00864,-0.64070,-0.09339,-0.01615,-0.76368,-0.10286,-0.02602,-0.87785,-0.11143
F,-0.00000,0.00000,0.00000,0.10456,-0.09012,-0.01333,0.18303,-0.23895,-0.02960,0.23854,-0.32963,-0.05321,0.27162,-0.42157,-0.07444,0.12811,-0.48034,0.00163,0.18807,-0.62845,-0.04625,0.23430,-0.56696,-0.08693,0.25479,-0.49086,-0.10964,0.09396,-0.51975,-0.01849,0.14915,-0.73102,-0.05367,0.20154,-0.84617,-0.08603,0.23901,-0.94044,-0.10900,0.04982,-0.50867,-0.04618,0.07991,-0.73190,-0.07668,0.10904,-0.87240,-0.10249,0.12621,-0.99200,-0.12021,0.00431,-0.46102,-0.07619,-0.00762,-0.63900,-0.09284,-0.01550,-0.76058,-0.10180,-0.02596,-0.87410,-0.10999
F,-0.00000,0.00000,0.00000,0.10420,-0.09011,-0.01284,0.18279,-0.24036,-0.02845,0.23772,-0.33115,-0.05160,0.27029,-0.42162,-0.07219,0.12712,-0.48159,0.00314,0.18700,-0.62905,-0.04505,0.23290,-0.56488,-0.08597,0.25239,-0.48737,-0.10879,0.09206,-0.52072,-0.01758,0.14664,-0.73312,-0.05354,0.19899,-0.84821,-0.08661,0.23627,-0.94191,-0.10976,0.04710,-0.51005,-0.04593,0.07737,-0.73376,-0.07701,0.10584,-0.87344,-0.10306,0.12195,-0.99254,-0.12064,0.00035,-0.46315,-0.07662,-0.01159,-0.64247,-0.09335,-0.02019,-0.76413,-0.10235,-0.03141,-0.87752,-0.11046
F,-0.00000,0.00000,0.00000,0.10578,-0.09591,-0.01313,0.18468,-0.24224,-0.03016,0.24066,-0.33007,-0.05497,0.27272,-0.41807,-0.07748,0.12596,-0.47927,0.00198,0.18481,-0.62151,-0.04847,0.23085,-0.55490,-0.09113,0.25156,-0.47615,-0.11498,0.08966,-0.51894,-0.01888,0.14448,-0.73089,-0.05585,0.19737,-0.84647,-0.08919,0.23594,-0.94214,-0.11274,0.04300,-0.50943,-0.04751,0.07655,-0.73341,-0.07952,0.10666,-0.87250,-0.10508,0.12386,-0.99230,-0.12240,-0.00550,-0.46273,-0.07859,-0.01633,-0.64072,-0.09575,-0.02326,-0.76191,-0.10425,-0.03258,-0.87417,-0.11188
F,-0.00000,0.00000,0.00000,0.10518,-0.09306,-0.01273,0.18415,-0.24327,-0.02930,0.24029,-0.33225,-0.05367,0.27066,-0.42219,-0.07536,0.12054,-0.48489,0.00319,0.18104,-0.62647,-0.04772,0.22902,-0.55539,-0.09081,0.25114,-0.47427,-0.11482,0.08501,-0.52165,-0.01798,0.14063,-0.73383,-0.05487,0.19356,-0.84684,-0.08806,0.23245,-0.94150,-0.11114,0.03932,-0.50951,-0.04709,0.07555,-0.73280,-0.07840,0.10787,-0.87139,-0.10320,0.12660,-0.99195,-0.11992,-0.00783,-0.46089,-0.07878,-0.01679,-0.64000,-0.09535,-0.02208,-0.76156,-0.10340,-0.03033,-0.87461,-0.11053
F,-0.00000,0.00000,0.00000,0.10670,-0.09298,-0.01257,0.18544,-0.24512,-0.02885,0.24187,-0.33477,-0.05323,0.27300,-0.42395,-0.07457,0.12033,-0.48810,0.00584,0.18189,-0.62939,-0.04568,0.23058,-0.55344,-0.08877,0.25247,-0.47014,-0.11240,0.08542,-0.52394,-0.01562,0.14162,-0.73728,-0.05279,0.19499,-0.84950,-0.08523,0.23382,-0.94557,-0.10737,0.04021,-0.51111,-0.04545,0.07738,-0.73334,-0.07664,0.10964,-0.87045,-0.10007,0.12784,-0.99179,-0.11561,-0.00697,-0.46246,-0.07805,-0.01444,-0.64137,-0.09383,-0.01949,-0.76128,-0.10071,-0.02791,-0.87448,-0.10692
F,-0.00000,0.00000,0.00000,0.10644,-0.09779,-0.01313,0.18471,-0.24724,-0.02997,0.24194,-0.33521,-0.05514,0.27311,-0.42548,-0.07714,0.12007,-0.48605,0.00695,0.18080,-0.62775,-0.04545,0.22967,-0.55130,-0.08920,0.25154,-0.46761,-0.11295,0.08545,-0.52261,-0.01403,0.13968,-0.73454,-0.05141,0.19265,-0.84641,-0.08403,0.23066,-0.94293,-0.10627,0.04021,-0.51247,-0.04369,0.07564,-0.73716,-0.07502,0.10790,-0.87235,-0.09836,0.12579,-0.99206,-0.11366,-0.00695,-0.46729,-0.07624,-0.01557,-0.64646,-0.09159,-0.02188,-0.76551,-0.09838,-0.03151,-0.87795,-0.10448
F,-0.00000,0.00000,0.00000,0.10118,-0.08998,-0.01406,0.18097,-0.24110,-0.03106,0.23837,-0.33105,-0.05579,0.26660,-0.42045,-0.07739,0.11627,-0.48413,0.00137,0.17423,-0.62872,-0.05116,0.22325,-0.55203,-0.09402,0.24560,-0.46819,-0.11697,0.08065,-0.51969,-0.01942,0.13375,-0.73320,-0.05759,0.18506,-0.84699,-0.08995,0.22229,-0.94510,-0.11158,0.03383,-0.50727,-0.04845,0.06695,-0.73163,-0.08132,0.09620,-0.87007,-0.10624,0.11269,-0.99363,-0.12202,-0.01552,-0.45883,-0.08004,-0.02732,-0.64199,-0.09807,-0.03528,-0.76552,-0.10672,-0.04554,-0.88254,-0.11346
F,-0.00000,0.00000,0.00000,0.10558,-0.07939,-0.01749,0.19170,-0.22033,-0.03486,0.25263,-0.30945,-0.05936,0.26825,-0.39775,-0.08006,0.12911,-0.47872,0.00259,0.18598,-0.61562,-0.04941,0.22724,-0.53937,-0.09371,0.24402,-0.45454,-0.11846,0.09156,-0.52800,-0.01475,0.14727,-0.72195,-0.04933,0.19641,-0.83310,-0.08058,0.23378,-0.93388,-0.10367,0.04085,-0.52563,-0.04105,0.06960,-0.74684,-0.07197,0.09129,-0.87735,-0.09560,0.10320,-0.99466,-0.11156,-0.01164,-0.48209,-0.07036,-0.02667,-0.66362,-0.08802,-0.03821,-0.78279,-0.09642,-0.05142,-0.89948,-0.10336
F,-0.00000,0.00000,0.00000,0.10485,-0.07519,-0.02265,0.18987,-0.22322,-0.03977,0.25134,-0.32654,-0.06358,0.24147,-0.40292,-0.08164,0.14620,-0.46907,0.01147,0.19167,-0.60764,-0.04638,0.21707,-0.51826,-0.09468,0.22171,-0.41861,-0.12006,0.10092,-0.52517,-0.00282,0.14767,-0.72249,-0.03735,0.19195,-0.83360,-0.06789,0.22624,-0.93285,-0.08943,0.04297,-0.53207,-0.02851,0.06774,-0.74466,-0.05833,0.08599,-0.87464,-0.07937,0.09645,-0.99534,-0.09263,-0.01598,-0.49785,-0.05830,-0.02927,-0.67378,-0.07121,-0.04022,-0.78573,-0.07561,-0.05103,-0.89408,-0.07983
F,-0.00000,0.00000,0.00000,0.10402,-0.06500,-0.02468,0.18881,-0.21324,-0.04443,0.24739,-0.34041,-0.07154,0.21209,-0.42502,-0.09087,0.14436,-0.47530,0.02323,0.17823,-0.61609,-0.03779,0.18528,-0.52426,-0.08935,0.17469,-0.42355,-0.11594,0.09700,-0.53105,0.01046,0.14257,-0.72781,-0.02063,0.18241,-0.84248,-0.04783,0.21474,-0.94944,-0.06705,0.03712,-0.53606,-0.01597,0.05688,-0.74929,-0.04308,0.06893,-0.87721,-0.05795,0.07525,-0.99717,-0.06691,-0.02492,-0.49635,-0.04747,-0.03737,-0.66713,-0.05724,-0.04583,-0.77178,-0.05739,-0.05525,-0.87551,-0.05811
F,-0.00000,0.00000,0.00000,0.10064,-0.06610,-0.02668,0.18522,-0.21031,-0.04602,0.23210,-0.34197,-0.07224,0.19444,-0.42415,-0.09158,0.14180,-0.48556,0.02352,0.16668,-0.61971,-0.02213,0.16491,-0.55022,-0.06581,0.15129,-0.47392,-0.09257,0.09298,-0.54338,0.01143,0.13610,-0.73884,-0.01333,0.17188,-0.85870,-0.04052,0.20081,-0.96704,-0.06280,0.03396,-0.54909,-0.01302,0.05116,-0.76231,-0.03848,0.06097,-0.88668,-0.05487,0.06688,-0.99776,-0.06668,-0.03059,-0.51043,-0.04250,-0.04796,-0.67707,-0.05382,-0.05735,-0.78388,-0.05599,-0.06473,-0.88856,-0.05964
F,-0.00000,0.00000,0.00000,0.10179,-0.06619,-0.02486,0.18453,-0.22082,-0.04160,0.22267,-0.35878,-0.06593,0.18145,-0.42828,-0.08369,0.14624,-0.48643,0.02776,0.17249,-0.62494,-0.01351,0.17366,-0.55223,-0.05361,0.16341,-0.47749,-0.07847,0.09763,-0.54446,0.01470,0.13545,-0.74487,-0.00613,0.16897,-0.86353,-0.02971,0.19660,-0.97099,-0.04968,0.03995,-0.55303,-0.01077,0.05454,-0.76874,-0.03284,0.06492,-0.89021,-0.04725,0.07262,-0.99736,-0.05842,-0.02287,-0.51870,-0.04149,-0.03500,-0.68237,-0.04968,-0.04089,-0.78560,-0.05009,-0.04449,-0.88312,-0.05332
F,-0.00000,0.00000,0.00000,0.09699,-0.06662,-0.03446,0.17450,-0.23550,-0.05595,0.20587,-0.38019,-0.08044,0.15567,-0.45296,-0.10092,0.13639,-0.51200,0.00627,0.16188,-0.72076,-0.01889,0.17721,-0.85057,-0.04227,0.18432,-0.95759,-0.06287,0.08992,-0.54040,-0.00182,0.13357,-0.72768,-0.03922,0.16197,-0.79165,-0.06243,0.18286,-0.83080,-0.07276,0.03554,-0.53810,-0.01873,0.05629,-0.75502,-0.04678,0.07116,-0.88659,-0.05861,0.08264,-0.99658,-0.06462,-0.02073,-0.49935,-0.04113,-0.02725,-0.65618,-0.05703,-0.03105,-0.76370,-0.06260,-0.03631,-0.86176,-0.06681
F,-0.00000,0.00000,0.00000,0.09393,-0.06070,-0.03052,0.16636,-0.22537,-0.04698,0.18296,-0.37652,-0.06782,0.13181,-0.45149,-0.08328,0.14288,-0.48337,0.01857,0.15729,-0.63943,-0.00802,0.14628,-0.65656,-0.03654,0.12593,-0.67170,-0.05920,0.09436,-0.52728,0.00861,0.12725,-0.72644,-0.01381,0.15522,-0.85110,-0.03638,0.17789,-0.95604,-0.05342,0.03763,-0.53070,-0.01160,0.05614,-0.74608,-0.03506,0.06863,-0.88215,-0.05069,0.07846,-0.99692,-0.06190,-0.02369,-0.49505,-0.03716,-0.03036,-0.65124,-0.05097,-0.03127,-0.75701,-0.05632,-0.03297,-0.85348,-0.06206
F,-0.00000,0.00000,0.00000,0.09496,-0.05763,-0.02425,0.15619,-0.24420,-0.03408,0.15344,-0.40958,-0.05044,0.10113,-0.48987,-0.06052,0.14629,-0.46282,0.02741,0.16792,-0.57864,-0.01094,0.15629,-0.51362,-0.04537,0.13598,-0.44762,-0.06579,0.09804,-0.52833,0.01597,0.13081,-0.73788,-0.00185,0.14649,-0.85709,-0.01896,0.16023,-0.96379,-0.03291,0.04082,-0.54115,-0.00764,0.05793,-0.76053,-0.03196,0.06373,-0.88666,-0.04759,0.07076,-0.99749,-0.05841,-0.02551,-0.51089,-0.03596,-0.03278,-0.67054,-0.05208,-0.03634,-0.76962,-0.05786,-0.03690,-0.86102,-0.06333
F,-0.00000,0.00000,0.00000,0.08039,-0.06846,-0.05306,0.12997,-0.21259,-0.07820,0.10989,-0.34419,-0.10090,0.06059,-0.41258,-0.11932,0.11505,-0.48411,-0.02060,0.11778,-0.67566,-0.04771,0.11543,-0.80651,-0.07316,0.11143,-0.91456,-0.09531,0.07009,-0.51963,-0.01785,0.10241,-0.74097,-0.04557,0.11656,-0.88100,-0.06996,0.12449,-0.99222,-0.08860,0.01738,-0.50881,-0.02409,0.03562,-0.73069,-0.05691,0.04251,-0.86723,-0.08279,0.04884,-0.97619,-0.10010,-0.04707,-0.45836,-0.03587,-0.05403,-0.61842,-0.06610,-0.05439,-0.72231,-0.08540,-0.05301,-0.81393,-0.09882
F,-0.00000,0.00000,0.00000,0.05650,-0.06594,-0.07810,0.07505,-0.19969,-0.11271,0.03354,-0.29972,-0.13817,-0.03281,-0.35453,-0.15835,0.06016,-0.47106,-0.04533,0.05358,-0.63590,-0.07734,0.04235,-0.72585,-0.10387,0.02311,-0.80117,-0.12487,0.01795,-0.49951,-0.03149,0.03592,-0.73453,-0.05924,0.03808,-0.88058,-0.07713,0.02877,-0.99959,-0.08878,-0.02698,-0.47659,-0.02896,-0.02263,-0.68394,-0.07185,-0.01368,-0.79450,-0.09254,-0.01275,-0.89476,-0.10325,-0.07705,-0.41340,-0.03333,-0.07998,-0.51930,-0.07662,-0.06277,-0.53980,-0.08956,-0.05259,-0.56342,-0.09474
F,-0.00000,0.00000,0.00000,0.01206,-0.26741,-0.04881,-0.03949,-0.57434,-0.06920,-0.08387,-0.80240,-0.08642,-0.10246,-0.99474,-0.10118,-0.11006,-0.41389,-0.05783,-0.14787,-0.49568,-0.10157,-0.15351,-0.56167,-0.13286,-0.14255,-0.63905,-0.15769,-0.13485,-0.27477,-0.06170,-0.12730,-0.38484,-0.13137,-0.10863,-0.37900,-0.17070,-0.08490,-0.35121,-0.19235,-0.15418,-0.12594,-0.07027,-0.17095,-0.19128,-0.14925,-0.16622,-0.14156,-0.17154,-0.15348,-0.09791,-0.17336,-0.16867,0.02100,-0.07933,-0.22305,0.00916,-0.14057,-0.23459,0.03334,-0.15670,-0.23761,0.05477,-0.16065
F,-0.00000,0.00000,0.00000,-0.01587,0.04061,-0.18719,-0.05256,0.00288,-0.29066,-0.11457,-0.04679,-0.35729,-0.19313,-0.10784,-0.41224,-0.03096,-0.34515,-0.26739,-0.09454,-0.44004,-0.35950,-0.14302,-0.37376,-0.41004,-0.17834,-0.31211,-0.43725,-0.05475,-0.41189,-0.19394,-0.07171,-0.68090,-0.28110,-0.09173,-0.84789,-0.32486,-0.10315,-0.99467,-0.35388,-0.08313,-0.42461,-0.12735,-0.07698,-0.65361,-0.19443,-0.09248,-0.80116,-0.22041,-0.10376,-0.92747,-0.23580,-0.11537,-0.41904,-0.07384,-0.12709,-0.57041,-0.11784,-0.11637,-0.66381,-0.13604,-0.10556,-0.76559,-0.14895
F,-0.00000,0.00000,0.00000,-0.00943,0.04994,-0.17804,-0.04791,0.02435,-0.27577,-0.11001,-0.01680,-0.33853,-0.18049,-0.07334,-0.39149,-0.02373,-0.33298,-0.25021,-0.08440,-0.46035,-0.34219,-0.13350,-0.42021,-0.40047,-0.17466,-0.37568,-0.43293,-0.05556,-0.38090,-0.17770,-0.06494,-0.64264,-0.25982,-0.08349,-0.83134,-0.30672,-0.09393,-0.99558,-0.33814,-0.09053,-0.37687,-0.11216,-0.08880,-0.57324,-0.17021,-0.10053,-0.70323,-0.19533,-0.10290,-0.80506,-0.20981,-0.13086,-0.36355,-0.06005,-0.14220,-0.50069,-0.09811,-0.13591,-0.58761,-0.11665,-0.12828,-0.67901,-0.12896
F,-0.00000,0.00000,0.00000,-0.00277,0.03332,-0.17934,-0.03039,0.00134,-0.27867,-0.08439,-0.04908,-0.34547,-0.14904,-0.11264,-0.40023,-0.01135,-0.35811,-0.23555,-0.07410,-0.45160,-0.33027,-0.11785,-0.39013,-0.38891,-0.15034,-0.33403,-0.41997,-0.04116,-0.41347,-0.16458,-0.04928,-0.66745,-0.24999,-0.06879,-0.84096,-0.29639,-0.08067,-0.99674,-0.32580,-0.07512,-0.41910,-0.10247,-0.06570,-0.62919,-0.16591,-0.07461,-0.75263,-0.18697,-0.07394,-0.85630,-0.19634,-0.11321,-0.41360,-0.05419,-0.11828,-0.56212,-0.09065,-0.10322,-0.65172,-0.10194,-0.08342,-0.74329,-0.10834
F,-0.00000,0.00000,0.00000,0.01543,0.02347,-0.18284,0.00177,-0.02223,-0.28430,-0.04802,-0.08459,-0.35473,-0.12020,-0.15635,-0.41444,0.03051,-0.38044,-0.23272,-0.03574,-0.51723,-0.33058,-0.09174,-0.45235,-0.39179,-0.13442,-0.37662,-0.42529,-0.01341,-0.41354,-0.16547,-0.01594,-0.68037,-0.25042,-0.03757,-0.84467,-0.30208,-0.05194,-0.99865,-0.33777,-0.06671,-0.39298,-0.10898,-0.06047,-0.60785,-0.17756,-0.07215,-0.74666,-0.20977,-0.07138,-0.86873,-0.22996,-0.12439,-0.36349,-0.06658,-0.13923,-0.48528,-0.11091,-0.11930,-0.54175,-0.12839,-0.08862,-0.61096,-0.14106
F,0.00000,0.00000,0.00000,-0.00776,-0.27721,-0.10963,-0.03069,-0.55969,-0.17716,-0.02577,-0.78542,-0.22633,-0.03581,-0.99936,-0.27344,-0.09994,-0.31731,-0.23453,-0.11170,-0.38816,-0.32997,-0.08526,-0.42635,-0.39000,-0.06855,-0.45120,-0.42679,-0.05244,-0.08481,-0.21805,-0.05937,0.02084,-0.35430,-0.01741,0.10045,-0.43343,0.02366,0.16660,-0.48337,0.00633,0.08851,-0.19924,0.01292,0.15124,-0.32777,0.02353,0.09230,-0.39431,0.02424,0.05360,-0.42693,0.06173,0.19740,-0.18171,0.10614,0.16607,-0.26510,0.12047,0.08094,-0.29754,0.12646,0.00717,-0.31866
F,-0.00000,0.00000,0.00000,0.08176,-0.08584,-0.03968,0.12247,-0.25049,-0.04737,0.10707,-0.39323,-0.05468,0.08437,-0.48768,-0.05688,0.10606,-0.51783,0.01733,0.12108,-0.66597,0.00496,0.12280,-0.68645,-0.01575,0.11993,-0.70858,-0.03339,0.05391,-0.56563,0.01987,0.08546,-0.77941,0.01415,0.10287,-0.89552,-0.00430,0.12112,-0.98880,-0.02167,0.00207,-0.56310,0.01264,0.02240,-0.77916,-0.00342,0.03692,-0.89685,-0.02560,0.05400,-0.99854,-0.04242,-0.05760,-0.51678,0.00038,-0.06580,-0.66574,-0.01063,-0.06178,-0.75825,-0.01855,-0.05429,-0.84702,-0.02670
F,-0.00000,0.00000,0.00000,0.09675,-0.07524,-0.02173,0.16814,-0.22825,-0.03796,0.20172,-0.34728,-0.06180,0.18033,-0.40436,-0.07928,0.13077,-0.48405,0.01987,0.15371,-0.63038,-0.03146,0.15390,-0.54111,-0.07683,0.14476,-0.43836,-0.10172,0.07923,-0.53770,0.00615,0.11630,-0.74269,-0.02188,0.15278,-0.86143,-0.05109,0.18561,-0.96593,-0.07294,0.01804,-0.54014,-0.01892,0.03963,-0.75877,-0.04350,0.05379,-0.88564,-0.06059,0.06373,-0.99797,-0.07241,-0.04672,-0.49897,-0.04859,-0.05889,-0.65805,-0.05511,-0.06387,-0.75841,-0.05459,-0.06905,-0.85316,-0.05634
F,-0.00000,0.00000,0.00000,0.09603,-0.08222,-0.02717,0.17158,-0.22890,-0.04845,0.21766,-0.34289,-0.07589,0.19567,-0.42600,-0.09722,0.11913,-0.47686,0.00677,0.15557,-0.62671,-0.04852,0.17275,-0.54981,-0.09539,0.17134,-0.45640,-0.12098,0.07163,-0.52876,-0.00440,0.11688,-0.72404,-0.03642,0.15887,-0.83832,-0.06709,0.19198,-0.93284,-0.08988,0.01273,-0.52971,-0.02670,0.03890,-0.74661,-0.05489,0.05923,-0.88012,-0.07500,0.07139,-0.99745,-0.08894,-0.04614,-0.48765,-0.05350,-0.06098,-0.64920,-0.06553,-0.07125,-0.75183,-0.06997,-0.08155,-0.84822,-0.07488
F,-0.00000,0.00000,0.00000,0.09454,-0.07762,-0.01905,0.16662,-0.22563,-0.03544,0.22084,-0.32785,-0.05896,0.22361,-0.40602,-0.07735,0.12327,-0.48385,0.01013,0.16070,-0.63375,-0.04371,0.18486,-0.55607,-0.08944,0.18821,-0.46453,-0.11415,0.07649,-0.53542,-0.00467,0.12119,-0.73343,-0.03583,0.16760,-0.84349,-0.06445,0.20485,-0.93428,-0.08509,0.01777,-0.53482,-0.02959,0.03801,-0.75086,-0.05513,0.05754,-0.88141,-0.07405,0.06978,-0.99756,-0.08712,-0.04082,-0.49078,-0.05836,-0.06003,-0.65379,-0.06931,-0.07066,-0.75981,-0.07338,-0.08114,-0.86181,-0.07777
F,-0.00000,0.00000,0.00000,0.09690,-0.07451,-0.01647,0.17069,-0.22234,-0.03110,0.22751,-0.32349,-0.05292,0.23253,-0.40105,-0.07056,0.12437,-0.47351,0.01051,0.16412,-0.62673,-0.04108,0.19198,-0.57247,-0.08593,0.19964,-0.49393,-0.11088,0.07967,-0.52842,-0.00553,0.12503,-0.73083,-0.03757,0.17363,-0.84123,-0.06723,0.21311,-0.92555,-0.08817,0.02288,-0.52995,-0.03092,0.04118,-0.74834,-0.05655,0.05900,-0.88154,-0.07618,0.06924,-0.99760,-0.08981,-0.03380,-0.48749,-0.05984,-0.05409,-0.65194,-0.07245,-0.06604,-0.76130,-0.07785,-0.07809,-0.86685,-0.08312
F,-0.00000,0.00000,0.00000,0.09679,-0.07624,-0.01391,0.17124,-0.22697,-0.02626,0.22739,-0.32429,-0.04580,0.23940,-0.39591,-0.06166,0.12612,-0.47598,0.01188,0.17064,-0.62344,-0.03877,0.20018,-0.56515,-0.08293,0.20715,-0.48295,-0.10739,0.08200,-0.52936,-0.00520,0.12879,-0.73164,-0.03817,0.17832,-0.83998,-0.06869,0.21701,-0.92163,-0.08985,0.02609,-0.53010,-0.03127,0.04487,-0.75007,-0.05788,0.06183,-0.88287,-0.07942,0.06979,-0.99756,-0.09409,-0.02992,-0.48738,-0.06040,-0.05209,-0.65355,-0.07316,-0.06620,-0.76321,-0.07925,-0.08088,-0.86840,-0.08522
F,-0.00000,0.00000,0.00000,0.09917,-0.07698,-0.01540,0.17517,-0.22695,-0.02910,0.23227,-0.32005,-0.04959,0.24407,-0.39006,-0.06628,0.12586,-0.47756,0.00703,0.17293,-0.62285,-0.04402,0.20639,-0.55405,-0.08737,0.21504,-0.46452,-0.11132,0.08205,-0.52930,-0.00969,0.12966,-0.73534,-0.04603,0.18140,-0.84032,-0.07755,0.22090,-0.91990,-0.09877,0.02703,-0.52836,-0.03501,0.04454,-0.75115,-0.06437,0.06267,-0.88352,-0.08660,0.07107,-0.99747,-0.10105,-0.02795,-0.48475,-0.06325,-0.05044,-0.65510,-0.07774,-0.06509,-0.76624,-0.08439,-0.08081,-0.87312,-0.09047
